group,sample_id,query_position,intervention,query_ce,correct
B,0,112,baseline,1.3393841981887817,True
B,0,118,baseline,0.08766444027423859,True
B,0,174,baseline,5.060243606567383,False
B,0,458,baseline,0.07208270579576492,True
B,0,112,joint_oracle_injected,0.043486591428518295,True
B,0,118,joint_oracle_injected,0.03631589189171791,True
B,0,174,joint_oracle_injected,0.06613656133413315,True
B,0,458,joint_oracle_injected,0.03322761878371239,True
B,1,72,baseline,7.688926696777344,False
B,1,78,baseline,0.06256643682718277,True
B,1,84,baseline,0.7488666772842407,True
B,1,288,baseline,5.032013416290283,False
B,1,72,joint_oracle_injected,0.18804492056369781,True
B,1,78,joint_oracle_injected,0.25865352153778076,True
B,1,84,joint_oracle_injected,0.06843715161085129,True
B,1,288,joint_oracle_injected,0.06737244129180908,True
B,2,82,baseline,4.867046356201172,False
B,2,154,baseline,0.03906569257378578,True
B,2,256,baseline,6.544319152832031,False
B,2,456,baseline,0.030947696417570114,True
B,2,82,joint_oracle_injected,0.07810571789741516,True
B,2,154,joint_oracle_injected,0.01760241389274597,True
B,2,256,joint_oracle_injected,0.2718328833580017,True
B,2,456,joint_oracle_injected,0.06813419610261917,True
B,3,80,baseline,0.07000359147787094,True
B,3,110,baseline,0.029050558805465698,True
B,3,272,baseline,4.645423889160156,False
B,3,336,baseline,0.207902729511261,True
B,3,80,joint_oracle_injected,0.07000359147787094,True
B,3,110,joint_oracle_injected,0.024670260027050972,True
B,3,272,joint_oracle_injected,0.08436202257871628,True
B,3,336,joint_oracle_injected,0.18542377650737762,True
B,4,124,baseline,3.2212984561920166,False
B,4,152,baseline,0.005493899807333946,True
B,4,296,baseline,6.248101234436035,False
B,4,400,baseline,14.59990119934082,False
B,4,124,joint_oracle_injected,0.04142076149582863,True
B,4,152,joint_oracle_injected,0.005493899807333946,True
B,4,296,joint_oracle_injected,0.05062652379274368,True
B,4,400,joint_oracle_injected,14.458215713500977,False
B,5,76,baseline,0.034498944878578186,True
B,5,144,baseline,0.16027335822582245,True
B,5,246,baseline,5.549343585968018,False
B,5,250,baseline,6.14564323425293,False
B,5,76,joint_oracle_injected,0.034498944878578186,True
B,5,144,joint_oracle_injected,0.03774391487240791,True
B,5,246,joint_oracle_injected,0.07580209523439407,True
B,5,250,joint_oracle_injected,0.08944669365882874,True
B,6,82,baseline,0.22503679990768433,True
B,6,88,baseline,0.08424685895442963,True
B,6,102,baseline,0.07875026762485504,True
B,6,262,baseline,0.026746461167931557,True
B,6,82,joint_oracle_injected,0.22503679990768433,True
B,6,88,joint_oracle_injected,0.05279772728681564,True
B,6,102,joint_oracle_injected,0.07875026762485504,True
B,6,262,joint_oracle_injected,0.026746345683932304,True
B,7,74,baseline,0.15857979655265808,True
B,7,100,baseline,6.353431224822998,False
B,7,102,baseline,0.08014540374279022,True
B,7,146,baseline,0.018376924097537994,True
B,7,74,joint_oracle_injected,0.18530383706092834,True
B,7,100,joint_oracle_injected,0.022135218605399132,True
B,7,102,joint_oracle_injected,0.08014551550149918,True
B,7,146,joint_oracle_injected,0.03436914458870888,True
B,8,88,baseline,0.643165111541748,True
B,8,104,baseline,5.794672966003418,False
B,8,124,baseline,0.014513988047838211,True
B,8,270,baseline,7.0955963134765625,False
B,8,88,joint_oracle_injected,0.643165111541748,True
B,8,104,joint_oracle_injected,0.167109414935112,True
B,8,124,joint_oracle_injected,0.014330684207379818,True
B,8,270,joint_oracle_injected,0.10011404752731323,True
B,9,84,baseline,0.15839901566505432,True
B,9,108,baseline,6.150688648223877,False
B,9,152,baseline,0.04511900991201401,True
B,9,390,baseline,5.703250885009766,False
B,9,84,joint_oracle_injected,0.1728583425283432,True
B,9,108,joint_oracle_injected,0.10925044864416122,True
B,9,152,joint_oracle_injected,0.012500271201133728,True
B,9,390,joint_oracle_injected,0.37001892924308777,True
B,10,68,baseline,8.233546257019043,False
B,10,92,baseline,0.0114004360511899,True
B,10,94,baseline,0.065668486058712,True
B,10,152,baseline,0.09690438210964203,True
B,10,68,joint_oracle_injected,0.0867154449224472,True
B,10,92,joint_oracle_injected,0.011400317773222923,True
B,10,94,joint_oracle_injected,0.06566837430000305,True
B,10,152,joint_oracle_injected,0.053916580975055695,True
B,11,134,baseline,0.04224047437310219,True
B,11,154,baseline,0.01449424959719181,True
B,11,184,baseline,0.24840690195560455,True
B,11,366,baseline,9.274754524230957,False
B,11,134,joint_oracle_injected,0.04224047437310219,True
B,11,154,joint_oracle_injected,0.015957269817590714,True
B,11,184,joint_oracle_injected,0.07553452253341675,True
B,11,366,joint_oracle_injected,0.8268155455589294,True
B,12,80,baseline,0.1321340948343277,True
B,12,170,baseline,4.342912673950195,False
B,12,184,baseline,0.5085761547088623,True
B,12,426,baseline,0.20656313002109528,True
B,12,80,joint_oracle_injected,0.11680599302053452,True
B,12,170,joint_oracle_injected,0.030957983806729317,True
B,12,184,joint_oracle_injected,0.4712303876876831,True
B,12,426,joint_oracle_injected,0.20656341314315796,True
B,13,92,baseline,0.03645532578229904,True
B,13,96,baseline,0.03906603530049324,True
B,13,270,baseline,6.479413032531738,False
B,13,356,baseline,6.964766502380371,False
B,13,92,joint_oracle_injected,0.055608298629522324,True
B,13,96,joint_oracle_injected,0.03906603530049324,True
B,13,270,joint_oracle_injected,0.06716904044151306,True
B,13,356,joint_oracle_injected,0.03609928861260414,True
B,14,68,baseline,0.021561384201049805,True
B,14,76,baseline,5.6235456466674805,False
B,14,228,baseline,0.2141207903623581,True
B,14,430,baseline,0.12609601020812988,True
B,14,68,joint_oracle_injected,0.021561384201049805,True
B,14,76,joint_oracle_injected,0.07049974799156189,True
B,14,228,joint_oracle_injected,0.15653716027736664,True
B,14,430,joint_oracle_injected,0.052527885884046555,True
B,15,76,baseline,0.307314395904541,True
B,15,108,baseline,0.04031897708773613,True
B,15,280,baseline,0.034160066395998,True
B,15,500,baseline,0.05667490139603615,True
B,15,76,joint_oracle_injected,0.307314395904541,True
B,15,108,joint_oracle_injected,0.04031897708773613,True
B,15,280,joint_oracle_injected,0.016818160191178322,True
B,15,500,joint_oracle_injected,0.03370640054345131,True
B,16,80,baseline,0.045057132840156555,True
B,16,136,baseline,0.19058403372764587,True
B,16,146,baseline,6.040504455566406,False
B,16,252,baseline,5.077393054962158,False
B,16,80,joint_oracle_injected,0.045057132840156555,True
B,16,136,joint_oracle_injected,3.584110736846924,False
B,16,146,joint_oracle_injected,0.16020409762859344,True
B,16,252,joint_oracle_injected,0.9569733142852783,True
B,17,70,baseline,0.11847749352455139,True
B,17,76,baseline,5.268392086029053,False
B,17,148,baseline,0.07837546616792679,True
B,17,190,baseline,0.19659341871738434,True
B,17,70,joint_oracle_injected,0.04980594664812088,True
B,17,76,joint_oracle_injected,0.07123003900051117,True
B,17,148,joint_oracle_injected,0.04404718801379204,True
B,17,190,joint_oracle_injected,0.07931225746870041,True
B,18,78,baseline,3.4841370582580566,False
B,18,80,baseline,0.06540265679359436,True
B,18,96,baseline,5.514596462249756,False
B,18,128,baseline,7.660989761352539,False
B,18,78,joint_oracle_injected,0.17318882048130035,True
B,18,80,joint_oracle_injected,0.06540265679359436,True
B,18,96,joint_oracle_injected,0.16462235152721405,True
B,18,128,joint_oracle_injected,0.03474847972393036,True
B,19,98,baseline,6.726569175720215,False
B,19,128,baseline,5.793895721435547,False
B,19,226,baseline,6.842731475830078,False
B,19,410,baseline,0.026514308527112007,True
B,19,98,joint_oracle_injected,0.10849373042583466,True
B,19,128,joint_oracle_injected,0.06674081087112427,True
B,19,226,joint_oracle_injected,0.36832737922668457,True
B,19,410,joint_oracle_injected,0.026514308527112007,True
B,20,66,baseline,0.06327658146619797,True
B,20,68,baseline,0.06658724695444107,True
B,20,154,baseline,0.052527546882629395,True
B,20,328,baseline,0.22044692933559418,True
B,20,66,joint_oracle_injected,1.3262028694152832,True
B,20,68,joint_oracle_injected,0.06658724695444107,True
B,20,154,joint_oracle_injected,0.052527546882629395,True
B,20,328,joint_oracle_injected,0.11518801003694534,True
B,21,74,baseline,0.048186738044023514,True
B,21,84,baseline,12.326541900634766,False
B,21,86,baseline,0.43704044818878174,True
B,21,408,baseline,0.018557265400886536,True
B,21,74,joint_oracle_injected,0.048186738044023514,True
B,21,84,joint_oracle_injected,3.4150092601776123,False
B,21,86,joint_oracle_injected,0.43704044818878174,True
B,21,408,joint_oracle_injected,0.01784788817167282,True
B,22,118,baseline,0.06072716414928436,True
B,22,160,baseline,7.382624626159668,False
B,22,176,baseline,6.763686180114746,False
B,22,422,baseline,5.875817775726318,False
B,22,118,joint_oracle_injected,0.15041279792785645,True
B,22,160,joint_oracle_injected,0.13019604980945587,True
B,22,176,joint_oracle_injected,0.08728226274251938,True
B,22,422,joint_oracle_injected,0.08842988312244415,True
B,23,90,baseline,0.050079017877578735,True
B,23,130,baseline,5.006587028503418,False
B,23,180,baseline,4.97691011428833,False
B,23,466,baseline,6.6800456047058105,False
B,23,90,joint_oracle_injected,0.056940700858831406,True
B,23,130,joint_oracle_injected,0.027448397129774094,True
B,23,180,joint_oracle_injected,0.10308518260717392,True
B,23,466,joint_oracle_injected,3.8471052646636963,False
B,24,98,baseline,6.883742332458496,False
B,24,110,baseline,0.02901304140686989,True
B,24,206,baseline,0.05741681903600693,True
B,24,214,baseline,0.03534448891878128,True
B,24,98,joint_oracle_injected,0.05195550248026848,True
B,24,110,joint_oracle_injected,0.02726953662931919,True
B,24,206,joint_oracle_injected,0.6509914398193359,True
B,24,214,joint_oracle_injected,0.02372274361550808,True
B,25,80,baseline,0.11530911177396774,True
B,25,98,baseline,0.032205648720264435,True
B,25,108,baseline,0.06320361793041229,True
B,25,116,baseline,0.02390456758439541,True
B,25,80,joint_oracle_injected,0.11530953645706177,True
B,25,98,joint_oracle_injected,0.03220576420426369,True
B,25,108,joint_oracle_injected,0.06320361793041229,True
B,25,116,joint_oracle_injected,0.03838781267404556,True
B,26,70,baseline,0.09487423300743103,True
B,26,120,baseline,0.18264658749103546,True
B,26,174,baseline,0.07982935756444931,True
B,26,288,baseline,0.5632044076919556,True
B,26,70,joint_oracle_injected,0.04535360261797905,True
B,26,120,joint_oracle_injected,0.22153779864311218,True
B,26,174,joint_oracle_injected,0.012023239396512508,True
B,26,288,joint_oracle_injected,0.2264350801706314,True
B,27,68,baseline,5.473668098449707,False
B,27,136,baseline,0.4188295900821686,True
B,27,178,baseline,0.15649209916591644,True
B,27,208,baseline,6.800536155700684,False
B,27,68,joint_oracle_injected,0.10994327813386917,True
B,27,136,joint_oracle_injected,0.04982567951083183,True
B,27,178,joint_oracle_injected,0.0574096143245697,True
B,27,208,joint_oracle_injected,0.043820615857839584,True
B,28,86,baseline,0.08647012710571289,True
B,28,90,baseline,0.040807995945215225,True
B,28,162,baseline,0.016865283250808716,True
B,28,206,baseline,4.4424543380737305,False
B,28,86,joint_oracle_injected,0.08647023886442184,True
B,28,90,joint_oracle_injected,0.49753040075302124,True
B,28,162,joint_oracle_injected,0.016865283250808716,True
B,28,206,joint_oracle_injected,0.13757291436195374,True
B,29,78,baseline,5.3430938720703125,False
B,29,110,baseline,0.2066781222820282,True
B,29,266,baseline,8.594831466674805,False
B,29,464,baseline,6.838507652282715,False
B,29,78,joint_oracle_injected,0.07985290884971619,True
B,29,110,joint_oracle_injected,0.2066781222820282,True
B,29,266,joint_oracle_injected,0.04679528996348381,True
B,29,464,joint_oracle_injected,0.3000359833240509,True
B,30,84,baseline,3.4370005130767822,False
B,30,172,baseline,6.2627458572387695,False
B,30,212,baseline,0.36475539207458496,True
B,30,310,baseline,0.02680843695998192,True
B,30,84,joint_oracle_injected,0.15645897388458252,True
B,30,172,joint_oracle_injected,0.02867588959634304,True
B,30,212,joint_oracle_injected,0.08090662211179733,True
B,30,310,joint_oracle_injected,0.017943670973181725,True
B,31,108,baseline,5.6494951248168945,False
B,31,110,baseline,5.190738677978516,False
B,31,114,baseline,0.04506704583764076,True
B,31,244,baseline,0.07674095779657364,True
B,31,108,joint_oracle_injected,0.2320324182510376,True
B,31,110,joint_oracle_injected,0.0679883062839508,True
B,31,114,joint_oracle_injected,0.02745361626148224,True
B,31,244,joint_oracle_injected,0.07674095779657364,True
B,32,78,baseline,8.884946823120117,False
B,32,88,baseline,0.8487421274185181,True
B,32,146,baseline,0.448169469833374,True
B,32,400,baseline,0.3055521845817566,True
B,32,78,joint_oracle_injected,2.8580520153045654,True
B,32,88,joint_oracle_injected,0.1353893131017685,True
B,32,146,joint_oracle_injected,0.16011309623718262,True
B,32,400,joint_oracle_injected,0.1050654798746109,True
B,33,206,baseline,8.003458023071289,False
B,33,268,baseline,0.04423105716705322,True
B,33,308,baseline,0.030100278556346893,True
B,33,318,baseline,0.03870381787419319,True
B,33,206,joint_oracle_injected,0.04029664769768715,True
B,33,268,joint_oracle_injected,0.04767562821507454,True
B,33,308,joint_oracle_injected,0.030100278556346893,True
B,33,318,joint_oracle_injected,0.03870381787419319,True
B,34,70,baseline,10.45745849609375,False
B,34,78,baseline,0.2113078236579895,True
B,34,172,baseline,7.955878257751465,False
B,34,190,baseline,1.9622771739959717,True
B,34,70,joint_oracle_injected,5.994754314422607,False
B,34,78,joint_oracle_injected,0.21130801737308502,True
B,34,172,joint_oracle_injected,0.5135080218315125,True
B,34,190,joint_oracle_injected,0.21488255262374878,True
B,35,64,baseline,0.07158000022172928,True
B,35,66,baseline,8.182645797729492,False
B,35,80,baseline,6.200067520141602,False
B,35,106,baseline,5.536689758300781,False
B,35,64,joint_oracle_injected,0.07158000022172928,True
B,35,66,joint_oracle_injected,0.0863645076751709,True
B,35,80,joint_oracle_injected,0.311259388923645,True
B,35,106,joint_oracle_injected,0.16523785889148712,True
B,36,74,baseline,4.260838508605957,False
B,36,82,baseline,6.265328407287598,False
B,36,122,baseline,0.1351480484008789,True
B,36,296,baseline,0.07831782102584839,True
B,36,74,joint_oracle_injected,0.15553778409957886,True
B,36,82,joint_oracle_injected,1.4362863302230835,True
B,36,122,joint_oracle_injected,0.1351480484008789,True
B,36,296,joint_oracle_injected,0.016944048926234245,True
B,37,100,baseline,0.07706626504659653,True
B,37,106,baseline,0.02575281448662281,True
B,37,116,baseline,9.521591186523438,False
B,37,336,baseline,0.0663040280342102,True
B,37,100,joint_oracle_injected,0.040347255766391754,True
B,37,106,joint_oracle_injected,0.02575281448662281,True
B,37,116,joint_oracle_injected,0.9003491997718811,True
B,37,336,joint_oracle_injected,11.477896690368652,False
B,38,68,baseline,0.029249129816889763,True
B,38,72,baseline,0.054321881383657455,True
B,38,178,baseline,4.453383445739746,False
B,38,206,baseline,7.7368245124816895,False
B,38,68,joint_oracle_injected,0.04582991823554039,True
B,38,72,joint_oracle_injected,0.054321881383657455,True
B,38,178,joint_oracle_injected,0.03059558942914009,True
B,38,206,joint_oracle_injected,0.06752889603376389,True
B,39,76,baseline,7.45897102355957,False
B,39,86,baseline,0.05370556190609932,True
B,39,106,baseline,0.024707823991775513,True
B,39,114,baseline,0.03648371621966362,True
B,39,76,joint_oracle_injected,0.6452616453170776,True
B,39,86,joint_oracle_injected,2.659426212310791,False
B,39,106,joint_oracle_injected,0.022621555253863335,True
B,39,114,joint_oracle_injected,0.03648371621966362,True
B,40,74,baseline,0.21966221928596497,True
B,40,100,baseline,0.042141277343034744,True
B,40,168,baseline,7.198251724243164,False
B,40,170,baseline,0.7572060823440552,True
B,40,74,joint_oracle_injected,0.21966230869293213,True
B,40,100,joint_oracle_injected,0.04857029393315315,True
B,40,168,joint_oracle_injected,0.1340790092945099,True
B,40,170,joint_oracle_injected,0.04712013527750969,True
B,41,84,baseline,0.03310826048254967,True
B,41,106,baseline,4.885562419891357,False
B,41,256,baseline,5.861703395843506,False
B,41,268,baseline,6.550520896911621,False
B,41,84,joint_oracle_injected,0.03310826048254967,True
B,41,106,joint_oracle_injected,0.2507149875164032,True
B,41,256,joint_oracle_injected,0.14415986835956573,True
B,41,268,joint_oracle_injected,0.05917106196284294,True
B,42,64,baseline,0.06802505999803543,True
B,42,86,baseline,0.0658423975110054,True
B,42,112,baseline,0.03203791379928589,True
B,42,320,baseline,5.07989501953125,False
B,42,64,joint_oracle_injected,0.06802505999803543,True
B,42,86,joint_oracle_injected,0.0658423975110054,True
B,42,112,joint_oracle_injected,0.11533991992473602,True
B,42,320,joint_oracle_injected,0.5134773254394531,True
B,43,68,baseline,0.038202524185180664,True
B,43,72,baseline,0.013132154941558838,True
B,43,144,baseline,2.627319812774658,True
B,43,458,baseline,0.1739644706249237,True
B,43,68,joint_oracle_injected,0.04420972615480423,True
B,43,72,joint_oracle_injected,0.01712253876030445,True
B,43,144,joint_oracle_injected,0.6258628964424133,True
B,43,458,joint_oracle_injected,0.16667510569095612,True
B,44,82,baseline,7.3162431716918945,False
B,44,104,baseline,0.24214185774326324,True
B,44,122,baseline,0.16236504912376404,True
B,44,146,baseline,0.06707807630300522,True
B,44,82,joint_oracle_injected,0.07461564987897873,True
B,44,104,joint_oracle_injected,0.24214166402816772,True
B,44,122,joint_oracle_injected,0.16236504912376404,True
B,44,146,joint_oracle_injected,0.06707807630300522,True
B,45,76,baseline,0.033634476363658905,True
B,45,168,baseline,0.16217713057994843,True
B,45,248,baseline,6.385384559631348,False
B,45,324,baseline,0.03917413949966431,True
B,45,76,joint_oracle_injected,0.033634476363658905,True
B,45,168,joint_oracle_injected,0.11179162561893463,True
B,45,248,joint_oracle_injected,0.1227823942899704,True
B,45,324,joint_oracle_injected,0.4912317991256714,True
B,46,68,baseline,5.359104156494141,False
B,46,76,baseline,0.08370748162269592,True
B,46,88,baseline,0.06056942045688629,True
B,46,96,baseline,0.279282808303833,True
B,46,68,joint_oracle_injected,0.25947675108909607,True
B,46,76,joint_oracle_injected,0.0837070420384407,True
B,46,88,joint_oracle_injected,1.1582165956497192,True
B,46,96,joint_oracle_injected,0.05508359894156456,True
B,47,70,baseline,5.531241416931152,False
B,47,88,baseline,8.606072425842285,False
B,47,144,baseline,0.500012993812561,True
B,47,338,baseline,8.33431625366211,False
B,47,70,joint_oracle_injected,0.7865720987319946,True
B,47,88,joint_oracle_injected,0.41094356775283813,True
B,47,144,joint_oracle_injected,0.0664326548576355,True
B,47,338,joint_oracle_injected,0.09309098869562149,True
B,48,66,baseline,0.007344507612287998,True
B,48,158,baseline,9.056239128112793,False
B,48,230,baseline,0.06746593862771988,True
B,48,416,baseline,3.7160935401916504,False
B,48,66,joint_oracle_injected,0.007344507612287998,True
B,48,158,joint_oracle_injected,0.07720840722322464,True
B,48,230,joint_oracle_injected,0.052223917096853256,True
B,48,416,joint_oracle_injected,0.9907046556472778,True
B,49,102,baseline,0.060765866190195084,True
B,49,208,baseline,0.04580258950591087,True
B,49,212,baseline,0.34557589888572693,True
B,49,482,baseline,3.056119441986084,False
B,49,102,joint_oracle_injected,0.08606332540512085,True
B,49,208,joint_oracle_injected,0.04282061383128166,True
B,49,212,joint_oracle_injected,0.06634218245744705,True
B,49,482,joint_oracle_injected,3.056119441986084,False
B,50,70,baseline,8.001136779785156,False
B,50,130,baseline,5.7040205001831055,False
B,50,270,baseline,0.07042853534221649,True
B,50,416,baseline,3.5323281288146973,False
B,50,70,joint_oracle_injected,3.754991054534912,False
B,50,130,joint_oracle_injected,0.03745459020137787,True
B,50,270,joint_oracle_injected,0.018803322687745094,True
B,50,416,joint_oracle_injected,0.0689803808927536,True
B,51,66,baseline,0.06350483000278473,True
B,51,92,baseline,0.1559586077928543,True
B,51,138,baseline,8.080069541931152,False
B,51,254,baseline,0.0644337385892868,True
B,51,66,joint_oracle_injected,0.06350483000278473,True
B,51,92,joint_oracle_injected,0.1559586077928543,True
B,51,138,joint_oracle_injected,0.07280252873897552,True
B,51,254,joint_oracle_injected,0.0644337385892868,True
B,52,74,baseline,0.0343843474984169,True
B,52,82,baseline,4.776980400085449,False
B,52,270,baseline,0.062364742159843445,True
B,52,312,baseline,0.14643152058124542,True
B,52,74,joint_oracle_injected,0.03298439085483551,True
B,52,82,joint_oracle_injected,0.3281046748161316,True
B,52,270,joint_oracle_injected,0.0623648539185524,True
B,52,312,joint_oracle_injected,0.08510864526033401,True
B,53,96,baseline,0.2791818380355835,True
B,53,104,baseline,5.603987693786621,False
B,53,178,baseline,0.10075901448726654,True
B,53,340,baseline,0.13257792592048645,True
B,53,96,joint_oracle_injected,0.2791818380355835,True
B,53,104,joint_oracle_injected,0.11824450641870499,True
B,53,178,joint_oracle_injected,0.10075901448726654,True
B,53,340,joint_oracle_injected,0.07077056169509888,True
B,54,160,baseline,5.058758735656738,False
B,54,188,baseline,0.11283821612596512,True
B,54,368,baseline,6.478175163269043,False
B,54,464,baseline,6.4220075607299805,False
B,54,160,joint_oracle_injected,0.09975839406251907,True
B,54,188,joint_oracle_injected,0.11283821612596512,True
B,54,368,joint_oracle_injected,0.704948365688324,True
B,54,464,joint_oracle_injected,0.5192670226097107,True
B,55,68,baseline,3.8203125,False
B,55,70,baseline,4.980543613433838,False
B,55,74,baseline,0.1786859631538391,True
B,55,212,baseline,0.08796951174736023,True
B,55,68,joint_oracle_injected,0.20571260154247284,True
B,55,70,joint_oracle_injected,0.5574971437454224,True
B,55,74,joint_oracle_injected,0.1786859631538391,True
B,55,212,joint_oracle_injected,0.08796951174736023,True
B,56,68,baseline,0.03950272873044014,True
B,56,200,baseline,4.611209869384766,False
B,56,284,baseline,6.464295387268066,False
B,56,408,baseline,0.06560395658016205,True
B,56,68,joint_oracle_injected,0.03950272873044014,True
B,56,200,joint_oracle_injected,3.919926404953003,False
B,56,284,joint_oracle_injected,0.019818736240267754,True
B,56,408,joint_oracle_injected,0.06826736778020859,True
B,57,94,baseline,0.019663404673337936,True
B,57,96,baseline,4.59391450881958,False
B,57,106,baseline,0.02508828602731228,True
B,57,128,baseline,0.20623911917209625,True
B,57,94,joint_oracle_injected,0.014992768876254559,True
B,57,96,joint_oracle_injected,0.12685160338878632,True
B,57,106,joint_oracle_injected,0.02508828602731228,True
B,57,128,joint_oracle_injected,0.20623941719532013,True
B,58,70,baseline,0.13590674102306366,True
B,58,110,baseline,4.5567426681518555,False
B,58,270,baseline,0.05668661743402481,True
B,58,478,baseline,0.17184022068977356,True
B,58,70,joint_oracle_injected,0.13590674102306366,True
B,58,110,joint_oracle_injected,0.1595405638217926,True
B,58,270,joint_oracle_injected,0.05668661743402481,True
B,58,478,joint_oracle_injected,0.039093777537345886,True
B,59,64,baseline,6.565065383911133,False
B,59,100,baseline,0.030833501368761063,True
B,59,368,baseline,0.13567954301834106,True
B,59,402,baseline,0.057885512709617615,True
B,59,64,joint_oracle_injected,0.5633791089057922,True
B,59,100,joint_oracle_injected,0.030833501368761063,True
B,59,368,joint_oracle_injected,0.06980638951063156,True
B,59,402,joint_oracle_injected,0.04863990470767021,True
B,60,70,baseline,0.5086301565170288,True
B,60,88,baseline,0.46047836542129517,True
B,60,194,baseline,0.022574353963136673,True
B,60,330,baseline,6.198013782501221,False
B,60,70,joint_oracle_injected,0.5086301565170288,True
B,60,88,joint_oracle_injected,0.46047836542129517,True
B,60,194,joint_oracle_injected,0.021003562957048416,True
B,60,330,joint_oracle_injected,0.04360939562320709,True
B,61,70,baseline,0.13429009914398193,True
B,61,112,baseline,6.883248329162598,False
B,61,320,baseline,0.03923259675502777,True
B,61,434,baseline,0.10239576548337936,True
B,61,70,joint_oracle_injected,0.13429009914398193,True
B,61,112,joint_oracle_injected,0.20014259219169617,True
B,61,320,joint_oracle_injected,0.05630514770746231,True
B,61,434,joint_oracle_injected,0.10239565372467041,True
B,62,66,baseline,0.05708145350217819,True
B,62,70,baseline,4.162032127380371,False
B,62,292,baseline,0.016008656471967697,True
B,62,394,baseline,0.06440411508083344,True
B,62,66,joint_oracle_injected,0.05708145350217819,True
B,62,70,joint_oracle_injected,0.037603165954351425,True
B,62,292,joint_oracle_injected,0.0069661131128668785,True
B,62,394,joint_oracle_injected,9.842511177062988,False
B,63,76,baseline,0.07150531560182571,True
B,63,90,baseline,4.9889068603515625,False
B,63,208,baseline,8.82256031036377,False
B,63,230,baseline,5.1970014572143555,False
B,63,76,joint_oracle_injected,1.7120156288146973,True
B,63,90,joint_oracle_injected,0.03891251981258392,True
B,63,208,joint_oracle_injected,1.3562333583831787,True
B,63,230,joint_oracle_injected,0.04069571942090988,True
B,64,66,baseline,0.018704812973737717,True
B,64,242,baseline,0.011280684731900692,True
B,64,248,baseline,8.816802024841309,False
B,64,416,baseline,0.06577397137880325,True
B,64,66,joint_oracle_injected,0.03297470137476921,True
B,64,242,joint_oracle_injected,0.009641864337027073,True
B,64,248,joint_oracle_injected,2.8746695518493652,False
B,64,416,joint_oracle_injected,0.1256536990404129,True
B,65,74,baseline,0.10857179760932922,True
B,65,108,baseline,0.10911311209201813,True
B,65,124,baseline,0.04138244688510895,True
B,65,166,baseline,6.888911247253418,False
B,65,74,joint_oracle_injected,0.10857169330120087,True
B,65,108,joint_oracle_injected,0.02399907447397709,True
B,65,124,joint_oracle_injected,0.036379002034664154,True
B,65,166,joint_oracle_injected,0.16766099631786346,True
B,66,86,baseline,0.06810546666383743,True
B,66,158,baseline,0.21197260916233063,True
B,66,334,baseline,0.07783633470535278,True
B,66,370,baseline,6.075601577758789,False
B,66,86,joint_oracle_injected,0.06810546666383743,True
B,66,158,joint_oracle_injected,0.21197260916233063,True
B,66,334,joint_oracle_injected,0.07783633470535278,True
B,66,370,joint_oracle_injected,0.09299225360155106,True
B,67,216,baseline,0.06311900913715363,True
B,67,220,baseline,0.6809616684913635,True
B,67,274,baseline,0.023420369252562523,True
B,67,284,baseline,6.39649772644043,False
B,67,216,joint_oracle_injected,0.06311889737844467,True
B,67,220,joint_oracle_injected,0.13819417357444763,True
B,67,274,joint_oracle_injected,0.021983161568641663,True
B,67,284,joint_oracle_injected,0.05815751105546951,True
B,68,72,baseline,0.455721914768219,True
B,68,84,baseline,5.339530944824219,False
B,68,86,baseline,0.03741393983364105,True
B,68,116,baseline,4.596504211425781,False
B,68,72,joint_oracle_injected,0.19108323752880096,True
B,68,84,joint_oracle_injected,0.1754438579082489,True
B,68,86,joint_oracle_injected,0.02179550752043724,True
B,68,116,joint_oracle_injected,0.05408870428800583,True
B,69,64,baseline,5.336277961730957,False
B,69,80,baseline,6.965799331665039,False
B,69,132,baseline,0.017438888549804688,True
B,69,480,baseline,8.325155258178711,False
B,69,64,joint_oracle_injected,0.04562333971261978,True
B,69,80,joint_oracle_injected,0.1736481785774231,True
B,69,132,joint_oracle_injected,0.017438888549804688,True
B,69,480,joint_oracle_injected,3.3762757778167725,True
B,70,64,baseline,5.410991668701172,False
B,70,108,baseline,6.236258029937744,False
B,70,240,baseline,0.1977694034576416,True
B,70,472,baseline,5.458771705627441,False
B,70,64,joint_oracle_injected,0.023335007950663567,True
B,70,108,joint_oracle_injected,0.04292842373251915,True
B,70,240,joint_oracle_injected,0.17643344402313232,True
B,70,472,joint_oracle_injected,0.3547798693180084,True
B,71,70,baseline,6.291627883911133,False
B,71,168,baseline,0.1902787685394287,True
B,71,198,baseline,2.2202837467193604,True
B,71,284,baseline,0.8718260526657104,True
B,71,70,joint_oracle_injected,0.10836366564035416,True
B,71,168,joint_oracle_injected,0.043641235679388046,True
B,71,198,joint_oracle_injected,0.3470880389213562,True
B,71,284,joint_oracle_injected,0.1045132726430893,True
B,72,74,baseline,0.2420932799577713,True
B,72,98,baseline,0.12138323485851288,True
B,72,158,baseline,0.027038084343075752,True
B,72,398,baseline,6.685276985168457,False
B,72,74,joint_oracle_injected,0.2420932799577713,True
B,72,98,joint_oracle_injected,0.12138323485851288,True
B,72,158,joint_oracle_injected,0.02108713984489441,True
B,72,398,joint_oracle_injected,0.027287516742944717,True
B,73,100,baseline,5.765354633331299,False
B,73,140,baseline,0.7868938446044922,True
B,73,212,baseline,9.846071243286133,False
B,73,230,baseline,6.583258628845215,False
B,73,100,joint_oracle_injected,0.162404865026474,True
B,73,140,joint_oracle_injected,0.05982939153909683,True
B,73,212,joint_oracle_injected,10.366199493408203,False
B,73,230,joint_oracle_injected,0.05362037569284439,True
B,74,68,baseline,0.5096501708030701,True
B,74,92,baseline,0.21788713335990906,True
B,74,104,baseline,1.6554282903671265,True
B,74,292,baseline,5.658836364746094,False
B,74,68,joint_oracle_injected,0.5096501708030701,True
B,74,92,joint_oracle_injected,0.21788713335990906,True
B,74,104,joint_oracle_injected,0.06124969944357872,True
B,74,292,joint_oracle_injected,0.036682311445474625,True
B,75,88,baseline,9.880859375,False
B,75,118,baseline,0.029000302776694298,True
B,75,216,baseline,8.260573387145996,False
B,75,240,baseline,0.019723014906048775,True
B,75,88,joint_oracle_injected,4.771034240722656,False
B,75,118,joint_oracle_injected,0.02792241796851158,True
B,75,216,joint_oracle_injected,0.06931411474943161,True
B,75,240,joint_oracle_injected,0.019723014906048775,True
B,76,68,baseline,0.08798249810934067,True
B,76,80,baseline,0.11702340841293335,True
B,76,154,baseline,2.851062774658203,True
B,76,164,baseline,8.642318725585938,False
B,76,68,joint_oracle_injected,0.059774257242679596,True
B,76,80,joint_oracle_injected,0.11702340841293335,True
B,76,154,joint_oracle_injected,0.08036895841360092,True
B,76,164,joint_oracle_injected,0.06968431919813156,True
B,77,96,baseline,6.054245948791504,False
B,77,114,baseline,6.300031661987305,False
B,77,158,baseline,4.49131965637207,False
B,77,246,baseline,0.425426185131073,True
B,77,96,joint_oracle_injected,0.13037218153476715,True
B,77,114,joint_oracle_injected,0.017977509647607803,True
B,77,158,joint_oracle_injected,0.05852815508842468,True
B,77,246,joint_oracle_injected,0.09926013648509979,True
B,78,114,baseline,0.11031550168991089,True
B,78,154,baseline,6.927952289581299,False
B,78,240,baseline,0.08685950189828873,True
B,78,450,baseline,7.004772663116455,False
B,78,114,joint_oracle_injected,0.06883572787046432,True
B,78,154,joint_oracle_injected,0.03571413829922676,True
B,78,240,joint_oracle_injected,0.08685950189828873,True
B,78,450,joint_oracle_injected,0.7594280242919922,True
B,79,104,baseline,6.0527143478393555,False
B,79,120,baseline,0.1958397477865219,True
B,79,190,baseline,0.02747333236038685,True
B,79,468,baseline,6.566051959991455,False
B,79,104,joint_oracle_injected,0.11631563305854797,True
B,79,120,joint_oracle_injected,0.1958397477865219,True
B,79,190,joint_oracle_injected,0.016706794500350952,True
B,79,468,joint_oracle_injected,0.0753825232386589,True
B,80,90,baseline,0.027313267812132835,True
B,80,164,baseline,0.21568025648593903,True
B,80,316,baseline,0.13876794278621674,True
B,80,324,baseline,0.11826134473085403,True
B,80,90,joint_oracle_injected,0.03239643946290016,True
B,80,164,joint_oracle_injected,0.0579356886446476,True
B,80,316,joint_oracle_injected,0.13876794278621674,True
B,80,324,joint_oracle_injected,1.4488801956176758,True
B,81,72,baseline,0.23900899291038513,True
B,81,82,baseline,0.00916512031108141,True
B,81,154,baseline,0.06206116825342178,True
B,81,400,baseline,0.21012893319129944,True
B,81,72,joint_oracle_injected,0.23900899291038513,True
B,81,82,joint_oracle_injected,0.011216560378670692,True
B,81,154,joint_oracle_injected,0.06206116825342178,True
B,81,400,joint_oracle_injected,0.04458911344408989,True
B,82,72,baseline,0.08206267654895782,True
B,82,82,baseline,0.04677117243409157,True
B,82,110,baseline,0.04688276723027229,True
B,82,160,baseline,8.849838256835938,False
B,82,72,joint_oracle_injected,0.08206300437450409,True
B,82,82,joint_oracle_injected,0.04677117243409157,True
B,82,110,joint_oracle_injected,0.04688276723027229,True
B,82,160,joint_oracle_injected,0.0447859913110733,True
B,83,72,baseline,0.06983229517936707,True
B,83,128,baseline,4.302928924560547,False
B,83,228,baseline,5.373244285583496,False
B,83,370,baseline,7.794504642486572,False
B,83,72,joint_oracle_injected,0.025927765294909477,True
B,83,128,joint_oracle_injected,0.0241070706397295,True
B,83,228,joint_oracle_injected,0.048016663640737534,True
B,83,370,joint_oracle_injected,0.4096023142337799,True
B,84,74,baseline,0.01813778653740883,True
B,84,142,baseline,3.94940185546875,False
B,84,292,baseline,0.035946350544691086,True
B,84,430,baseline,6.569605350494385,False
B,84,74,joint_oracle_injected,0.020587796345353127,True
B,84,142,joint_oracle_injected,0.12138080596923828,True
B,84,292,joint_oracle_injected,0.03303202614188194,True
B,84,430,joint_oracle_injected,0.07068448513746262,True
B,85,68,baseline,0.010900357738137245,True
B,85,112,baseline,7.568362236022949,False
B,85,312,baseline,8.520404815673828,False
B,85,386,baseline,0.016919903457164764,True
B,85,68,joint_oracle_injected,0.009675984270870686,True
B,85,112,joint_oracle_injected,0.16685470938682556,True
B,85,312,joint_oracle_injected,1.2063493728637695,True
B,85,386,joint_oracle_injected,0.04846081882715225,True
B,86,66,baseline,0.3646983802318573,True
B,86,76,baseline,0.16771230101585388,True
B,86,84,baseline,0.015117008239030838,True
B,86,94,baseline,6.050543308258057,False
B,86,66,joint_oracle_injected,0.3646969497203827,True
B,86,76,joint_oracle_injected,0.13749977946281433,True
B,86,84,joint_oracle_injected,0.01511712558567524,True
B,86,94,joint_oracle_injected,0.12973158061504364,True
B,87,98,baseline,0.014203879982233047,True
B,87,122,baseline,6.279205322265625,False
B,87,176,baseline,3.4322614669799805,False
B,87,238,baseline,1.7881832122802734,True
B,87,98,joint_oracle_injected,0.014203879982233047,True
B,87,122,joint_oracle_injected,0.41351816058158875,True
B,87,176,joint_oracle_injected,0.14365558326244354,True
B,87,238,joint_oracle_injected,0.02641272358596325,True
B,88,64,baseline,4.939173221588135,False
B,88,68,baseline,0.04932891204953194,True
B,88,110,baseline,0.14102743566036224,True
B,88,304,baseline,5.6271796226501465,False
B,88,64,joint_oracle_injected,0.1489236056804657,True
B,88,68,joint_oracle_injected,3.580335855484009,False
B,88,110,joint_oracle_injected,0.14102743566036224,True
B,88,304,joint_oracle_injected,0.0869673639535904,True
B,89,130,baseline,4.680202007293701,False
B,89,230,baseline,4.747093677520752,False
B,89,272,baseline,0.016387280076742172,True
B,89,376,baseline,9.491804122924805,False
B,89,130,joint_oracle_injected,0.06573992967605591,True
B,89,230,joint_oracle_injected,0.034796953201293945,True
B,89,272,joint_oracle_injected,0.008521386422216892,True
B,89,376,joint_oracle_injected,10.725597381591797,False
B,90,84,baseline,0.03484012559056282,True
B,90,86,baseline,5.802664279937744,False
B,90,188,baseline,0.01851045712828636,True
B,90,226,baseline,5.889725685119629,False
B,90,84,joint_oracle_injected,0.04380509629845619,True
B,90,86,joint_oracle_injected,0.032672345638275146,True
B,90,188,joint_oracle_injected,0.04645748436450958,True
B,90,226,joint_oracle_injected,0.35963693261146545,True
B,91,76,baseline,0.09618686884641647,True
B,91,78,baseline,7.2678327560424805,False
B,91,94,baseline,0.11874250322580338,True
B,91,472,baseline,4.8258514404296875,False
B,91,76,joint_oracle_injected,0.09618686884641647,True
B,91,78,joint_oracle_injected,0.10450553894042969,True
B,91,94,joint_oracle_injected,0.0862732008099556,True
B,91,472,joint_oracle_injected,0.055971551686525345,True
B,92,88,baseline,0.14024309813976288,True
B,92,262,baseline,8.198514938354492,False
B,92,298,baseline,7.4064788818359375,False
B,92,386,baseline,13.23989486694336,False
B,92,88,joint_oracle_injected,0.14024309813976288,True
B,92,262,joint_oracle_injected,5.450526237487793,False
B,92,298,joint_oracle_injected,2.944851875305176,False
B,92,386,joint_oracle_injected,13.562728881835938,False
B,93,70,baseline,2.1222028732299805,False
B,93,92,baseline,0.04191141203045845,True
B,93,198,baseline,5.575551509857178,False
B,93,278,baseline,0.04034290462732315,True
B,93,70,joint_oracle_injected,2.1222028732299805,False
B,93,92,joint_oracle_injected,0.04191141203045845,True
B,93,198,joint_oracle_injected,0.09093139320611954,True
B,93,278,joint_oracle_injected,0.04034290462732315,True
B,94,122,baseline,0.01732337474822998,True
B,94,136,baseline,0.07455556839704514,True
B,94,196,baseline,5.987388610839844,False
B,94,492,baseline,7.942866325378418,False
B,94,122,joint_oracle_injected,0.01732337474822998,True
B,94,136,joint_oracle_injected,0.07455556839704514,True
B,94,196,joint_oracle_injected,0.0960984081029892,True
B,94,492,joint_oracle_injected,0.10322356224060059,True
B,95,74,baseline,0.10514295846223831,True
B,95,84,baseline,0.028484735637903214,True
B,95,108,baseline,0.04925958067178726,True
B,95,284,baseline,5.202865123748779,False
B,95,74,joint_oracle_injected,0.10514295846223831,True
B,95,84,joint_oracle_injected,0.028484735637903214,True
B,95,108,joint_oracle_injected,0.04925958067178726,True
B,95,284,joint_oracle_injected,0.13033857941627502,True
B,96,74,baseline,0.09437613934278488,True
B,96,146,baseline,0.29615744948387146,True
B,96,276,baseline,6.156161785125732,False
B,96,390,baseline,6.330846786499023,False
B,96,74,joint_oracle_injected,0.09437613934278488,True
B,96,146,joint_oracle_injected,0.19126273691654205,True
B,96,276,joint_oracle_injected,0.09861236810684204,True
B,96,390,joint_oracle_injected,0.07410182058811188,True
B,97,78,baseline,0.12291354686021805,True
B,97,106,baseline,0.04854201897978783,True
B,97,196,baseline,4.218470573425293,False
B,97,226,baseline,5.422318458557129,False
B,97,78,joint_oracle_injected,0.12291354686021805,True
B,97,106,joint_oracle_injected,0.04854201897978783,True
B,97,196,joint_oracle_injected,0.0947825089097023,True
B,97,226,joint_oracle_injected,0.028416259214282036,True
B,98,92,baseline,5.247567176818848,False
B,98,108,baseline,0.03880782797932625,True
B,98,134,baseline,0.011921468190848827,True
B,98,174,baseline,0.297463059425354,True
B,98,92,joint_oracle_injected,0.04028187692165375,True
B,98,108,joint_oracle_injected,0.03340829536318779,True
B,98,134,joint_oracle_injected,0.010770758613944054,True
B,98,174,joint_oracle_injected,0.14080005884170532,True
B,99,68,baseline,0.48054981231689453,True
B,99,160,baseline,0.021006949245929718,True
B,99,168,baseline,1.0182273387908936,True
B,99,424,baseline,0.11554660648107529,True
B,99,68,joint_oracle_injected,0.48054981231689453,True
B,99,160,joint_oracle_injected,0.010207355953752995,True
B,99,168,joint_oracle_injected,0.2580977976322174,True
B,99,424,joint_oracle_injected,0.13146044313907623,True
B,100,70,baseline,0.03759283199906349,True
B,100,98,baseline,0.1442885547876358,True
B,100,212,baseline,0.014613145962357521,True
B,100,294,baseline,7.278865337371826,False
B,100,70,joint_oracle_injected,0.03759283199906349,True
B,100,98,joint_oracle_injected,0.1442885547876358,True
B,100,212,joint_oracle_injected,0.016373442485928535,True
B,100,294,joint_oracle_injected,7.564134120941162,False
B,101,74,baseline,0.3189360797405243,True
B,101,208,baseline,0.08680059015750885,True
B,101,250,baseline,0.05383705720305443,True
B,101,362,baseline,5.420548439025879,False
B,101,74,joint_oracle_injected,0.3189360797405243,True
B,101,208,joint_oracle_injected,0.03285947069525719,True
B,101,250,joint_oracle_injected,0.0213918536901474,True
B,101,362,joint_oracle_injected,0.06917863339185715,True
B,102,68,baseline,0.029255729168653488,True
B,102,74,baseline,3.197781562805176,True
B,102,96,baseline,0.04359832778573036,True
B,102,158,baseline,0.05122051015496254,True
B,102,68,joint_oracle_injected,0.02925584465265274,True
B,102,74,joint_oracle_injected,0.34716859459877014,True
B,102,96,joint_oracle_injected,0.10495911538600922,True
B,102,158,joint_oracle_injected,0.051220621913671494,True
B,103,78,baseline,0.27702298760414124,True
B,103,116,baseline,1.2263848781585693,True
B,103,128,baseline,0.046242039650678635,True
B,103,154,baseline,0.054687295109033585,True
B,103,78,joint_oracle_injected,0.2770189344882965,True
B,103,116,joint_oracle_injected,0.08829303830862045,True
B,103,128,joint_oracle_injected,0.020769022405147552,True
B,103,154,joint_oracle_injected,0.05468717962503433,True
B,104,66,baseline,0.09212419390678406,True
B,104,102,baseline,1.2696990966796875,True
B,104,270,baseline,6.030437469482422,False
B,104,340,baseline,0.14511540532112122,True
B,104,66,joint_oracle_injected,0.09212419390678406,True
B,104,102,joint_oracle_injected,0.29578396677970886,True
B,104,270,joint_oracle_injected,0.0667039006948471,True
B,104,340,joint_oracle_injected,0.12242870032787323,True
B,105,66,baseline,0.05400422587990761,True
B,105,72,baseline,0.0365777313709259,True
B,105,242,baseline,0.008580128662288189,True
B,105,476,baseline,0.022995587438344955,True
B,105,66,joint_oracle_injected,0.05400422587990761,True
B,105,72,joint_oracle_injected,0.02554181218147278,True
B,105,242,joint_oracle_injected,0.008654467761516571,True
B,105,476,joint_oracle_injected,0.015826094895601273,True
B,106,78,baseline,0.08996882289648056,True
B,106,84,baseline,4.33693265914917,False
B,106,94,baseline,0.11626734584569931,True
B,106,454,baseline,0.10040294378995895,True
B,106,78,joint_oracle_injected,0.13587968051433563,True
B,106,84,joint_oracle_injected,0.05644892156124115,True
B,106,94,joint_oracle_injected,0.03494327515363693,True
B,106,454,joint_oracle_injected,0.12806391716003418,True
B,107,70,baseline,0.2218713015317917,True
B,107,118,baseline,0.12935185432434082,True
B,107,148,baseline,3.97760009765625,False
B,107,164,baseline,0.0419684536755085,True
B,107,70,joint_oracle_injected,2.0148043632507324,False
B,107,118,joint_oracle_injected,0.1293516457080841,True
B,107,148,joint_oracle_injected,0.2132757008075714,True
B,107,164,joint_oracle_injected,0.030548300594091415,True
B,108,64,baseline,0.09715602546930313,True
B,108,188,baseline,2.396075487136841,True
B,108,228,baseline,0.18314915895462036,True
B,108,400,baseline,0.25454413890838623,True
B,108,64,joint_oracle_injected,0.09715602546930313,True
B,108,188,joint_oracle_injected,0.3050172030925751,True
B,108,228,joint_oracle_injected,0.04126966372132301,True
B,108,400,joint_oracle_injected,0.21745619177818298,True
B,109,166,baseline,0.11327802389860153,True
B,109,234,baseline,7.110163688659668,False
B,109,256,baseline,8.756964683532715,False
B,109,510,baseline,7.0772552490234375,False
B,109,166,joint_oracle_injected,0.040486931800842285,True
B,109,234,joint_oracle_injected,0.033798947930336,True
B,109,256,joint_oracle_injected,0.1680963933467865,True
B,109,510,joint_oracle_injected,0.04098891094326973,True
B,110,80,baseline,0.06124947592616081,True
B,110,126,baseline,0.050714120268821716,True
B,110,182,baseline,0.21780246496200562,True
B,110,426,baseline,0.25212982296943665,True
B,110,80,joint_oracle_injected,0.044779833406209946,True
B,110,126,joint_oracle_injected,0.050714120268821716,True
B,110,182,joint_oracle_injected,0.21780246496200562,True
B,110,426,joint_oracle_injected,0.25212982296943665,True
B,111,74,baseline,0.023069212213158607,True
B,111,110,baseline,0.1819237619638443,True
B,111,156,baseline,0.023702720180153847,True
B,111,336,baseline,0.05104301869869232,True
B,111,74,joint_oracle_injected,0.023069212213158607,True
B,111,110,joint_oracle_injected,0.09318298101425171,True
B,111,156,joint_oracle_injected,0.026949666440486908,True
B,111,336,joint_oracle_injected,0.0867670401930809,True
B,112,66,baseline,0.052238963544368744,True
B,112,104,baseline,4.1472978591918945,False
B,112,110,baseline,6.5840044021606445,False
B,112,220,baseline,2.650487184524536,False
B,112,66,joint_oracle_injected,0.05223885178565979,True
B,112,104,joint_oracle_injected,0.13866843283176422,True
B,112,110,joint_oracle_injected,0.08648652583360672,True
B,112,220,joint_oracle_injected,2.650485038757324,False
B,113,84,baseline,0.01079564169049263,True
B,113,184,baseline,0.010974760167300701,True
B,113,190,baseline,0.016294632107019424,True
B,113,192,baseline,5.606139183044434,False
B,113,84,joint_oracle_injected,0.01079564169049263,True
B,113,184,joint_oracle_injected,0.012560075148940086,True
B,113,190,joint_oracle_injected,0.013108741492033005,True
B,113,192,joint_oracle_injected,8.401501655578613,False
B,114,64,baseline,8.655153274536133,False
B,114,144,baseline,1.017869472503662,True
B,114,200,baseline,5.612937927246094,False
B,114,340,baseline,0.29711344838142395,True
B,114,64,joint_oracle_injected,0.05232313647866249,True
B,114,144,joint_oracle_injected,0.10957988351583481,True
B,114,200,joint_oracle_injected,0.11313559114933014,True
B,114,340,joint_oracle_injected,0.2971138060092926,True
B,115,64,baseline,0.3025725483894348,True
B,115,78,baseline,1.7220975160598755,False
B,115,106,baseline,0.021260106936097145,True
B,115,294,baseline,0.21767744421958923,True
B,115,64,joint_oracle_injected,0.3025725483894348,True
B,115,78,joint_oracle_injected,0.09518643468618393,True
B,115,106,joint_oracle_injected,0.01867392472922802,True
B,115,294,joint_oracle_injected,0.07474154978990555,True
B,116,68,baseline,0.22945010662078857,True
B,116,158,baseline,0.06694117933511734,True
B,116,184,baseline,7.235845565795898,False
B,116,424,baseline,8.664724349975586,False
B,116,68,joint_oracle_injected,0.08844712376594543,True
B,116,158,joint_oracle_injected,0.06694117933511734,True
B,116,184,joint_oracle_injected,3.9000818729400635,False
B,116,424,joint_oracle_injected,9.021036148071289,False
B,117,68,baseline,0.07160763442516327,True
B,117,82,baseline,0.04743634909391403,True
B,117,168,baseline,0.04082230105996132,True
B,117,494,baseline,0.06532515585422516,True
B,117,68,joint_oracle_injected,0.07160763442516327,True
B,117,82,joint_oracle_injected,0.04743634909391403,True
B,117,168,joint_oracle_injected,0.028960581868886948,True
B,117,494,joint_oracle_injected,0.06532515585422516,True
B,118,72,baseline,8.567800521850586,False
B,118,92,baseline,0.13923808932304382,True
B,118,102,baseline,0.02113487757742405,True
B,118,288,baseline,0.2615543007850647,True
B,118,72,joint_oracle_injected,0.15284711122512817,True
B,118,92,joint_oracle_injected,0.13923808932304382,True
B,118,102,joint_oracle_injected,0.015148711390793324,True
B,118,288,joint_oracle_injected,2.945295572280884,True
B,119,66,baseline,0.06680861115455627,True
B,119,70,baseline,0.06830711662769318,True
B,119,78,baseline,0.15228351950645447,True
B,119,170,baseline,0.05138437822461128,True
B,119,66,joint_oracle_injected,0.06680861115455627,True
B,119,70,joint_oracle_injected,0.06830700486898422,True
B,119,78,joint_oracle_injected,0.15228381752967834,True
B,119,170,joint_oracle_injected,0.0793485939502716,True
B,120,160,baseline,0.03720584511756897,True
B,120,254,baseline,0.18211673200130463,True
B,120,294,baseline,0.0496654137969017,True
B,120,482,baseline,4.561883449554443,False
B,120,160,joint_oracle_injected,0.03720584511756897,True
B,120,254,joint_oracle_injected,0.02290995605289936,True
B,120,294,joint_oracle_injected,0.01684875600039959,True
B,120,482,joint_oracle_injected,0.07761508226394653,True
B,121,64,baseline,5.2682342529296875,False
B,121,70,baseline,0.034125618636608124,True
B,121,108,baseline,0.07273691147565842,True
B,121,120,baseline,3.363779306411743,True
B,121,64,joint_oracle_injected,0.02943481132388115,True
B,121,70,joint_oracle_injected,0.030454179272055626,True
B,121,108,joint_oracle_injected,0.055760178714990616,True
B,121,120,joint_oracle_injected,0.06278689950704575,True
B,122,94,baseline,0.02256234921514988,True
B,122,128,baseline,0.7563695907592773,True
B,122,212,baseline,0.028093162924051285,True
B,122,480,baseline,0.07116121053695679,True
B,122,94,joint_oracle_injected,0.02256234921514988,True
B,122,128,joint_oracle_injected,0.7563695907592773,True
B,122,212,joint_oracle_injected,0.028093162924051285,True
B,122,480,joint_oracle_injected,0.01866643689572811,True
B,123,78,baseline,7.5628204345703125,False
B,123,80,baseline,0.07463202625513077,True
B,123,118,baseline,6.22805118560791,False
B,123,194,baseline,5.2842206954956055,False
B,123,78,joint_oracle_injected,2.7411320209503174,False
B,123,80,joint_oracle_injected,0.07463202625513077,True
B,123,118,joint_oracle_injected,0.05151187628507614,True
B,123,194,joint_oracle_injected,0.10069994628429413,True
B,124,86,baseline,0.04549770802259445,True
B,124,106,baseline,0.1800382286310196,True
B,124,158,baseline,0.014339497312903404,True
B,124,162,baseline,7.77396297454834,False
B,124,86,joint_oracle_injected,0.045497819781303406,True
B,124,106,joint_oracle_injected,0.18003852665424347,True
B,124,158,joint_oracle_injected,0.00956322904676199,True
B,124,162,joint_oracle_injected,0.028769714757800102,True
B,125,104,baseline,0.09337996691465378,True
B,125,142,baseline,0.023337919265031815,True
B,125,258,baseline,0.0585789754986763,True
B,125,362,baseline,0.009218273684382439,True
B,125,104,joint_oracle_injected,0.059346217662096024,True
B,125,142,joint_oracle_injected,0.02796078845858574,True
B,125,258,joint_oracle_injected,0.4019246995449066,True
B,125,362,joint_oracle_injected,0.004184657242149115,True
B,126,88,baseline,0.2595439851284027,True
B,126,118,baseline,5.432220458984375,False
B,126,276,baseline,0.6950396299362183,True
B,126,350,baseline,0.09447886049747467,True
B,126,88,joint_oracle_injected,0.2595439851284027,True
B,126,118,joint_oracle_injected,0.030639059841632843,True
B,126,276,joint_oracle_injected,0.09614897519350052,True
B,126,350,joint_oracle_injected,0.025261608883738518,True
B,127,100,baseline,12.828842163085938,False
B,127,248,baseline,8.278326988220215,False
B,127,292,baseline,0.032131195068359375,True
B,127,372,baseline,0.07582927495241165,True
B,127,100,joint_oracle_injected,0.9758034348487854,True
B,127,248,joint_oracle_injected,0.03236112371087074,True
B,127,292,joint_oracle_injected,0.04720303416252136,True
B,127,372,joint_oracle_injected,0.031482674181461334,True
B,128,68,baseline,8.305289268493652,False
B,128,70,baseline,4.996809482574463,False
B,128,114,baseline,6.152216911315918,False
B,128,402,baseline,9.763592720031738,False
B,128,68,joint_oracle_injected,0.1324913650751114,True
B,128,70,joint_oracle_injected,1.0660748481750488,True
B,128,114,joint_oracle_injected,0.018368732184171677,True
B,128,402,joint_oracle_injected,4.4544477462768555,False
B,129,64,baseline,0.267340749502182,True
B,129,66,baseline,3.5115413665771484,False
B,129,112,baseline,0.3844287395477295,True
B,129,388,baseline,7.1011881828308105,False
B,129,64,joint_oracle_injected,0.267340749502182,True
B,129,66,joint_oracle_injected,0.12322870641946793,True
B,129,112,joint_oracle_injected,0.10069887340068817,True
B,129,388,joint_oracle_injected,0.034970901906490326,True
B,130,80,baseline,0.02105048857629299,True
B,130,94,baseline,5.0580854415893555,False
B,130,112,baseline,0.19921694695949554,True
B,130,298,baseline,4.402554988861084,False
B,130,80,joint_oracle_injected,0.02105048857629299,True
B,130,94,joint_oracle_injected,0.07895452529191971,True
B,130,112,joint_oracle_injected,0.09860966354608536,True
B,130,298,joint_oracle_injected,0.4734044075012207,True
B,131,80,baseline,3.5896079540252686,False
B,131,98,baseline,0.39464062452316284,True
B,131,300,baseline,6.413516044616699,False
B,131,396,baseline,0.08519972860813141,True
B,131,80,joint_oracle_injected,0.20596788823604584,True
B,131,98,joint_oracle_injected,0.07609632611274719,True
B,131,300,joint_oracle_injected,0.44716814160346985,True
B,131,396,joint_oracle_injected,0.05705758556723595,True
B,132,68,baseline,5.984338283538818,False
B,132,74,baseline,0.0802268236875534,True
B,132,92,baseline,8.687999725341797,False
B,132,332,baseline,0.35734015703201294,True
B,132,68,joint_oracle_injected,0.2577223777770996,True
B,132,74,joint_oracle_injected,0.037727613002061844,True
B,132,92,joint_oracle_injected,0.04450371488928795,True
B,132,332,joint_oracle_injected,0.22249674797058105,True
B,133,74,baseline,0.08525610715150833,True
B,133,132,baseline,0.18004848062992096,True
B,133,280,baseline,0.06524799019098282,True
B,133,380,baseline,1.4398735761642456,True
B,133,74,joint_oracle_injected,0.08525610715150833,True
B,133,132,joint_oracle_injected,0.0709146037697792,True
B,133,280,joint_oracle_injected,0.027654938399791718,True
B,133,380,joint_oracle_injected,0.28022852540016174,True
B,134,74,baseline,0.17429980635643005,True
B,134,110,baseline,0.04828965663909912,True
B,134,248,baseline,0.10116613656282425,True
B,134,350,baseline,6.619879245758057,False
B,134,74,joint_oracle_injected,0.17429980635643005,True
B,134,110,joint_oracle_injected,0.04828965663909912,True
B,134,248,joint_oracle_injected,0.04377497360110283,True
B,134,350,joint_oracle_injected,0.06812462210655212,True
B,135,68,baseline,0.053263843059539795,True
B,135,112,baseline,0.8189903497695923,True
B,135,178,baseline,0.1328170895576477,True
B,135,290,baseline,9.125694274902344,False
B,135,68,joint_oracle_injected,0.053263843059539795,True
B,135,112,joint_oracle_injected,0.1037869080901146,True
B,135,178,joint_oracle_injected,0.04524309188127518,True
B,135,290,joint_oracle_injected,0.03676803410053253,True
B,136,78,baseline,0.050646357238292694,True
B,136,188,baseline,0.13123716413974762,True
B,136,278,baseline,0.794540524482727,True
B,136,396,baseline,6.071067810058594,False
B,136,78,joint_oracle_injected,0.050646357238292694,True
B,136,188,joint_oracle_injected,0.06608779728412628,True
B,136,278,joint_oracle_injected,0.0755520910024643,True
B,136,396,joint_oracle_injected,0.07744629681110382,True
B,137,82,baseline,6.863370895385742,False
B,137,198,baseline,0.18986396491527557,True
B,137,216,baseline,4.997157096862793,False
B,137,220,baseline,5.486588478088379,False
B,137,82,joint_oracle_injected,0.0355045385658741,True
B,137,198,joint_oracle_injected,0.3347758948802948,True
B,137,216,joint_oracle_injected,0.12444615364074707,True
B,137,220,joint_oracle_injected,0.04385952278971672,True
B,138,72,baseline,0.40231046080589294,True
B,138,114,baseline,0.019085576757788658,True
B,138,188,baseline,0.0602283738553524,True
B,138,316,baseline,0.42609280347824097,True
B,138,72,joint_oracle_injected,0.23215718567371368,True
B,138,114,joint_oracle_injected,0.01794542744755745,True
B,138,188,joint_oracle_injected,0.0602283738553524,True
B,138,316,joint_oracle_injected,0.14330177009105682,True
B,139,64,baseline,8.593700408935547,False
B,139,70,baseline,10.225560188293457,False
B,139,128,baseline,0.03170420601963997,True
B,139,168,baseline,6.594672203063965,False
B,139,64,joint_oracle_injected,1.5800856351852417,True
B,139,70,joint_oracle_injected,3.156583786010742,False
B,139,128,joint_oracle_injected,0.03170420601963997,True
B,139,168,joint_oracle_injected,0.09091375768184662,True
B,140,82,baseline,0.09983240813016891,True
B,140,222,baseline,5.731128215789795,False
B,140,392,baseline,0.029254108667373657,True
B,140,448,baseline,0.5057536959648132,True
B,140,82,joint_oracle_injected,0.11674373596906662,True
B,140,222,joint_oracle_injected,0.14287392795085907,True
B,140,392,joint_oracle_injected,0.024430178105831146,True
B,140,448,joint_oracle_injected,0.03767974302172661,True
B,141,64,baseline,0.04664614051580429,True
B,141,118,baseline,0.06195596233010292,True
B,141,352,baseline,1.5520187616348267,False
B,141,488,baseline,0.1983352154493332,True
B,141,64,joint_oracle_injected,0.04664614051580429,True
B,141,118,joint_oracle_injected,0.04171156883239746,True
B,141,352,joint_oracle_injected,0.38937848806381226,True
B,141,488,joint_oracle_injected,0.18459749221801758,True
B,142,90,baseline,0.035832952708005905,True
B,142,102,baseline,5.8377580642700195,False
B,142,300,baseline,0.11351961642503738,True
B,142,390,baseline,5.016269683837891,False
B,142,90,joint_oracle_injected,0.035358525812625885,True
B,142,102,joint_oracle_injected,0.10166721791028976,True
B,142,300,joint_oracle_injected,0.11351951211690903,True
B,142,390,joint_oracle_injected,0.054040368646383286,True
B,143,70,baseline,1.1064136028289795,False
B,143,84,baseline,7.186868667602539,False
B,143,154,baseline,1.3258090019226074,True
B,143,218,baseline,3.491262435913086,False
B,143,70,joint_oracle_injected,4.466014385223389,False
B,143,84,joint_oracle_injected,0.04487694799900055,True
B,143,154,joint_oracle_injected,0.11173555254936218,True
B,143,218,joint_oracle_injected,4.521857738494873,False
B,144,66,baseline,0.058237701654434204,True
B,144,118,baseline,4.382956027984619,False
B,144,258,baseline,0.04254269599914551,True
B,144,428,baseline,0.2678615152835846,True
B,144,66,joint_oracle_injected,0.058237701654434204,True
B,144,118,joint_oracle_injected,0.14996491372585297,True
B,144,258,joint_oracle_injected,0.041030559688806534,True
B,144,428,joint_oracle_injected,2.052039861679077,False
B,145,74,baseline,0.09806858003139496,True
B,145,116,baseline,0.35029369592666626,True
B,145,170,baseline,1.090031623840332,True
B,145,296,baseline,7.105720043182373,False
B,145,74,joint_oracle_injected,0.09806858003139496,True
B,145,116,joint_oracle_injected,0.5570653676986694,True
B,145,170,joint_oracle_injected,8.253313064575195,False
B,145,296,joint_oracle_injected,0.09013790637254715,True
B,146,64,baseline,6.4390153884887695,False
B,146,98,baseline,5.3895649909973145,False
B,146,148,baseline,0.02943492867052555,True
B,146,364,baseline,6.259708404541016,False
B,146,64,joint_oracle_injected,0.10850998014211655,True
B,146,98,joint_oracle_injected,0.03907646983861923,True
B,146,148,joint_oracle_injected,0.01670151948928833,True
B,146,364,joint_oracle_injected,0.1276886910200119,True
B,147,68,baseline,0.1926569938659668,True
B,147,76,baseline,0.048543382436037064,True
B,147,110,baseline,0.05572861060500145,True
B,147,340,baseline,0.11648476868867874,True
B,147,68,joint_oracle_injected,0.1926569938659668,True
B,147,76,joint_oracle_injected,0.048543382436037064,True
B,147,110,joint_oracle_injected,0.01735582761466503,True
B,147,340,joint_oracle_injected,0.03566962108016014,True
B,148,72,baseline,0.0445096455514431,True
B,148,76,baseline,6.119297504425049,False
B,148,152,baseline,7.435368537902832,False
B,148,442,baseline,2.0428898334503174,True
B,148,72,joint_oracle_injected,0.0445096455514431,True
B,148,76,joint_oracle_injected,0.15288609266281128,True
B,148,152,joint_oracle_injected,0.24486783146858215,True
B,148,442,joint_oracle_injected,0.673475444316864,True
B,149,70,baseline,5.997330665588379,False
B,149,74,baseline,0.023473352193832397,True
B,149,120,baseline,5.797407150268555,False
B,149,154,baseline,0.010337735526263714,True
B,149,70,joint_oracle_injected,0.11173011362552643,True
B,149,74,joint_oracle_injected,0.029121192172169685,True
B,149,120,joint_oracle_injected,0.08100885897874832,True
B,149,154,joint_oracle_injected,0.010337735526263714,True
B,150,68,baseline,0.06667635589838028,True
B,150,86,baseline,7.130543231964111,False
B,150,124,baseline,0.08009237051010132,True
B,150,338,baseline,0.2207006961107254,True
B,150,68,joint_oracle_injected,0.06667635589838028,True
B,150,86,joint_oracle_injected,1.7050622701644897,False
B,150,124,joint_oracle_injected,0.08009237051010132,True
B,150,338,joint_oracle_injected,0.22070078551769257,True
B,151,70,baseline,5.099156379699707,False
B,151,96,baseline,6.500195503234863,False
B,151,216,baseline,3.182227611541748,False
B,151,502,baseline,7.643055438995361,False
B,151,70,joint_oracle_injected,0.042998313903808594,True
B,151,96,joint_oracle_injected,0.04541318491101265,True
B,151,216,joint_oracle_injected,0.1330166459083557,True
B,151,502,joint_oracle_injected,0.037175409495830536,True
B,152,70,baseline,0.06824921816587448,True
B,152,76,baseline,1.08827543258667,True
B,152,120,baseline,0.7193272113800049,True
B,152,314,baseline,7.994057655334473,False
B,152,70,joint_oracle_injected,0.06824921816587448,True
B,152,76,joint_oracle_injected,1.08827543258667,True
B,152,120,joint_oracle_injected,0.018534328788518906,True
B,152,314,joint_oracle_injected,0.3956025242805481,True
B,153,104,baseline,5.644757270812988,False
B,153,130,baseline,0.13010646402835846,True
B,153,140,baseline,7.421746730804443,False
B,153,220,baseline,0.10775526612997055,True
B,153,104,joint_oracle_injected,0.02109297551214695,True
B,153,130,joint_oracle_injected,0.015445027500391006,True
B,153,140,joint_oracle_injected,0.04338021203875542,True
B,153,220,joint_oracle_injected,0.03660336136817932,True
B,154,64,baseline,0.032549113035202026,True
B,154,84,baseline,5.130766868591309,False
B,154,260,baseline,0.08562012761831284,True
B,154,280,baseline,8.269742012023926,False
B,154,64,joint_oracle_injected,0.048230018466711044,True
B,154,84,joint_oracle_injected,0.04271358996629715,True
B,154,260,joint_oracle_injected,0.08562012761831284,True
B,154,280,joint_oracle_injected,2.3430752754211426,False
B,155,76,baseline,0.07580695301294327,True
B,155,102,baseline,6.985714912414551,False
B,155,120,baseline,0.026255974546074867,True
B,155,246,baseline,4.836938381195068,False
B,155,76,joint_oracle_injected,0.07580695301294327,True
B,155,102,joint_oracle_injected,0.17497283220291138,True
B,155,120,joint_oracle_injected,0.026255974546074867,True
B,155,246,joint_oracle_injected,0.013788684271275997,True
B,156,64,baseline,0.202805295586586,True
B,156,146,baseline,0.2800418734550476,True
B,156,198,baseline,7.079813003540039,False
B,156,334,baseline,7.030770778656006,False
B,156,64,joint_oracle_injected,0.202805295586586,True
B,156,146,joint_oracle_injected,0.05960580334067345,True
B,156,198,joint_oracle_injected,0.12898778915405273,True
B,156,334,joint_oracle_injected,0.04805688187479973,True
B,157,66,baseline,0.021019088104367256,True
B,157,68,baseline,0.02547360025346279,True
B,157,106,baseline,0.6855237483978271,True
B,157,276,baseline,9.196770668029785,False
B,157,66,joint_oracle_injected,0.040469300001859665,True
B,157,68,joint_oracle_injected,0.02547360025346279,True
B,157,106,joint_oracle_injected,0.13250796496868134,True
B,157,276,joint_oracle_injected,5.3694539070129395,False
B,158,64,baseline,0.8853390216827393,True
B,158,74,baseline,0.10250164568424225,True
B,158,78,baseline,0.08523399382829666,True
B,158,116,baseline,0.10546055436134338,True
B,158,64,joint_oracle_injected,0.09623201936483383,True
B,158,74,joint_oracle_injected,0.10250089317560196,True
B,158,78,joint_oracle_injected,0.07205863296985626,True
B,158,116,joint_oracle_injected,0.020805800333619118,True
B,159,128,baseline,0.04705428704619408,True
B,159,140,baseline,4.883850574493408,False
B,159,242,baseline,0.2003738433122635,True
B,159,382,baseline,5.144039154052734,False
B,159,128,joint_oracle_injected,0.06346455216407776,True
B,159,140,joint_oracle_injected,0.026886075735092163,True
B,159,242,joint_oracle_injected,0.2003738433122635,True
B,159,382,joint_oracle_injected,0.05231137201189995,True
B,160,92,baseline,0.15114788711071014,True
B,160,110,baseline,0.03803613409399986,True
B,160,156,baseline,6.229711532592773,False
B,160,188,baseline,10.44745922088623,False
B,160,92,joint_oracle_injected,0.1511479914188385,True
B,160,110,joint_oracle_injected,0.03361280634999275,True
B,160,156,joint_oracle_injected,0.0642504170536995,True
B,160,188,joint_oracle_injected,0.22737404704093933,True
B,161,64,baseline,0.03440312296152115,True
B,161,70,baseline,0.027168724685907364,True
B,161,130,baseline,4.171331405639648,False
B,161,374,baseline,0.0788663923740387,True
B,161,64,joint_oracle_injected,0.03440312296152115,True
B,161,70,joint_oracle_injected,0.027168724685907364,True
B,161,130,joint_oracle_injected,0.2677507996559143,True
B,161,374,joint_oracle_injected,0.03828708454966545,True
B,162,130,baseline,0.075589120388031,True
B,162,244,baseline,0.3864385783672333,True
B,162,322,baseline,0.1104777604341507,True
B,162,482,baseline,7.066644668579102,False
B,162,130,joint_oracle_injected,0.075589120388031,True
B,162,244,joint_oracle_injected,0.3864385783672333,True
B,162,322,joint_oracle_injected,0.1227041557431221,True
B,162,482,joint_oracle_injected,0.07604064792394638,True
B,163,76,baseline,0.08658601343631744,True
B,163,78,baseline,3.598935127258301,False
B,163,80,baseline,0.11014221608638763,True
B,163,310,baseline,7.144585132598877,False
B,163,76,joint_oracle_injected,0.08658601343631744,True
B,163,78,joint_oracle_injected,0.10593396425247192,True
B,163,80,joint_oracle_injected,0.11014221608638763,True
B,163,310,joint_oracle_injected,3.646817684173584,False
B,164,66,baseline,7.162753105163574,False
B,164,72,baseline,0.16433271765708923,True
B,164,92,baseline,0.10115062445402145,True
B,164,282,baseline,0.0464431457221508,True
B,164,66,joint_oracle_injected,0.7084560394287109,True
B,164,72,joint_oracle_injected,0.16433271765708923,True
B,164,92,joint_oracle_injected,0.10115062445402145,True
B,164,282,joint_oracle_injected,0.04163747280836105,True
B,165,74,baseline,0.05310593172907829,True
B,165,116,baseline,0.07512478530406952,True
B,165,158,baseline,0.004433208145201206,True
B,165,416,baseline,0.048049382865428925,True
B,165,74,joint_oracle_injected,0.05310593172907829,True
B,165,116,joint_oracle_injected,0.01293530035763979,True
B,165,158,joint_oracle_injected,0.004433208145201206,True
B,165,416,joint_oracle_injected,0.04804927110671997,True
B,166,66,baseline,0.06700216233730316,True
B,166,70,baseline,7.60237979888916,False
B,166,74,baseline,7.19490909576416,False
B,166,162,baseline,0.026712337508797646,True
B,166,66,joint_oracle_injected,0.06700216233730316,True
B,166,70,joint_oracle_injected,0.04000955447554588,True
B,166,74,joint_oracle_injected,0.10421954095363617,True
B,166,162,joint_oracle_injected,0.026712337508797646,True
B,167,86,baseline,4.9923834800720215,False
B,167,224,baseline,0.1744479089975357,True
B,167,254,baseline,0.09108659625053406,True
B,167,312,baseline,5.692954063415527,False
B,167,86,joint_oracle_injected,0.0784163624048233,True
B,167,224,joint_oracle_injected,0.06322667002677917,True
B,167,254,joint_oracle_injected,0.06061306595802307,True
B,167,312,joint_oracle_injected,0.11456695199012756,True
B,168,66,baseline,0.06583714485168457,True
B,168,106,baseline,6.296133995056152,False
B,168,384,baseline,7.285157203674316,False
B,168,488,baseline,1.993116855621338,False
B,168,66,joint_oracle_injected,0.06583714485168457,True
B,168,106,joint_oracle_injected,0.04886334389448166,True
B,168,384,joint_oracle_injected,0.05765575170516968,True
B,168,488,joint_oracle_injected,0.21170853078365326,True
B,169,72,baseline,4.425513744354248,False
B,169,168,baseline,6.674843788146973,False
B,169,200,baseline,0.5937182307243347,True
B,169,362,baseline,5.875270843505859,False
B,169,72,joint_oracle_injected,0.09991536289453506,True
B,169,168,joint_oracle_injected,0.03610871732234955,True
B,169,200,joint_oracle_injected,0.5557883381843567,True
B,169,362,joint_oracle_injected,0.03016609512269497,True
B,170,96,baseline,2.4550225734710693,True
B,170,176,baseline,0.03445034474134445,True
B,170,200,baseline,2.3036539554595947,False
B,170,224,baseline,0.2801980674266815,True
B,170,96,joint_oracle_injected,6.529104232788086,False
B,170,176,joint_oracle_injected,0.023988250643014908,True
B,170,200,joint_oracle_injected,0.1466454714536667,True
B,170,224,joint_oracle_injected,0.05152466893196106,True
B,171,64,baseline,0.08525140583515167,True
B,171,82,baseline,0.14002560079097748,True
B,171,84,baseline,0.02708554081618786,True
B,171,114,baseline,6.082906723022461,False
B,171,64,joint_oracle_injected,0.08525173366069794,True
B,171,82,joint_oracle_injected,0.030143653973937035,True
B,171,84,joint_oracle_injected,0.014356771484017372,True
B,171,114,joint_oracle_injected,0.030143771320581436,True
B,172,86,baseline,0.1177777349948883,True
B,172,94,baseline,0.20703105628490448,True
B,172,354,baseline,0.018162954598665237,True
B,172,436,baseline,4.688645362854004,False
B,172,86,joint_oracle_injected,0.1177777349948883,True
B,172,94,joint_oracle_injected,0.20703105628490448,True
B,172,354,joint_oracle_injected,0.03417711704969406,True
B,172,436,joint_oracle_injected,0.13701997697353363,True
B,173,86,baseline,5.399870872497559,False
B,173,100,baseline,0.031724877655506134,True
B,173,214,baseline,6.763587951660156,False
B,173,254,baseline,6.313264846801758,False
B,173,86,joint_oracle_injected,0.03265630826354027,True
B,173,100,joint_oracle_injected,0.031724877655506134,True
B,173,214,joint_oracle_injected,0.014543830417096615,True
B,173,254,joint_oracle_injected,0.05087331682443619,True
B,174,72,baseline,0.17928411066532135,True
B,174,82,baseline,0.16749201714992523,True
B,174,168,baseline,0.01639455184340477,True
B,174,198,baseline,7.233903408050537,False
B,174,72,joint_oracle_injected,0.17928411066532135,True
B,174,82,joint_oracle_injected,0.16749222576618195,True
B,174,168,joint_oracle_injected,0.013122037053108215,True
B,174,198,joint_oracle_injected,0.045601584017276764,True
B,175,78,baseline,0.11239469796419144,True
B,175,162,baseline,0.8531702756881714,True
B,175,194,baseline,8.32441520690918,False
B,175,446,baseline,0.13643532991409302,True
B,175,78,joint_oracle_injected,0.10371910035610199,True
B,175,162,joint_oracle_injected,0.03578096628189087,True
B,175,194,joint_oracle_injected,1.1313536167144775,True
B,175,446,joint_oracle_injected,0.10186533629894257,True
B,176,64,baseline,0.04955458268523216,True
B,176,160,baseline,0.5747936964035034,True
B,176,452,baseline,5.875614166259766,False
B,176,498,baseline,6.836832046508789,False
B,176,64,joint_oracle_injected,0.04955458268523216,True
B,176,160,joint_oracle_injected,0.13232333958148956,True
B,176,452,joint_oracle_injected,0.037278201431035995,True
B,176,498,joint_oracle_injected,1.93453049659729,False
B,177,86,baseline,0.11633908748626709,True
B,177,352,baseline,0.16739521920681,True
B,177,404,baseline,0.10557898133993149,True
B,177,420,baseline,0.060717180371284485,True
B,177,86,joint_oracle_injected,0.11633908748626709,True
B,177,352,joint_oracle_injected,0.16300006210803986,True
B,177,404,joint_oracle_injected,0.08184807002544403,True
B,177,420,joint_oracle_injected,0.021781394258141518,True
B,178,68,baseline,0.02435479126870632,True
B,178,72,baseline,4.999331474304199,False
B,178,92,baseline,0.01260633859783411,True
B,178,160,baseline,1.2770971059799194,True
B,178,68,joint_oracle_injected,0.02435479126870632,True
B,178,72,joint_oracle_injected,0.050443489104509354,True
B,178,92,joint_oracle_injected,0.020336337387561798,True
B,178,160,joint_oracle_injected,0.09895223379135132,True
B,179,66,baseline,0.03854278847575188,True
B,179,74,baseline,0.030448513105511665,True
B,179,84,baseline,3.765218734741211,False
B,179,86,baseline,1.0771043300628662,True
B,179,66,joint_oracle_injected,0.03854290395975113,True
B,179,74,joint_oracle_injected,0.02951803430914879,True
B,179,84,joint_oracle_injected,0.016814878210425377,True
B,179,86,joint_oracle_injected,1.0771043300628662,True
B,180,96,baseline,0.06834753602743149,True
B,180,170,baseline,0.06530270725488663,True
B,180,202,baseline,6.647824764251709,False
B,180,338,baseline,0.04116739332675934,True
B,180,96,joint_oracle_injected,0.04137318208813667,True
B,180,170,joint_oracle_injected,0.06190228834748268,True
B,180,202,joint_oracle_injected,0.12363310903310776,True
B,180,338,joint_oracle_injected,0.01215891819447279,True
B,181,136,baseline,3.7748870849609375,False
B,181,152,baseline,0.16328157484531403,True
B,181,178,baseline,0.28711429238319397,True
B,181,266,baseline,0.04972882196307182,True
B,181,136,joint_oracle_injected,0.502475380897522,True
B,181,152,joint_oracle_injected,0.11960374563932419,True
B,181,178,joint_oracle_injected,0.055786896497011185,True
B,181,266,joint_oracle_injected,0.04972882196307182,True
B,182,68,baseline,0.3586961627006531,True
B,182,126,baseline,0.10144137591123581,True
B,182,252,baseline,0.03705950826406479,True
B,182,346,baseline,7.119226455688477,False
B,182,68,joint_oracle_injected,0.3586961627006531,True
B,182,126,joint_oracle_injected,0.06516779959201813,True
B,182,252,joint_oracle_injected,0.03705950826406479,True
B,182,346,joint_oracle_injected,0.03507265821099281,True
B,183,86,baseline,5.735426902770996,False
B,183,140,baseline,0.011218918487429619,True
B,183,390,baseline,0.0336005873978138,True
B,183,432,baseline,0.06022927165031433,True
B,183,86,joint_oracle_injected,0.06733789294958115,True
B,183,140,joint_oracle_injected,0.004947325214743614,True
B,183,390,joint_oracle_injected,0.1936062127351761,True
B,183,432,joint_oracle_injected,0.06022927165031433,True
B,184,72,baseline,0.1428050994873047,True
B,184,76,baseline,7.115039825439453,False
B,184,264,baseline,5.387302398681641,False
B,184,298,baseline,0.053131479769945145,True
B,184,72,joint_oracle_injected,0.1428050994873047,True
B,184,76,joint_oracle_injected,0.07831572741270065,True
B,184,264,joint_oracle_injected,0.03561486676335335,True
B,184,298,joint_oracle_injected,0.03430970758199692,True
B,185,84,baseline,0.04264596849679947,True
B,185,88,baseline,4.067989826202393,False
B,185,96,baseline,7.8965654373168945,False
B,185,192,baseline,0.37397849559783936,True
B,185,84,joint_oracle_injected,0.04264585301280022,True
B,185,88,joint_oracle_injected,0.328789621591568,True
B,185,96,joint_oracle_injected,0.04303131252527237,True
B,185,192,joint_oracle_injected,0.1232462003827095,True
B,186,86,baseline,0.08250327408313751,True
B,186,124,baseline,0.03626588359475136,True
B,186,304,baseline,7.875910758972168,False
B,186,332,baseline,6.546799659729004,False
B,186,86,joint_oracle_injected,0.07781791687011719,True
B,186,124,joint_oracle_injected,0.030856503173708916,True
B,186,304,joint_oracle_injected,0.9541012048721313,True
B,186,332,joint_oracle_injected,0.022463392466306686,True
B,187,146,baseline,0.03392190858721733,True
B,187,168,baseline,0.02249416522681713,True
B,187,190,baseline,0.06127380579710007,True
B,187,204,baseline,0.02167944423854351,True
B,187,146,joint_oracle_injected,0.03392190858721733,True
B,187,168,joint_oracle_injected,0.02249416522681713,True
B,187,190,joint_oracle_injected,0.06127380579710007,True
B,187,204,joint_oracle_injected,0.01495988667011261,True
B,188,78,baseline,2.0474438667297363,False
B,188,88,baseline,0.0683615654706955,True
B,188,274,baseline,0.15029597282409668,True
B,188,474,baseline,10.995133399963379,False
B,188,78,joint_oracle_injected,5.460492134094238,False
B,188,88,joint_oracle_injected,0.0683615654706955,True
B,188,274,joint_oracle_injected,0.0994807556271553,True
B,188,474,joint_oracle_injected,0.036648642271757126,True
B,189,90,baseline,4.24029016494751,True
B,189,92,baseline,0.7735841274261475,True
B,189,320,baseline,0.02090083435177803,True
B,189,388,baseline,6.005748748779297,False
B,189,90,joint_oracle_injected,0.05569027364253998,True
B,189,92,joint_oracle_injected,0.11924246698617935,True
B,189,320,joint_oracle_injected,0.013309678994119167,True
B,189,388,joint_oracle_injected,0.04246135056018829,True
B,190,64,baseline,0.06850595027208328,True
B,190,120,baseline,0.045497819781303406,True
B,190,218,baseline,4.726755142211914,False
B,190,496,baseline,7.5223798751831055,False
B,190,64,joint_oracle_injected,0.3573927581310272,True
B,190,120,joint_oracle_injected,2.819509506225586,False
B,190,218,joint_oracle_injected,0.03952232375741005,True
B,190,496,joint_oracle_injected,7.762875080108643,False
B,191,92,baseline,2.0230512619018555,False
B,191,138,baseline,0.024049118161201477,True
B,191,328,baseline,7.531647682189941,False
B,191,488,baseline,0.14152228832244873,True
B,191,92,joint_oracle_injected,0.0666811466217041,True
B,191,138,joint_oracle_injected,0.024049118161201477,True
B,191,328,joint_oracle_injected,0.05231578275561333,True
B,191,488,joint_oracle_injected,0.09596845507621765,True
B,192,86,baseline,0.007271254435181618,True
B,192,118,baseline,0.019881026819348335,True
B,192,220,baseline,5.712007999420166,False
B,192,308,baseline,0.0173355583101511,True
B,192,86,joint_oracle_injected,0.007271254435181618,True
B,192,118,joint_oracle_injected,0.019424574449658394,True
B,192,220,joint_oracle_injected,0.03147886320948601,True
B,192,308,joint_oracle_injected,0.01524710189551115,True
B,193,64,baseline,6.213371276855469,False
B,193,68,baseline,0.15063491463661194,True
B,193,72,baseline,0.11624909192323685,True
B,193,124,baseline,6.538446426391602,False
B,193,64,joint_oracle_injected,0.044605985283851624,True
B,193,68,joint_oracle_injected,0.15063470602035522,True
B,193,72,joint_oracle_injected,0.11624866724014282,True
B,193,124,joint_oracle_injected,0.08618483692407608,True
B,194,76,baseline,0.06974980235099792,True
B,194,90,baseline,1.2805068492889404,False
B,194,322,baseline,0.1425119787454605,True
B,194,362,baseline,0.19764114916324615,True
B,194,76,joint_oracle_injected,0.06974980235099792,True
B,194,90,joint_oracle_injected,1.2805068492889404,False
B,194,322,joint_oracle_injected,0.1425119787454605,True
B,194,362,joint_oracle_injected,0.028266312554478645,True
B,195,64,baseline,0.11036492884159088,True
B,195,146,baseline,0.08061115443706512,True
B,195,224,baseline,0.12031860649585724,True
B,195,420,baseline,0.09781835973262787,True
B,195,64,joint_oracle_injected,0.11036492884159088,True
B,195,146,joint_oracle_injected,0.025859229266643524,True
B,195,224,joint_oracle_injected,0.07422579824924469,True
B,195,420,joint_oracle_injected,0.09781835973262787,True
B,196,80,baseline,5.9622650146484375,False
B,196,112,baseline,2.8569207191467285,False
B,196,222,baseline,0.1058754175901413,True
B,196,396,baseline,0.1702486127614975,True
B,196,80,joint_oracle_injected,0.25022977590560913,True
B,196,112,joint_oracle_injected,0.0802062526345253,True
B,196,222,joint_oracle_injected,0.0728921890258789,True
B,196,396,joint_oracle_injected,0.011513691395521164,True
B,197,106,baseline,0.030988262966275215,True
B,197,118,baseline,5.401421546936035,False
B,197,130,baseline,0.08038347959518433,True
B,197,228,baseline,2.275015115737915,True
B,197,106,joint_oracle_injected,0.030988262966275215,True
B,197,118,joint_oracle_injected,0.03168053179979324,True
B,197,130,joint_oracle_injected,0.08038347959518433,True
B,197,228,joint_oracle_injected,0.6816686987876892,True
B,198,78,baseline,0.08866697549819946,True
B,198,126,baseline,0.970579981803894,True
B,198,162,baseline,5.855644226074219,False
B,198,242,baseline,0.03290607035160065,True
B,198,78,joint_oracle_injected,0.08866697549819946,True
B,198,126,joint_oracle_injected,0.028492266312241554,True
B,198,162,joint_oracle_injected,0.09292338788509369,True
B,198,242,joint_oracle_injected,0.020011086016893387,True
B,199,194,baseline,0.03685340657830238,True
B,199,330,baseline,0.033299800008535385,True
B,199,376,baseline,0.06371468305587769,True
B,199,498,baseline,8.373737335205078,False
B,199,194,joint_oracle_injected,0.03685340657830238,True
B,199,330,joint_oracle_injected,0.025252308696508408,True
B,199,376,joint_oracle_injected,0.021581217646598816,True
B,199,498,joint_oracle_injected,0.015580946579575539,True
B,200,64,baseline,12.514030456542969,False
B,200,104,baseline,0.08332642167806625,True
B,200,196,baseline,0.24355670809745789,True
B,200,302,baseline,0.08354707062244415,True
B,200,64,joint_oracle_injected,10.114124298095703,False
B,200,104,joint_oracle_injected,0.08332642167806625,True
B,200,196,joint_oracle_injected,0.24355679750442505,True
B,200,302,joint_oracle_injected,0.015455827116966248,True
B,201,74,baseline,0.04901307076215744,True
B,201,144,baseline,0.05462589114904404,True
B,201,162,baseline,6.689411163330078,False
B,201,266,baseline,0.05487214773893356,True
B,201,74,joint_oracle_injected,0.04901307076215744,True
B,201,144,joint_oracle_injected,0.05462589114904404,True
B,201,162,joint_oracle_injected,0.020385395735502243,True
B,201,266,joint_oracle_injected,4.100188255310059,False
B,202,68,baseline,0.22901038825511932,True
B,202,134,baseline,0.05584101378917694,True
B,202,164,baseline,8.470231056213379,False
B,202,174,baseline,0.18878820538520813,True
B,202,68,joint_oracle_injected,0.22901038825511932,True
B,202,134,joint_oracle_injected,0.025279972702264786,True
B,202,164,joint_oracle_injected,0.3636699616909027,True
B,202,174,joint_oracle_injected,0.1396375298500061,True
B,203,78,baseline,6.308642387390137,False
B,203,122,baseline,1.8492072820663452,True
B,203,186,baseline,0.098280169069767,True
B,203,208,baseline,5.128518104553223,False
B,203,78,joint_oracle_injected,0.3430861830711365,True
B,203,122,joint_oracle_injected,0.1881978064775467,True
B,203,186,joint_oracle_injected,0.09410719573497772,True
B,203,208,joint_oracle_injected,0.12778112292289734,True
B,204,94,baseline,0.02698528952896595,True
B,204,124,baseline,5.618425369262695,False
B,204,236,baseline,0.027705727145075798,True
B,204,244,baseline,7.221420764923096,False
B,204,94,joint_oracle_injected,0.02698528952896595,True
B,204,124,joint_oracle_injected,0.06966652721166611,True
B,204,236,joint_oracle_injected,0.026145072653889656,True
B,204,244,joint_oracle_injected,0.048480693250894547,True
B,205,88,baseline,8.967890739440918,False
B,205,114,baseline,0.0662783682346344,True
B,205,142,baseline,4.486987113952637,False
B,205,378,baseline,4.692471981048584,False
B,205,88,joint_oracle_injected,0.030601253733038902,True
B,205,114,joint_oracle_injected,0.0662783682346344,True
B,205,142,joint_oracle_injected,0.13533402979373932,True
B,205,378,joint_oracle_injected,0.14879028499126434,True
B,206,66,baseline,0.030554313212633133,True
B,206,68,baseline,7.226044654846191,False
B,206,96,baseline,0.1079108789563179,True
B,206,98,baseline,1.9244840145111084,True
B,206,66,joint_oracle_injected,0.047588448971509933,True
B,206,68,joint_oracle_injected,0.3703857660293579,True
B,206,96,joint_oracle_injected,0.12141913175582886,True
B,206,98,joint_oracle_injected,0.032681457698345184,True
B,207,250,baseline,0.19884589314460754,True
B,207,266,baseline,0.8197399377822876,True
B,207,382,baseline,0.16872425377368927,True
B,207,466,baseline,6.996247291564941,False
B,207,250,joint_oracle_injected,0.0906570553779602,True
B,207,266,joint_oracle_injected,0.029749028384685516,True
B,207,382,joint_oracle_injected,0.03720894455909729,True
B,207,466,joint_oracle_injected,0.045889586210250854,True
B,208,66,baseline,4.351353645324707,False
B,208,70,baseline,0.3742295801639557,True
B,208,74,baseline,5.167544364929199,False
B,208,76,baseline,9.212179183959961,False
B,208,66,joint_oracle_injected,0.3774472773075104,True
B,208,70,joint_oracle_injected,0.37422916293144226,True
B,208,74,joint_oracle_injected,0.4289657771587372,True
B,208,76,joint_oracle_injected,1.6282548904418945,True
B,209,64,baseline,2.0192668437957764,True
B,209,120,baseline,0.03283582255244255,True
B,209,252,baseline,6.724878311157227,False
B,209,324,baseline,6.3906965255737305,False
B,209,64,joint_oracle_injected,0.02363053895533085,True
B,209,120,joint_oracle_injected,0.03283582255244255,True
B,209,252,joint_oracle_injected,0.9012385010719299,True
B,209,324,joint_oracle_injected,0.027859235182404518,True
B,210,68,baseline,0.05579659342765808,True
B,210,72,baseline,0.04688413441181183,True
B,210,110,baseline,7.6054863929748535,False
B,210,256,baseline,0.3041023910045624,True
B,210,68,joint_oracle_injected,0.05579659342765808,True
B,210,72,joint_oracle_injected,0.04688413441181183,True
B,210,110,joint_oracle_injected,0.21906840801239014,True
B,210,256,joint_oracle_injected,0.13451135158538818,True
B,211,74,baseline,4.5205206871032715,False
B,211,148,baseline,0.022119944915175438,True
B,211,288,baseline,0.14568883180618286,True
B,211,446,baseline,8.254810333251953,False
B,211,74,joint_oracle_injected,0.0450202077627182,True
B,211,148,joint_oracle_injected,0.022119944915175438,True
B,211,288,joint_oracle_injected,0.14568883180618286,True
B,211,446,joint_oracle_injected,0.1813381314277649,True
B,212,64,baseline,0.060404352843761444,True
B,212,70,baseline,0.04095904529094696,True
B,212,104,baseline,0.3961747884750366,True
B,212,136,baseline,7.212533950805664,False
B,212,64,joint_oracle_injected,0.060404468327760696,True
B,212,70,joint_oracle_injected,0.024764809757471085,True
B,212,104,joint_oracle_injected,0.07730540633201599,True
B,212,136,joint_oracle_injected,0.04215773195028305,True
B,213,70,baseline,0.09454447776079178,True
B,213,104,baseline,0.10154196619987488,True
B,213,142,baseline,7.873353481292725,False
B,213,396,baseline,4.538943290710449,False
B,213,70,joint_oracle_injected,0.09454447776079178,True
B,213,104,joint_oracle_injected,0.04365105181932449,True
B,213,142,joint_oracle_injected,0.46044686436653137,True
B,213,396,joint_oracle_injected,0.031127633526921272,True
B,214,70,baseline,3.121386766433716,True
B,214,74,baseline,10.981366157531738,False
B,214,80,baseline,3.033202648162842,False
B,214,86,baseline,0.06699859350919724,True
B,214,70,joint_oracle_injected,0.08507448434829712,True
B,214,74,joint_oracle_injected,4.580837726593018,False
B,214,80,joint_oracle_injected,0.21742089092731476,True
B,214,86,joint_oracle_injected,0.06699859350919724,True
B,215,78,baseline,0.09987296909093857,True
B,215,96,baseline,0.08106482028961182,True
B,215,126,baseline,5.590498924255371,False
B,215,178,baseline,0.03923569247126579,True
B,215,78,joint_oracle_injected,0.05613430589437485,True
B,215,96,joint_oracle_injected,0.08106482028961182,True
B,215,126,joint_oracle_injected,0.09100083261728287,True
B,215,178,joint_oracle_injected,0.032124727964401245,True
B,216,64,baseline,0.156917005777359,True
B,216,122,baseline,0.07884358614683151,True
B,216,192,baseline,5.8385491371154785,False
B,216,392,baseline,0.9469155073165894,True
B,216,64,joint_oracle_injected,0.156917005777359,True
B,216,122,joint_oracle_injected,0.07884358614683151,True
B,216,192,joint_oracle_injected,0.1654999554157257,True
B,216,392,joint_oracle_injected,1.364931344985962,True
B,217,64,baseline,0.016030827537178993,True
B,217,66,baseline,0.022889800369739532,True
B,217,86,baseline,2.4458694458007812,False
B,217,282,baseline,0.0543818324804306,True
B,217,64,joint_oracle_injected,0.016030827537178993,True
B,217,66,joint_oracle_injected,0.04795405641198158,True
B,217,86,joint_oracle_injected,2.4458694458007812,False
B,217,282,joint_oracle_injected,0.036810778081417084,True
B,218,68,baseline,3.578813076019287,False
B,218,72,baseline,0.03837553784251213,True
B,218,84,baseline,0.12193792313337326,True
B,218,388,baseline,0.09227465093135834,True
B,218,68,joint_oracle_injected,3.578813076019287,False
B,218,72,joint_oracle_injected,0.03837553784251213,True
B,218,84,joint_oracle_injected,0.12193792313337326,True
B,218,388,joint_oracle_injected,0.04470038041472435,True
B,219,72,baseline,0.015880772843956947,True
B,219,80,baseline,0.19324526190757751,True
B,219,86,baseline,0.01977911777794361,True
B,219,278,baseline,6.39948844909668,False
B,219,72,joint_oracle_injected,0.015880772843956947,True
B,219,80,joint_oracle_injected,0.19324526190757751,True
B,219,86,joint_oracle_injected,0.01840735413134098,True
B,219,278,joint_oracle_injected,0.0656740665435791,True
B,220,82,baseline,0.8954287171363831,True
B,220,124,baseline,6.657642841339111,False
B,220,174,baseline,4.986517906188965,False
B,220,490,baseline,5.2369384765625,False
B,220,82,joint_oracle_injected,0.8954287171363831,True
B,220,124,joint_oracle_injected,0.0344855859875679,True
B,220,174,joint_oracle_injected,0.22695337235927582,True
B,220,490,joint_oracle_injected,0.20565135776996613,True
B,221,64,baseline,0.06711330264806747,True
B,221,66,baseline,0.6720864176750183,True
B,221,184,baseline,0.09473869949579239,True
B,221,208,baseline,0.03814251348376274,True
B,221,64,joint_oracle_injected,0.06711330264806747,True
B,221,66,joint_oracle_injected,0.6720861792564392,True
B,221,184,joint_oracle_injected,0.0947389155626297,True
B,221,208,joint_oracle_injected,0.034794993698596954,True
B,222,94,baseline,0.04185127839446068,True
B,222,140,baseline,4.284096717834473,False
B,222,262,baseline,0.05218363553285599,True
B,222,466,baseline,5.1535115242004395,False
B,222,94,joint_oracle_injected,0.04185127839446068,True
B,222,140,joint_oracle_injected,0.13875238597393036,True
B,222,262,joint_oracle_injected,0.05218363553285599,True
B,222,466,joint_oracle_injected,0.06003754585981369,True
B,223,64,baseline,0.04079597815871239,True
B,223,106,baseline,11.686530113220215,False
B,223,172,baseline,5.114856719970703,False
B,223,192,baseline,0.0682402029633522,True
B,223,64,joint_oracle_injected,0.04079609364271164,True
B,223,106,joint_oracle_injected,3.4292142391204834,False
B,223,172,joint_oracle_injected,0.40682223439216614,True
B,223,192,joint_oracle_injected,0.0682402029633522,True
B,224,72,baseline,0.04558848589658737,True
B,224,74,baseline,8.4170503616333,False
B,224,134,baseline,5.710522174835205,False
B,224,138,baseline,0.06378906220197678,True
B,224,72,joint_oracle_injected,0.04853849858045578,True
B,224,74,joint_oracle_injected,0.2565855383872986,True
B,224,134,joint_oracle_injected,0.6881923675537109,True
B,224,138,joint_oracle_injected,0.03316938132047653,True
B,225,104,baseline,0.16810384392738342,True
B,225,128,baseline,0.07472594827413559,True
B,225,146,baseline,0.028528299182653427,True
B,225,152,baseline,0.11027130484580994,True
B,225,104,joint_oracle_injected,0.16810394823551178,True
B,225,128,joint_oracle_injected,0.07472606003284454,True
B,225,146,joint_oracle_injected,0.028528530150651932,True
B,225,152,joint_oracle_injected,0.1102716252207756,True
B,226,82,baseline,0.02334979921579361,True
B,226,96,baseline,0.1546119749546051,True
B,226,108,baseline,0.12395278364419937,True
B,226,224,baseline,0.01575639471411705,True
B,226,82,joint_oracle_injected,0.02334979921579361,True
B,226,96,joint_oracle_injected,0.1546119749546051,True
B,226,108,joint_oracle_injected,0.09864962846040726,True
B,226,224,joint_oracle_injected,0.06624222546815872,True
B,227,72,baseline,0.11181443929672241,True
B,227,84,baseline,6.669388294219971,False
B,227,88,baseline,0.05644170939922333,True
B,227,190,baseline,6.394037246704102,False
B,227,72,joint_oracle_injected,0.11181443929672241,True
B,227,84,joint_oracle_injected,0.17595966160297394,True
B,227,88,joint_oracle_injected,0.05644170939922333,True
B,227,190,joint_oracle_injected,0.0551721565425396,True
B,228,96,baseline,7.7885661125183105,False
B,228,120,baseline,0.19992095232009888,True
B,228,140,baseline,4.377900123596191,False
B,228,204,baseline,0.05218465253710747,True
B,228,96,joint_oracle_injected,0.07662801444530487,True
B,228,120,joint_oracle_injected,0.02952960878610611,True
B,228,140,joint_oracle_injected,0.047831784933805466,True
B,228,204,joint_oracle_injected,0.7168680429458618,True
B,229,64,baseline,0.05244870483875275,True
B,229,68,baseline,0.022060593590140343,True
B,229,170,baseline,0.10521817952394485,True
B,229,410,baseline,6.32746696472168,False
B,229,64,joint_oracle_injected,0.05244870483875275,True
B,229,68,joint_oracle_injected,0.02601487934589386,True
B,229,170,joint_oracle_injected,0.0272534117102623,True
B,229,410,joint_oracle_injected,0.0648142471909523,True
B,230,70,baseline,0.13456647098064423,True
B,230,82,baseline,1.6767417192459106,False
B,230,154,baseline,0.06115651875734329,True
B,230,426,baseline,0.11954503506422043,True
B,230,70,joint_oracle_injected,0.13456647098064423,True
B,230,82,joint_oracle_injected,0.4132155478000641,True
B,230,154,joint_oracle_injected,0.021226730197668076,True
B,230,426,joint_oracle_injected,0.056626129895448685,True
B,231,138,baseline,0.13590776920318604,True
B,231,248,baseline,0.05050571262836456,True
B,231,504,baseline,6.581153392791748,False
B,231,508,baseline,7.323464393615723,False
B,231,138,joint_oracle_injected,0.07976650446653366,True
B,231,248,joint_oracle_injected,0.025563310831785202,True
B,231,504,joint_oracle_injected,0.0266204085201025,True
B,231,508,joint_oracle_injected,0.06434386968612671,True
B,232,74,baseline,3.8128085136413574,False
B,232,138,baseline,0.037839073687791824,True
B,232,178,baseline,0.020060628652572632,True
B,232,492,baseline,4.920093536376953,False
B,232,74,joint_oracle_injected,0.06622593104839325,True
B,232,138,joint_oracle_injected,0.045146241784095764,True
B,232,178,joint_oracle_injected,0.013440243899822235,True
B,232,492,joint_oracle_injected,0.11670830100774765,True
B,233,76,baseline,0.04546068608760834,True
B,233,96,baseline,0.08108899742364883,True
B,233,160,baseline,0.23979689180850983,True
B,233,172,baseline,8.970548629760742,False
B,233,76,joint_oracle_injected,0.04546068608760834,True
B,233,96,joint_oracle_injected,0.06577140837907791,True
B,233,160,joint_oracle_injected,0.03939637914299965,True
B,233,172,joint_oracle_injected,3.743159055709839,False
B,234,82,baseline,0.12395498901605606,True
B,234,98,baseline,6.055655479431152,False
B,234,150,baseline,4.070863723754883,False
B,234,262,baseline,0.5320685505867004,True
B,234,82,joint_oracle_injected,0.12395498901605606,True
B,234,98,joint_oracle_injected,0.10895106196403503,True
B,234,150,joint_oracle_injected,0.04944555461406708,True
B,234,262,joint_oracle_injected,0.09744956344366074,True
B,235,64,baseline,4.232480525970459,False
B,235,66,baseline,4.0920562744140625,False
B,235,140,baseline,0.037720151245594025,True
B,235,160,baseline,7.144386291503906,False
B,235,64,joint_oracle_injected,0.5261041522026062,True
B,235,66,joint_oracle_injected,0.12597766518592834,True
B,235,140,joint_oracle_injected,0.04973630607128143,True
B,235,160,joint_oracle_injected,0.4700484871864319,True
B,236,68,baseline,6.790088653564453,False
B,236,118,baseline,0.04737450182437897,True
B,236,148,baseline,0.07372128963470459,True
B,236,208,baseline,6.696946620941162,False
B,236,68,joint_oracle_injected,0.10008978098630905,True
B,236,118,joint_oracle_injected,0.02841799706220627,True
B,236,148,joint_oracle_injected,0.08717913180589676,True
B,236,208,joint_oracle_injected,0.08664570748806,True
B,237,70,baseline,0.043097998946905136,True
B,237,94,baseline,0.10624273121356964,True
B,237,150,baseline,0.7427957057952881,True
B,237,174,baseline,6.04953145980835,False
B,237,70,joint_oracle_injected,0.043097883462905884,True
B,237,94,joint_oracle_injected,0.10624273121356964,True
B,237,150,joint_oracle_injected,0.03276868164539337,True
B,237,174,joint_oracle_injected,0.13056783378124237,True
B,238,100,baseline,0.054420895874500275,True
B,238,168,baseline,0.03787809610366821,True
B,238,304,baseline,5.604718208312988,False
B,238,484,baseline,5.560911655426025,False
B,238,100,joint_oracle_injected,0.054420895874500275,True
B,238,168,joint_oracle_injected,0.04164879396557808,True
B,238,304,joint_oracle_injected,0.5866992473602295,True
B,238,484,joint_oracle_injected,0.19203561544418335,True
B,239,74,baseline,0.17875535786151886,True
B,239,100,baseline,12.080934524536133,False
B,239,174,baseline,0.05310932546854019,True
B,239,242,baseline,7.1996870040893555,False
B,239,74,joint_oracle_injected,0.17875535786151886,True
B,239,100,joint_oracle_injected,0.5696768164634705,True
B,239,174,joint_oracle_injected,0.045291971415281296,True
B,239,242,joint_oracle_injected,0.1502799689769745,True
B,240,66,baseline,0.03084598481655121,True
B,240,86,baseline,0.07058906555175781,True
B,240,126,baseline,0.12119697034358978,True
B,240,164,baseline,14.655291557312012,False
B,240,66,joint_oracle_injected,2.6872661113739014,False
B,240,86,joint_oracle_injected,0.07058917731046677,True
B,240,126,joint_oracle_injected,0.12119686603546143,True
B,240,164,joint_oracle_injected,14.923382759094238,False
B,241,66,baseline,5.355134963989258,False
B,241,80,baseline,0.01810477301478386,True
B,241,156,baseline,0.04284676909446716,True
B,241,254,baseline,0.030550265684723854,True
B,241,66,joint_oracle_injected,3.862342119216919,False
B,241,80,joint_oracle_injected,0.01810477301478386,True
B,241,156,joint_oracle_injected,0.04284676909446716,True
B,241,254,joint_oracle_injected,0.0801558569073677,True
B,242,64,baseline,0.1331920623779297,True
B,242,74,baseline,0.05134984105825424,True
B,242,198,baseline,0.029049169272184372,True
B,242,218,baseline,0.036135509610176086,True
B,242,64,joint_oracle_injected,0.11588893830776215,True
B,242,74,joint_oracle_injected,0.04794701188802719,True
B,242,198,joint_oracle_injected,0.029049169272184372,True
B,242,218,joint_oracle_injected,0.0181462150067091,True
B,243,80,baseline,7.135087966918945,False
B,243,98,baseline,0.045389603823423386,True
B,243,104,baseline,0.5138144493103027,True
B,243,146,baseline,6.206551551818848,False
B,243,80,joint_oracle_injected,0.07655844837427139,True
B,243,98,joint_oracle_injected,0.0821375697851181,True
B,243,104,joint_oracle_injected,0.4173356592655182,True
B,243,146,joint_oracle_injected,0.21445965766906738,True
B,244,96,baseline,0.23489107191562653,True
B,244,170,baseline,0.03871184587478638,True
B,244,294,baseline,0.04063597321510315,True
B,244,406,baseline,0.35367172956466675,True
B,244,96,joint_oracle_injected,0.23489107191562653,True
B,244,170,joint_oracle_injected,0.04459356144070625,True
B,244,294,joint_oracle_injected,0.018033942207694054,True
B,244,406,joint_oracle_injected,0.13931681215763092,True
B,245,64,baseline,0.021978147327899933,True
B,245,96,baseline,0.2815152406692505,True
B,245,132,baseline,6.305307388305664,False
B,245,142,baseline,5.101537704467773,False
B,245,64,joint_oracle_injected,0.021978147327899933,True
B,245,96,joint_oracle_injected,0.16380855441093445,True
B,245,132,joint_oracle_injected,0.1269690990447998,True
B,245,142,joint_oracle_injected,0.12019059807062149,True
B,246,174,baseline,0.013969618827104568,True
B,246,268,baseline,0.3537072241306305,True
B,246,320,baseline,5.129186630249023,False
B,246,372,baseline,0.013092740438878536,True
B,246,174,joint_oracle_injected,0.013969618827104568,True
B,246,268,joint_oracle_injected,0.0938875675201416,True
B,246,320,joint_oracle_injected,0.04650766775012016,True
B,246,372,joint_oracle_injected,0.038957808166742325,True
B,247,72,baseline,0.042993973940610886,True
B,247,94,baseline,0.020700599998235703,True
B,247,240,baseline,0.01588617078959942,True
B,247,282,baseline,0.06984251737594604,True
B,247,72,joint_oracle_injected,0.042993973940610886,True
B,247,94,joint_oracle_injected,0.020700599998235703,True
B,247,240,joint_oracle_injected,0.008450346998870373,True
B,247,282,joint_oracle_injected,0.06984251737594604,True
B,248,72,baseline,0.08059003949165344,True
B,248,98,baseline,0.033101458102464676,True
B,248,126,baseline,14.656966209411621,False
B,248,418,baseline,7.437595367431641,False
B,248,72,joint_oracle_injected,0.06810056418180466,True
B,248,98,joint_oracle_injected,0.02881847694516182,True
B,248,126,joint_oracle_injected,7.481126308441162,False
B,248,418,joint_oracle_injected,0.03710522502660751,True
B,249,92,baseline,0.13219258189201355,True
B,249,154,baseline,6.910346031188965,False
B,249,230,baseline,0.010652347467839718,True
B,249,460,baseline,0.0406777486205101,True
B,249,92,joint_oracle_injected,0.13219258189201355,True
B,249,154,joint_oracle_injected,0.09366592764854431,True
B,249,230,joint_oracle_injected,0.013948340900242329,True
B,249,460,joint_oracle_injected,0.07655734568834305,True
B,250,108,baseline,0.03040006197988987,True
B,250,152,baseline,0.03772864490747452,True
B,250,154,baseline,0.06597933173179626,True
B,250,468,baseline,7.304176330566406,False
B,250,108,joint_oracle_injected,0.027552079409360886,True
B,250,152,joint_oracle_injected,0.02653856948018074,True
B,250,154,joint_oracle_injected,0.06597933173179626,True
B,250,468,joint_oracle_injected,0.02322751097381115,True
B,251,78,baseline,0.04421554505825043,True
B,251,80,baseline,0.028996596112847328,True
B,251,144,baseline,5.849835395812988,False
B,251,330,baseline,0.09753315150737762,True
B,251,78,joint_oracle_injected,0.04750296473503113,True
B,251,80,joint_oracle_injected,0.028996596112847328,True
B,251,144,joint_oracle_injected,0.08285326510667801,True
B,251,330,joint_oracle_injected,0.05928206816315651,True
B,252,66,baseline,0.08743202686309814,True
B,252,152,baseline,0.38301706314086914,True
B,252,176,baseline,4.435003280639648,False
B,252,200,baseline,1.1122112274169922,False
B,252,66,joint_oracle_injected,0.08743191510438919,True
B,252,152,joint_oracle_injected,1.9303781986236572,False
B,252,176,joint_oracle_injected,0.09203123301267624,True
B,252,200,joint_oracle_injected,0.05976662039756775,True
B,253,90,baseline,0.02454185113310814,True
B,253,112,baseline,8.135958671569824,False
B,253,252,baseline,9.127242088317871,False
B,253,428,baseline,0.1102607324719429,True
B,253,90,joint_oracle_injected,0.026869945228099823,True
B,253,112,joint_oracle_injected,0.05989159271121025,True
B,253,252,joint_oracle_injected,0.029694292694330215,True
B,253,428,joint_oracle_injected,0.03914284333586693,True
B,254,78,baseline,9.151023864746094,False
B,254,86,baseline,4.390318393707275,False
B,254,128,baseline,6.490068435668945,False
B,254,280,baseline,4.560980796813965,False
B,254,78,joint_oracle_injected,0.3811953663825989,True
B,254,86,joint_oracle_injected,0.052963826805353165,True
B,254,128,joint_oracle_injected,0.02900192327797413,True
B,254,280,joint_oracle_injected,0.09617355465888977,True
B,255,80,baseline,0.03568871691823006,True
B,255,186,baseline,0.032567113637924194,True
B,255,408,baseline,0.021027959883213043,True
B,255,414,baseline,0.11817353963851929,True
B,255,80,joint_oracle_injected,0.03741325065493584,True
B,255,186,joint_oracle_injected,0.02619733102619648,True
B,255,408,joint_oracle_injected,0.03044920600950718,True
B,255,414,joint_oracle_injected,0.143964484333992,True
C,0,112,baseline,6.643022537231445,False
C,0,118,baseline,0.01538985688239336,True
C,0,174,baseline,0.017323140054941177,True
C,0,458,baseline,0.009083258919417858,True
C,0,112,joint_oracle_injected,0.11193083226680756,True
C,0,118,joint_oracle_injected,0.01538985688239336,True
C,0,174,joint_oracle_injected,0.017323140054941177,True
C,0,458,joint_oracle_injected,0.009083258919417858,True
C,1,72,baseline,0.017500272020697594,True
C,1,78,baseline,3.0137767791748047,False
C,1,84,baseline,0.01836065575480461,True
C,1,288,baseline,0.041315190494060516,True
C,1,72,joint_oracle_injected,0.017500272020697594,True
C,1,78,joint_oracle_injected,0.07159654051065445,True
C,1,84,joint_oracle_injected,0.01836065575480461,True
C,1,288,joint_oracle_injected,0.017716960981488228,True
C,2,82,baseline,7.062891006469727,False
C,2,154,baseline,0.019796064123511314,True
C,2,256,baseline,5.261244773864746,False
C,2,456,baseline,0.17372502386569977,True
C,2,82,joint_oracle_injected,0.009124367497861385,True
C,2,154,joint_oracle_injected,0.013388960622251034,True
C,2,256,joint_oracle_injected,0.6546756029129028,True
C,2,456,joint_oracle_injected,0.17372502386569977,True
C,3,80,baseline,0.016217105090618134,True
C,3,110,baseline,7.605033874511719,False
C,3,272,baseline,4.084012031555176,False
C,3,336,baseline,0.008259779773652554,True
C,3,80,joint_oracle_injected,0.016217105090618134,True
C,3,110,joint_oracle_injected,0.011789527721703053,True
C,3,272,joint_oracle_injected,0.11251752078533173,True
C,3,336,joint_oracle_injected,0.00825989805161953,True
C,4,124,baseline,0.012546654790639877,True
C,4,152,baseline,0.022549878805875778,True
C,4,296,baseline,0.2675420939922333,True
C,4,400,baseline,4.929101943969727,False
C,4,124,joint_oracle_injected,0.012546654790639877,True
C,4,152,joint_oracle_injected,0.022549878805875778,True
C,4,296,joint_oracle_injected,0.14096562564373016,True
C,4,400,joint_oracle_injected,0.049706701189279556,True
C,5,76,baseline,0.04318305850028992,True
C,5,144,baseline,0.02507038228213787,True
C,5,246,baseline,9.672286987304688,False
C,5,250,baseline,0.12351321429014206,True
C,5,76,joint_oracle_injected,0.04318305850028992,True
C,5,144,joint_oracle_injected,0.02507038228213787,True
C,5,246,joint_oracle_injected,0.017509877681732178,True
C,5,250,joint_oracle_injected,0.08698900789022446,True
C,6,82,baseline,0.017383476719260216,True
C,6,88,baseline,0.020588496699929237,True
C,6,102,baseline,7.376969814300537,False
C,6,262,baseline,3.7684707641601562,True
C,6,82,joint_oracle_injected,0.017383476719260216,True
C,6,88,joint_oracle_injected,0.020588496699929237,True
C,6,102,joint_oracle_injected,0.016545232385396957,True
C,6,262,joint_oracle_injected,0.023345954716205597,True
C,7,74,baseline,0.037689268589019775,True
C,7,100,baseline,0.06907516717910767,True
C,7,102,baseline,0.20139794051647186,True
C,7,146,baseline,0.25237298011779785,True
C,7,74,joint_oracle_injected,0.03768892586231232,True
C,7,100,joint_oracle_injected,0.0690748393535614,True
C,7,102,joint_oracle_injected,0.2013963758945465,True
C,7,146,joint_oracle_injected,0.25237298011779785,True
C,8,88,baseline,0.007503421511501074,True
C,8,104,baseline,0.011817684397101402,True
C,8,124,baseline,0.009244022890925407,True
C,8,270,baseline,0.025662772357463837,True
C,8,88,joint_oracle_injected,0.007503421511501074,True
C,8,104,joint_oracle_injected,0.011817684397101402,True
C,8,124,joint_oracle_injected,0.009244022890925407,True
C,8,270,joint_oracle_injected,0.024807605892419815,True
C,9,84,baseline,0.01151864044368267,True
C,9,108,baseline,0.007071703672409058,True
C,9,152,baseline,0.01063312217593193,True
C,9,390,baseline,0.28054869174957275,True
C,9,84,joint_oracle_injected,0.01151864044368267,True
C,9,108,joint_oracle_injected,0.007071703672409058,True
C,9,152,joint_oracle_injected,0.01063312217593193,True
C,9,390,joint_oracle_injected,0.012139486148953438,True
C,10,68,baseline,8.54133415222168,False
C,10,92,baseline,0.0067695798352360725,True
C,10,94,baseline,0.009732180275022984,True
C,10,152,baseline,12.087656021118164,False
C,10,68,joint_oracle_injected,1.1343809366226196,True
C,10,92,joint_oracle_injected,0.0067695798352360725,True
C,10,94,joint_oracle_injected,0.009732180275022984,True
C,10,152,joint_oracle_injected,8.054458618164062,False
C,11,134,baseline,0.017873533070087433,True
C,11,154,baseline,0.016649818047881126,True
C,11,184,baseline,0.011432139202952385,True
C,11,366,baseline,0.013046263717114925,True
C,11,134,joint_oracle_injected,0.017873533070087433,True
C,11,154,joint_oracle_injected,0.016649818047881126,True
C,11,184,joint_oracle_injected,0.011432139202952385,True
C,11,366,joint_oracle_injected,0.013046263717114925,True
C,12,80,baseline,0.12249082326889038,True
C,12,170,baseline,1.5751433372497559,True
C,12,184,baseline,0.03646210953593254,True
C,12,426,baseline,6.300687789916992,False
C,12,80,joint_oracle_injected,0.12249082326889038,True
C,12,170,joint_oracle_injected,1.5751433372497559,True
C,12,184,joint_oracle_injected,0.03646210953593254,True
C,12,426,joint_oracle_injected,0.016871729865670204,True
C,13,92,baseline,0.012188006192445755,True
C,13,96,baseline,6.153055191040039,False
C,13,270,baseline,0.01893165148794651,True
C,13,356,baseline,0.053683191537857056,True
C,13,92,joint_oracle_injected,0.012188006192445755,True
C,13,96,joint_oracle_injected,0.04037049785256386,True
C,13,270,joint_oracle_injected,0.013744239695370197,True
C,13,356,joint_oracle_injected,0.042733579874038696,True
C,14,68,baseline,4.291513919830322,False
C,14,76,baseline,0.023167874664068222,True
C,14,228,baseline,0.01760885678231716,True
C,14,430,baseline,0.5248650312423706,True
C,14,68,joint_oracle_injected,0.1367456316947937,True
C,14,76,joint_oracle_injected,0.023167874664068222,True
C,14,228,joint_oracle_injected,0.01760885678231716,True
C,14,430,joint_oracle_injected,0.15064240992069244,True
C,15,76,baseline,0.01670163683593273,True
C,15,108,baseline,6.098186016082764,False
C,15,280,baseline,0.022238170728087425,True
C,15,500,baseline,0.276073157787323,True
C,15,76,joint_oracle_injected,0.01670163683593273,True
C,15,108,joint_oracle_injected,0.01729677803814411,True
C,15,280,joint_oracle_injected,0.019548380747437477,True
C,15,500,joint_oracle_injected,0.014424455352127552,True
C,16,80,baseline,0.011006477288901806,True
C,16,136,baseline,4.065830230712891,False
C,16,146,baseline,6.315368175506592,False
C,16,252,baseline,0.03301046043634415,True
C,16,80,joint_oracle_injected,0.011006477288901806,True
C,16,136,joint_oracle_injected,0.010961436666548252,True
C,16,146,joint_oracle_injected,0.01605757512152195,True
C,16,252,joint_oracle_injected,0.02705015242099762,True
C,17,70,baseline,0.008556844666600227,True
C,17,76,baseline,2.510836124420166,False
C,17,148,baseline,5.198630332946777,False
C,17,190,baseline,6.040176868438721,False
C,17,70,joint_oracle_injected,0.008556844666600227,True
C,17,76,joint_oracle_injected,7.284805774688721,False
C,17,148,joint_oracle_injected,0.009237644262611866,True
C,17,190,joint_oracle_injected,0.02155345119535923,True
C,18,78,baseline,10.950376510620117,False
C,18,80,baseline,0.038138497620821,True
C,18,96,baseline,0.058151550590991974,True
C,18,128,baseline,0.06699569523334503,True
C,18,78,joint_oracle_injected,0.86946702003479,True
C,18,80,joint_oracle_injected,0.038138724863529205,True
C,18,96,joint_oracle_injected,0.05815166234970093,True
C,18,128,joint_oracle_injected,0.06699569523334503,True
C,19,98,baseline,0.08755763620138168,True
C,19,128,baseline,0.014460175298154354,True
C,19,226,baseline,6.435390472412109,False
C,19,410,baseline,5.297381401062012,False
C,19,98,joint_oracle_injected,0.06519884616136551,True
C,19,128,joint_oracle_injected,0.01210804097354412,True
C,19,226,joint_oracle_injected,0.03081870637834072,True
C,19,410,joint_oracle_injected,1.093927264213562,True
C,20,66,baseline,0.010059963911771774,True
C,20,68,baseline,0.007651663385331631,True
C,20,154,baseline,6.691901206970215,False
C,20,328,baseline,4.707949638366699,False
C,20,66,joint_oracle_injected,0.010059963911771774,True
C,20,68,joint_oracle_injected,0.007651663385331631,True
C,20,154,joint_oracle_injected,0.016158927232027054,True
C,20,328,joint_oracle_injected,0.008398097939789295,True
C,21,74,baseline,0.012214267626404762,True
C,21,84,baseline,5.412192344665527,False
C,21,86,baseline,5.708961009979248,False
C,21,408,baseline,0.1201341524720192,True
C,21,74,joint_oracle_injected,0.012214267626404762,True
C,21,84,joint_oracle_injected,0.05554526299238205,True
C,21,86,joint_oracle_injected,0.010703416541218758,True
C,21,408,joint_oracle_injected,0.018310679122805595,True
C,22,118,baseline,0.029819034039974213,True
C,22,160,baseline,5.221280097961426,False
C,22,176,baseline,0.2124944031238556,True
C,22,422,baseline,5.154890060424805,False
C,22,118,joint_oracle_injected,0.048849835991859436,True
C,22,160,joint_oracle_injected,0.012605514377355576,True
C,22,176,joint_oracle_injected,0.2124944031238556,True
C,22,422,joint_oracle_injected,0.030071590095758438,True
C,23,90,baseline,0.02502387762069702,True
C,23,130,baseline,0.01219919417053461,True
C,23,180,baseline,3.091374158859253,False
C,23,466,baseline,8.068412780761719,False
C,23,90,joint_oracle_injected,0.02502387762069702,True
C,23,130,joint_oracle_injected,0.01219919417053461,True
C,23,180,joint_oracle_injected,0.033924441784620285,True
C,23,466,joint_oracle_injected,0.04381696507334709,True
C,24,98,baseline,6.617654800415039,False
C,24,110,baseline,0.011497310362756252,True
C,24,206,baseline,0.030200794339179993,True
C,24,214,baseline,0.036554861813783646,True
C,24,98,joint_oracle_injected,0.00859005656093359,True
C,24,110,joint_oracle_injected,0.011497310362756252,True
C,24,206,joint_oracle_injected,0.030200794339179993,True
C,24,214,joint_oracle_injected,0.0365549772977829,True
C,25,80,baseline,1.51908278465271,True
C,25,98,baseline,0.1335919350385666,True
C,25,108,baseline,0.03082066960632801,True
C,25,116,baseline,0.0156425628811121,True
C,25,80,joint_oracle_injected,1.5190750360488892,True
C,25,98,joint_oracle_injected,0.029130686074495316,True
C,25,108,joint_oracle_injected,0.03082066960632801,True
C,25,116,joint_oracle_injected,0.0156425628811121,True
C,26,70,baseline,6.136296272277832,False
C,26,120,baseline,6.489270210266113,False
C,26,174,baseline,0.026345498859882355,True
C,26,288,baseline,4.151599884033203,False
C,26,70,joint_oracle_injected,2.128800630569458,True
C,26,120,joint_oracle_injected,0.015354756265878677,True
C,26,174,joint_oracle_injected,0.01662507839500904,True
C,26,288,joint_oracle_injected,0.028104405850172043,True
C,27,68,baseline,7.9277825355529785,False
C,27,136,baseline,0.015599608421325684,True
C,27,178,baseline,7.063197135925293,False
C,27,208,baseline,4.355027198791504,False
C,27,68,joint_oracle_injected,0.023969396948814392,True
C,27,136,joint_oracle_injected,0.015599608421325684,True
C,27,178,joint_oracle_injected,0.02711883746087551,True
C,27,208,joint_oracle_injected,0.018325895071029663,True
C,28,86,baseline,5.544409275054932,False
C,28,90,baseline,6.88930082321167,False
C,28,162,baseline,0.04957999289035797,True
C,28,206,baseline,9.152289390563965,False
C,28,86,joint_oracle_injected,0.07823844999074936,True
C,28,90,joint_oracle_injected,0.35984140634536743,True
C,28,162,joint_oracle_injected,0.04957999289035797,True
C,28,206,joint_oracle_injected,0.07173091918230057,True
C,29,78,baseline,0.01687934808433056,True
C,29,110,baseline,0.010623096488416195,True
C,29,266,baseline,0.22740377485752106,True
C,29,464,baseline,4.723147392272949,False
C,29,78,joint_oracle_injected,0.01687934808433056,True
C,29,110,joint_oracle_injected,0.010623096488416195,True
C,29,266,joint_oracle_injected,0.14533324539661407,True
C,29,464,joint_oracle_injected,0.007152310106903315,True
C,30,84,baseline,0.013330735266208649,True
C,30,172,baseline,0.008545616641640663,True
C,30,212,baseline,5.239748001098633,False
C,30,310,baseline,0.03530570864677429,True
C,30,84,joint_oracle_injected,0.013330735266208649,True
C,30,172,joint_oracle_injected,0.008545616641640663,True
C,30,212,joint_oracle_injected,0.014616670086979866,True
C,30,310,joint_oracle_injected,0.013153803534805775,True
C,31,108,baseline,0.012659426778554916,True
C,31,110,baseline,0.008917625062167645,True
C,31,114,baseline,0.010001308284699917,True
C,31,244,baseline,0.026813078671693802,True
C,31,108,joint_oracle_injected,0.012659426778554916,True
C,31,110,joint_oracle_injected,0.008917625062167645,True
C,31,114,joint_oracle_injected,0.010001308284699917,True
C,31,244,joint_oracle_injected,0.026813078671693802,True
C,32,78,baseline,0.02376185916364193,True
C,32,88,baseline,4.093398094177246,False
C,32,146,baseline,8.64993667602539,False
C,32,400,baseline,0.010951178148388863,True
C,32,78,joint_oracle_injected,0.02376185916364193,True
C,32,88,joint_oracle_injected,0.028034280985593796,True
C,32,146,joint_oracle_injected,0.020250946283340454,True
C,32,400,joint_oracle_injected,0.010951178148388863,True
C,33,206,baseline,0.04975513368844986,True
C,33,268,baseline,7.891709327697754,False
C,33,308,baseline,11.042531967163086,False
C,33,318,baseline,7.934836387634277,False
C,33,206,joint_oracle_injected,0.04975513368844986,True
C,33,268,joint_oracle_injected,0.021301768720149994,True
C,33,308,joint_oracle_injected,11.29587459564209,False
C,33,318,joint_oracle_injected,0.0429985411465168,True
C,34,70,baseline,0.01641741953790188,True
C,34,78,baseline,5.388579368591309,False
C,34,172,baseline,6.409636974334717,False
C,34,190,baseline,0.007050515618175268,True
C,34,70,joint_oracle_injected,0.01641741953790188,True
C,34,78,joint_oracle_injected,0.012545830570161343,True
C,34,172,joint_oracle_injected,0.017239365726709366,True
C,34,190,joint_oracle_injected,0.007050515618175268,True
C,35,64,baseline,0.013175098225474358,True
C,35,66,baseline,0.0056289262138307095,True
C,35,80,baseline,0.06044464185833931,True
C,35,106,baseline,5.260114669799805,False
C,35,64,joint_oracle_injected,0.013175098225474358,True
C,35,66,joint_oracle_injected,0.0056289262138307095,True
C,35,80,joint_oracle_injected,0.060444753617048264,True
C,35,106,joint_oracle_injected,0.02048642560839653,True
C,36,74,baseline,0.011401261202991009,True
C,36,82,baseline,0.01778816431760788,True
C,36,122,baseline,0.008419140242040157,True
C,36,296,baseline,0.05167626589536667,True
C,36,74,joint_oracle_injected,0.011401261202991009,True
C,36,82,joint_oracle_injected,0.01778816431760788,True
C,36,122,joint_oracle_injected,0.008877570740878582,True
C,36,296,joint_oracle_injected,0.05167637765407562,True
C,37,100,baseline,0.045958470553159714,True
C,37,106,baseline,0.05297253280878067,True
C,37,116,baseline,3.1882553100585938,False
C,37,336,baseline,4.250563621520996,False
C,37,100,joint_oracle_injected,0.045958470553159714,True
C,37,106,joint_oracle_injected,0.05297253280878067,True
C,37,116,joint_oracle_injected,0.2625983953475952,True
C,37,336,joint_oracle_injected,0.02985791116952896,True
C,38,68,baseline,0.043451666831970215,True
C,38,72,baseline,0.03259919211268425,True
C,38,178,baseline,0.014690444804728031,True
C,38,206,baseline,6.415598392486572,False
C,38,68,joint_oracle_injected,0.04345155134797096,True
C,38,72,joint_oracle_injected,0.03259919211268425,True
C,38,178,joint_oracle_injected,0.014690444804728031,True
C,38,206,joint_oracle_injected,0.009122595191001892,True
C,39,76,baseline,0.017725041136145592,True
C,39,86,baseline,0.14808407425880432,True
C,39,106,baseline,6.9800567626953125,False
C,39,114,baseline,5.743661403656006,False
C,39,76,joint_oracle_injected,0.017725158482789993,True
C,39,86,joint_oracle_injected,0.03941723704338074,True
C,39,106,joint_oracle_injected,0.09442473202943802,True
C,39,114,joint_oracle_injected,0.06113408878445625,True
C,40,74,baseline,4.2296905517578125,False
C,40,100,baseline,0.13637104630470276,True
C,40,168,baseline,9.153321266174316,False
C,40,170,baseline,0.03658485785126686,True
C,40,74,joint_oracle_injected,0.031854331493377686,True
C,40,100,joint_oracle_injected,0.1363709419965744,True
C,40,168,joint_oracle_injected,0.02105889283120632,True
C,40,170,joint_oracle_injected,0.010718748904764652,True
C,41,84,baseline,0.022874070331454277,True
C,41,106,baseline,0.009037541225552559,True
C,41,256,baseline,0.016350338235497475,True
C,41,268,baseline,8.131933212280273,False
C,41,84,joint_oracle_injected,0.022874070331454277,True
C,41,106,joint_oracle_injected,0.009037541225552559,True
C,41,256,joint_oracle_injected,0.016350338235497475,True
C,41,268,joint_oracle_injected,0.02341710962355137,True
C,42,64,baseline,0.009843381121754646,True
C,42,86,baseline,0.0070222243666648865,True
C,42,112,baseline,1.335753321647644,True
C,42,320,baseline,0.11312314122915268,True
C,42,64,joint_oracle_injected,0.009843381121754646,True
C,42,86,joint_oracle_injected,0.0063849263824522495,True
C,42,112,joint_oracle_injected,0.1875026971101761,True
C,42,320,joint_oracle_injected,0.042213503271341324,True
C,43,68,baseline,0.013644407503306866,True
C,43,72,baseline,0.01974218338727951,True
C,43,144,baseline,0.013412250205874443,True
C,43,458,baseline,0.30778443813323975,True
C,43,68,joint_oracle_injected,0.013644407503306866,True
C,43,72,joint_oracle_injected,0.01974218338727951,True
C,43,144,joint_oracle_injected,0.013412250205874443,True
C,43,458,joint_oracle_injected,0.30778443813323975,True
C,44,82,baseline,0.012554306536912918,True
C,44,104,baseline,6.355358123779297,False
C,44,122,baseline,6.134014129638672,False
C,44,146,baseline,0.030410122126340866,True
C,44,82,joint_oracle_injected,0.012554306536912918,True
C,44,104,joint_oracle_injected,0.014253005385398865,True
C,44,122,joint_oracle_injected,0.01041418593376875,True
C,44,146,joint_oracle_injected,0.03277744725346565,True
C,45,76,baseline,0.04109497368335724,True
C,45,168,baseline,0.020724769681692123,True
C,45,248,baseline,7.511463165283203,False
C,45,324,baseline,0.056307174265384674,True
C,45,76,joint_oracle_injected,0.04109497368335724,True
C,45,168,joint_oracle_injected,0.020724769681692123,True
C,45,248,joint_oracle_injected,0.013182862661778927,True
C,45,324,joint_oracle_injected,0.057256974279880524,True
C,46,68,baseline,0.23049844801425934,True
C,46,76,baseline,1.4097061157226562,True
C,46,88,baseline,0.016464559361338615,True
C,46,96,baseline,9.296648025512695,False
C,46,68,joint_oracle_injected,0.2305002510547638,True
C,46,76,joint_oracle_injected,0.5101999044418335,True
C,46,88,joint_oracle_injected,0.016464559361338615,True
C,46,96,joint_oracle_injected,1.0503696203231812,True
C,47,70,baseline,0.6516367793083191,True
C,47,88,baseline,5.502536773681641,False
C,47,144,baseline,0.05438048020005226,True
C,47,338,baseline,3.7082486152648926,False
C,47,70,joint_oracle_injected,0.6516367793083191,True
C,47,88,joint_oracle_injected,0.017570672556757927,True
C,47,144,joint_oracle_injected,0.03308369591832161,True
C,47,338,joint_oracle_injected,0.011432021856307983,True
C,48,66,baseline,0.008155378513038158,True
C,48,158,baseline,0.01349611021578312,True
C,48,230,baseline,0.07343965023756027,True
C,48,416,baseline,0.04636074975132942,True
C,48,66,joint_oracle_injected,0.008155378513038158,True
C,48,158,joint_oracle_injected,0.01349611021578312,True
C,48,230,joint_oracle_injected,0.018634844571352005,True
C,48,416,joint_oracle_injected,0.010951414704322815,True
C,49,102,baseline,0.01959443837404251,True
C,49,208,baseline,3.9642112255096436,False
C,49,212,baseline,0.2298773229122162,True
C,49,482,baseline,0.01690138503909111,True
C,49,102,joint_oracle_injected,0.01959443837404251,True
C,49,208,joint_oracle_injected,0.012813144363462925,True
C,49,212,joint_oracle_injected,0.06101701036095619,True
C,49,482,joint_oracle_injected,0.01690138503909111,True
C,50,70,baseline,0.02640668675303459,True
C,50,130,baseline,0.011845014989376068,True
C,50,270,baseline,0.13128995895385742,True
C,50,416,baseline,0.11791568994522095,True
C,50,70,joint_oracle_injected,0.02640668675303459,True
C,50,130,joint_oracle_injected,0.011845014989376068,True
C,50,270,joint_oracle_injected,0.13128995895385742,True
C,50,416,joint_oracle_injected,0.11791548132896423,True
C,51,66,baseline,0.01586962677538395,True
C,51,92,baseline,0.010906606912612915,True
C,51,138,baseline,0.11485330015420914,True
C,51,254,baseline,0.030470483005046844,True
C,51,66,joint_oracle_injected,0.01586962677538395,True
C,51,92,joint_oracle_injected,0.010906606912612915,True
C,51,138,joint_oracle_injected,0.10268303751945496,True
C,51,254,joint_oracle_injected,0.030470483005046844,True
C,52,74,baseline,3.9976909160614014,False
C,52,82,baseline,0.025677761062979698,True
C,52,270,baseline,0.06736809760332108,True
C,52,312,baseline,0.008470087312161922,True
C,52,74,joint_oracle_injected,0.04526587948203087,True
C,52,82,joint_oracle_injected,0.025677761062979698,True
C,52,270,joint_oracle_injected,0.06736820936203003,True
C,52,312,joint_oracle_injected,0.008664986118674278,True
C,53,96,baseline,0.02477981150150299,True
C,53,104,baseline,5.321410179138184,False
C,53,178,baseline,2.7385873794555664,True
C,53,340,baseline,4.6378984451293945,False
C,53,96,joint_oracle_injected,0.027673492208123207,True
C,53,104,joint_oracle_injected,0.014428568072617054,True
C,53,178,joint_oracle_injected,0.08608497679233551,True
C,53,340,joint_oracle_injected,0.00895885843783617,True
C,54,160,baseline,4.889126777648926,False
C,54,188,baseline,0.006600365042686462,True
C,54,368,baseline,6.539464950561523,False
C,54,464,baseline,5.3985595703125,False
C,54,160,joint_oracle_injected,0.008407555520534515,True
C,54,188,joint_oracle_injected,0.006600365042686462,True
C,54,368,joint_oracle_injected,0.007970432750880718,True
C,54,464,joint_oracle_injected,0.008021521382033825,True
C,55,68,baseline,5.223790168762207,False
C,55,70,baseline,0.01683996431529522,True
C,55,74,baseline,0.06609828770160675,True
C,55,212,baseline,0.1032680794596672,True
C,55,68,joint_oracle_injected,0.022303691133856773,True
C,55,70,joint_oracle_injected,0.01683996431529522,True
C,55,74,joint_oracle_injected,0.0660983994603157,True
C,55,212,joint_oracle_injected,0.02541130781173706,True
C,56,68,baseline,0.014628770761191845,True
C,56,200,baseline,0.03161065652966499,True
C,56,284,baseline,0.19258266687393188,True
C,56,408,baseline,0.022868245840072632,True
C,56,68,joint_oracle_injected,0.014628770761191845,True
C,56,200,joint_oracle_injected,0.020195454359054565,True
C,56,284,joint_oracle_injected,0.011994028463959694,True
C,56,408,joint_oracle_injected,0.022868361324071884,True
C,57,94,baseline,0.03466511890292168,True
C,57,96,baseline,7.649971008300781,False
C,57,106,baseline,0.1811864823102951,True
C,57,128,baseline,5.533041000366211,False
C,57,94,joint_oracle_injected,0.03466511890292168,True
C,57,96,joint_oracle_injected,0.01593134179711342,True
C,57,106,joint_oracle_injected,0.18118637800216675,True
C,57,128,joint_oracle_injected,0.012757238931953907,True
C,58,70,baseline,3.9338340759277344,False
C,58,110,baseline,0.005558273755013943,True
C,58,270,baseline,6.043676853179932,False
C,58,478,baseline,5.34747314453125,False
C,58,70,joint_oracle_injected,0.011559059843420982,True
C,58,110,joint_oracle_injected,0.005558273755013943,True
C,58,270,joint_oracle_injected,0.014196357689797878,True
C,58,478,joint_oracle_injected,0.008956732228398323,True
C,59,64,baseline,0.018785890191793442,True
C,59,100,baseline,4.598048210144043,False
C,59,368,baseline,0.034830112010240555,True
C,59,402,baseline,3.551058292388916,False
C,59,64,joint_oracle_injected,0.018785890191793442,True
C,59,100,joint_oracle_injected,0.02247854694724083,True
C,59,368,joint_oracle_injected,0.034830112010240555,True
C,59,402,joint_oracle_injected,0.012068231590092182,True
C,60,70,baseline,3.8954737186431885,False
C,60,88,baseline,5.321593761444092,False
C,60,194,baseline,2.3202500343322754,True
C,60,330,baseline,5.479545593261719,False
C,60,70,joint_oracle_injected,0.10862035304307938,True
C,60,88,joint_oracle_injected,0.025552967563271523,True
C,60,194,joint_oracle_injected,0.3005039095878601,True
C,60,330,joint_oracle_injected,0.1463446170091629,True
C,61,70,baseline,0.017594801262021065,True
C,61,112,baseline,8.024569511413574,False
C,61,320,baseline,0.008412283845245838,True
C,61,434,baseline,3.97524356842041,False
C,61,70,joint_oracle_injected,0.017594801262021065,True
C,61,112,joint_oracle_injected,0.019269179552793503,True
C,61,320,joint_oracle_injected,0.008412283845245838,True
C,61,434,joint_oracle_injected,0.050952278077602386,True
C,62,66,baseline,0.03277502581477165,True
C,62,70,baseline,5.105861663818359,False
C,62,292,baseline,0.03911028802394867,True
C,62,394,baseline,6.294328689575195,False
C,62,66,joint_oracle_injected,0.03277502581477165,True
C,62,70,joint_oracle_injected,0.022642647847533226,True
C,62,292,joint_oracle_injected,0.037276823073625565,True
C,62,394,joint_oracle_injected,0.005829831585288048,True
C,63,76,baseline,4.0302734375,False
C,63,90,baseline,3.6079533100128174,False
C,63,208,baseline,0.35379183292388916,True
C,63,230,baseline,1.2884511947631836,True
C,63,76,joint_oracle_injected,0.09887394309043884,True
C,63,90,joint_oracle_injected,0.06151103228330612,True
C,63,208,joint_oracle_injected,0.353791743516922,True
C,63,230,joint_oracle_injected,1.2884526252746582,True
C,64,66,baseline,0.011405739933252335,True
C,64,242,baseline,3.6087098121643066,False
C,64,248,baseline,0.08274572342634201,True
C,64,416,baseline,0.01404955331236124,True
C,64,66,joint_oracle_injected,0.011405739933252335,True
C,64,242,joint_oracle_injected,1.0284582376480103,True
C,64,248,joint_oracle_injected,0.08274572342634201,True
C,64,416,joint_oracle_injected,0.01404955331236124,True
C,65,74,baseline,5.244484901428223,False
C,65,108,baseline,0.06832148134708405,True
C,65,124,baseline,0.02683025412261486,True
C,65,166,baseline,0.023727865889668465,True
C,65,74,joint_oracle_injected,0.10210485756397247,True
C,65,108,joint_oracle_injected,0.068321593105793,True
C,65,124,joint_oracle_injected,0.02683025412261486,True
C,65,166,joint_oracle_injected,0.023727865889668465,True
C,66,86,baseline,0.012663546949625015,True
C,66,158,baseline,5.711852073669434,False
C,66,334,baseline,3.200707197189331,False
C,66,370,baseline,0.011952918954193592,True
C,66,86,joint_oracle_injected,0.012663546949625015,True
C,66,158,joint_oracle_injected,0.009154489263892174,True
C,66,334,joint_oracle_injected,0.4672987759113312,True
C,66,370,joint_oracle_injected,0.011952918954193592,True
C,67,216,baseline,0.00751253217458725,True
C,67,220,baseline,0.3428581655025482,True
C,67,274,baseline,0.017152536660432816,True
C,67,284,baseline,5.704043388366699,False
C,67,216,joint_oracle_injected,0.00778568908572197,True
C,67,220,joint_oracle_injected,0.026124749332666397,True
C,67,274,joint_oracle_injected,0.018517594784498215,True
C,67,284,joint_oracle_injected,0.11544008553028107,True
C,68,72,baseline,6.6330413818359375,False
C,68,84,baseline,0.012159035541117191,True
C,68,86,baseline,0.10533782094717026,True
C,68,116,baseline,0.030526217073202133,True
C,68,72,joint_oracle_injected,0.036902233958244324,True
C,68,84,joint_oracle_injected,0.012159035541117191,True
C,68,86,joint_oracle_injected,0.10533782094717026,True
C,68,116,joint_oracle_injected,0.03052598424255848,True
C,69,64,baseline,0.010291249491274357,True
C,69,80,baseline,0.011818744242191315,True
C,69,132,baseline,0.0612732470035553,True
C,69,480,baseline,6.8740234375,False
C,69,64,joint_oracle_injected,0.010291249491274357,True
C,69,80,joint_oracle_injected,0.011818744242191315,True
C,69,132,joint_oracle_injected,0.016138751059770584,True
C,69,480,joint_oracle_injected,0.07151619344949722,True
C,70,64,baseline,4.7924485206604,False
C,70,108,baseline,5.293276309967041,False
C,70,240,baseline,0.012871988117694855,True
C,70,472,baseline,0.010072709992527962,True
C,70,64,joint_oracle_injected,0.019035518169403076,True
C,70,108,joint_oracle_injected,0.016882630065083504,True
C,70,240,joint_oracle_injected,0.012871988117694855,True
C,70,472,joint_oracle_injected,0.010072709992527962,True
C,71,70,baseline,0.8754163980484009,True
C,71,168,baseline,0.19378270208835602,True
C,71,198,baseline,0.0816652774810791,True
C,71,284,baseline,2.467802047729492,True
C,71,70,joint_oracle_injected,0.8754163980484009,True
C,71,168,joint_oracle_injected,0.19378270208835602,True
C,71,198,joint_oracle_injected,0.0816652774810791,True
C,71,284,joint_oracle_injected,1.142064094543457,True
C,72,74,baseline,0.013641467317938805,True
C,72,98,baseline,0.011654741130769253,True
C,72,158,baseline,0.01107415184378624,True
C,72,398,baseline,7.489003658294678,False
C,72,74,joint_oracle_injected,0.013641467317938805,True
C,72,98,joint_oracle_injected,0.011654741130769253,True
C,72,158,joint_oracle_injected,0.01107415184378624,True
C,72,398,joint_oracle_injected,0.012829032726585865,True
C,73,100,baseline,0.018277671188116074,True
C,73,140,baseline,6.61298942565918,False
C,73,212,baseline,0.007327585481107235,True
C,73,230,baseline,0.014886601828038692,True
C,73,100,joint_oracle_injected,0.018277671188116074,True
C,73,140,joint_oracle_injected,0.038032349199056625,True
C,73,212,joint_oracle_injected,0.005552583374083042,True
C,73,230,joint_oracle_injected,0.014886601828038692,True
C,74,68,baseline,0.008698076009750366,True
C,74,92,baseline,0.008389350026845932,True
C,74,104,baseline,0.018357262015342712,True
C,74,292,baseline,0.04148126021027565,True
C,74,68,joint_oracle_injected,0.008698076009750366,True
C,74,92,joint_oracle_injected,0.008389350026845932,True
C,74,104,joint_oracle_injected,0.018357262015342712,True
C,74,292,joint_oracle_injected,0.03175455704331398,True
C,75,88,baseline,0.010622860863804817,True
C,75,118,baseline,7.318077564239502,False
C,75,216,baseline,0.010745048522949219,True
C,75,240,baseline,8.187361717224121,False
C,75,88,joint_oracle_injected,0.010622860863804817,True
C,75,118,joint_oracle_injected,0.021531984210014343,True
C,75,216,joint_oracle_injected,0.010745048522949219,True
C,75,240,joint_oracle_injected,0.23913562297821045,True
C,76,68,baseline,0.014336677268147469,True
C,76,80,baseline,1.05240797996521,True
C,76,154,baseline,0.04430701211094856,True
C,76,164,baseline,8.127852439880371,False
C,76,68,joint_oracle_injected,0.014336559921503067,True
C,76,80,joint_oracle_injected,1.0524072647094727,True
C,76,154,joint_oracle_injected,0.04430689662694931,True
C,76,164,joint_oracle_injected,0.012272675521671772,True
C,77,96,baseline,5.365096092224121,False
C,77,114,baseline,0.011023573577404022,True
C,77,158,baseline,0.03872055932879448,True
C,77,246,baseline,0.01131498534232378,True
C,77,96,joint_oracle_injected,0.021070098504424095,True
C,77,114,joint_oracle_injected,0.011023573577404022,True
C,77,158,joint_oracle_injected,0.03872055932879448,True
C,77,246,joint_oracle_injected,0.01131498534232378,True
C,78,114,baseline,0.10043960064649582,True
C,78,154,baseline,0.252419650554657,True
C,78,240,baseline,0.01248473022133112,True
C,78,450,baseline,5.576188564300537,False
C,78,114,joint_oracle_injected,0.10043960064649582,True
C,78,154,joint_oracle_injected,0.252419650554657,True
C,78,240,joint_oracle_injected,0.011388178914785385,True
C,78,450,joint_oracle_injected,0.019817333668470383,True
C,79,104,baseline,4.8549699783325195,False
C,79,120,baseline,0.008621967397630215,True
C,79,190,baseline,7.994837760925293,False
C,79,468,baseline,0.020052917301654816,True
C,79,104,joint_oracle_injected,0.18945758044719696,True
C,79,120,joint_oracle_injected,0.008621967397630215,True
C,79,190,joint_oracle_injected,0.03491323068737984,True
C,79,468,joint_oracle_injected,0.018168456852436066,True
C,80,90,baseline,0.01807737909257412,True
C,80,164,baseline,0.19964633882045746,True
C,80,316,baseline,0.017945779487490654,True
C,80,324,baseline,5.418651580810547,False
C,80,90,joint_oracle_injected,0.01807737909257412,True
C,80,164,joint_oracle_injected,0.08401398360729218,True
C,80,316,joint_oracle_injected,0.017945779487490654,True
C,80,324,joint_oracle_injected,0.008786940947175026,True
C,81,72,baseline,0.013210744597017765,True
C,81,82,baseline,0.05330396443605423,True
C,81,154,baseline,0.009711402468383312,True
C,81,400,baseline,3.990856885910034,False
C,81,72,joint_oracle_injected,0.013210744597017765,True
C,81,82,joint_oracle_injected,0.02003527246415615,True
C,81,154,joint_oracle_injected,0.009711402468383312,True
C,81,400,joint_oracle_injected,0.020794358104467392,True
C,82,72,baseline,0.012407260946929455,True
C,82,82,baseline,8.306668281555176,False
C,82,110,baseline,0.014051669277250767,True
C,82,160,baseline,4.522491455078125,False
C,82,72,joint_oracle_injected,0.012407260946929455,True
C,82,82,joint_oracle_injected,0.02811669185757637,True
C,82,110,joint_oracle_injected,0.014051786623895168,True
C,82,160,joint_oracle_injected,0.016305070370435715,True
C,83,72,baseline,0.02025187946856022,True
C,83,128,baseline,4.960095405578613,False
C,83,228,baseline,0.02457488514482975,True
C,83,370,baseline,0.013101446442306042,True
C,83,72,joint_oracle_injected,0.02025187946856022,True
C,83,128,joint_oracle_injected,0.08708363771438599,True
C,83,228,joint_oracle_injected,0.021064378321170807,True
C,83,370,joint_oracle_injected,0.007761440239846706,True
C,84,74,baseline,0.018033239990472794,True
C,84,142,baseline,0.06366367638111115,True
C,84,292,baseline,5.9532999992370605,False
C,84,430,baseline,5.778185844421387,False
C,84,74,joint_oracle_injected,0.018033239990472794,True
C,84,142,joint_oracle_injected,0.01325968373566866,True
C,84,292,joint_oracle_injected,0.018635429441928864,True
C,84,430,joint_oracle_injected,0.015336678363382816,True
C,85,68,baseline,5.943828582763672,False
C,85,112,baseline,0.007799054961651564,True
C,85,312,baseline,0.2545245587825775,True
C,85,386,baseline,0.27327078580856323,True
C,85,68,joint_oracle_injected,0.117071233689785,True
C,85,112,joint_oracle_injected,0.007799054961651564,True
C,85,312,joint_oracle_injected,0.028903255239129066,True
C,85,386,joint_oracle_injected,0.13710708916187286,True
C,86,66,baseline,6.544198989868164,False
C,86,76,baseline,0.006192070432007313,True
C,86,84,baseline,0.0356769822537899,True
C,86,94,baseline,0.010213491506874561,True
C,86,66,joint_oracle_injected,0.03754151239991188,True
C,86,76,joint_oracle_injected,0.006192070432007313,True
C,86,84,joint_oracle_injected,0.0356769822537899,True
C,86,94,joint_oracle_injected,0.010213491506874561,True
C,87,98,baseline,5.009443283081055,False
C,87,122,baseline,4.610725402832031,False
C,87,176,baseline,0.3262855112552643,True
C,87,238,baseline,4.20062255859375,False
C,87,98,joint_oracle_injected,0.01490891631692648,True
C,87,122,joint_oracle_injected,0.02406308241188526,True
C,87,176,joint_oracle_injected,0.05661249905824661,True
C,87,238,joint_oracle_injected,0.029856637120246887,True
C,88,64,baseline,0.01369708776473999,True
C,88,68,baseline,3.085620403289795,False
C,88,110,baseline,5.619764804840088,False
C,88,304,baseline,0.009990804828703403,True
C,88,64,joint_oracle_injected,0.01369708776473999,True
C,88,68,joint_oracle_injected,0.0228632353246212,True
C,88,110,joint_oracle_injected,0.01954791322350502,True
C,88,304,joint_oracle_injected,0.009582120925188065,True
C,89,130,baseline,0.03042110800743103,True
C,89,230,baseline,0.016968779265880585,True
C,89,272,baseline,0.031894512474536896,True
C,89,376,baseline,0.0387670062482357,True
C,89,130,joint_oracle_injected,0.033907271921634674,True
C,89,230,joint_oracle_injected,0.013896378688514233,True
C,89,272,joint_oracle_injected,0.01686633750796318,True
C,89,376,joint_oracle_injected,0.03876689076423645,True
C,90,84,baseline,3.8705036640167236,False
C,90,86,baseline,0.04504266008734703,True
C,90,188,baseline,0.026921236887574196,True
C,90,226,baseline,0.08810421824455261,True
C,90,84,joint_oracle_injected,0.008784105069935322,True
C,90,86,joint_oracle_injected,0.028177423402667046,True
C,90,188,joint_oracle_injected,0.026921236887574196,True
C,90,226,joint_oracle_injected,0.08810410648584366,True
C,91,76,baseline,3.4016122817993164,True
C,91,78,baseline,0.023800505325198174,True
C,91,94,baseline,0.007738610729575157,True
C,91,472,baseline,4.973084449768066,False
C,91,76,joint_oracle_injected,1.4864846467971802,True
C,91,78,joint_oracle_injected,0.023800505325198174,True
C,91,94,joint_oracle_injected,0.007738610729575157,True
C,91,472,joint_oracle_injected,0.10125599056482315,True
C,92,88,baseline,5.061398506164551,False
C,92,262,baseline,7.060572624206543,False
C,92,298,baseline,4.86940860748291,False
C,92,386,baseline,0.011930420994758606,True
C,92,88,joint_oracle_injected,0.04557880386710167,True
C,92,262,joint_oracle_injected,0.019308235496282578,True
C,92,298,joint_oracle_injected,0.03173099830746651,True
C,92,386,joint_oracle_injected,0.011373328045010567,True
C,93,70,baseline,0.01447991468012333,True
C,93,92,baseline,0.042824383825063705,True
C,93,198,baseline,3.6618635654449463,False
C,93,278,baseline,0.01386228483170271,True
C,93,70,joint_oracle_injected,0.010065864771604538,True
C,93,92,joint_oracle_injected,0.027092501521110535,True
C,93,198,joint_oracle_injected,0.10860131680965424,True
C,93,278,joint_oracle_injected,0.012384536676108837,True
C,94,122,baseline,0.0170136671513319,True
C,94,136,baseline,0.014002416282892227,True
C,94,196,baseline,5.514498710632324,False
C,94,492,baseline,0.02261992357671261,True
C,94,122,joint_oracle_injected,0.0170136671513319,True
C,94,136,joint_oracle_injected,0.014002416282892227,True
C,94,196,joint_oracle_injected,0.027918128296732903,True
C,94,492,joint_oracle_injected,0.02261992357671261,True
C,95,74,baseline,0.04999590292572975,True
C,95,84,baseline,0.051212128251791,True
C,95,108,baseline,0.011938430368900299,True
C,95,284,baseline,4.851517677307129,False
C,95,74,joint_oracle_injected,0.06840008497238159,True
C,95,84,joint_oracle_injected,0.051212128251791,True
C,95,108,joint_oracle_injected,0.010051349177956581,True
C,95,284,joint_oracle_injected,0.06923936307430267,True
C,96,74,baseline,0.027539553120732307,True
C,96,146,baseline,3.9671475887298584,False
C,96,276,baseline,7.4600372314453125,False
C,96,390,baseline,0.2413940280675888,True
C,96,74,joint_oracle_injected,0.027539553120732307,True
C,96,146,joint_oracle_injected,0.5574758052825928,True
C,96,276,joint_oracle_injected,0.01926356740295887,True
C,96,390,joint_oracle_injected,0.0212186761200428,True
C,97,78,baseline,5.782098770141602,False
C,97,106,baseline,4.586143493652344,False
C,97,196,baseline,0.03375376760959625,True
C,97,226,baseline,0.008515357971191406,True
C,97,78,joint_oracle_injected,0.04386693611741066,True
C,97,106,joint_oracle_injected,0.009924001060426235,True
C,97,196,joint_oracle_injected,0.013493052683770657,True
C,97,226,joint_oracle_injected,0.008515357971191406,True
C,98,92,baseline,0.019621441140770912,True
C,98,108,baseline,0.013484231196343899,True
C,98,134,baseline,0.02076236717402935,True
C,98,174,baseline,5.533341884613037,False
C,98,92,joint_oracle_injected,0.019621441140770912,True
C,98,108,joint_oracle_injected,0.013484231196343899,True
C,98,134,joint_oracle_injected,0.02076236717402935,True
C,98,174,joint_oracle_injected,0.039041731506586075,True
C,99,68,baseline,0.059225331991910934,True
C,99,160,baseline,4.924784183502197,False
C,99,168,baseline,7.136425971984863,False
C,99,424,baseline,1.0052642822265625,True
C,99,68,joint_oracle_injected,0.059225331991910934,True
C,99,160,joint_oracle_injected,0.3006613850593567,True
C,99,168,joint_oracle_injected,0.009384802542626858,True
C,99,424,joint_oracle_injected,1.0052642822265625,True
C,100,70,baseline,0.007862688973546028,True
C,100,98,baseline,0.01783020608127117,True
C,100,212,baseline,4.357302665710449,False
C,100,294,baseline,4.1688079833984375,False
C,100,70,joint_oracle_injected,0.007862688973546028,True
C,100,98,joint_oracle_injected,0.01783020608127117,True
C,100,212,joint_oracle_injected,0.05527514964342117,True
C,100,294,joint_oracle_injected,0.006190530024468899,True
C,101,74,baseline,0.020332014188170433,True
C,101,208,baseline,6.416617393493652,False
C,101,250,baseline,0.013065207749605179,True
C,101,362,baseline,0.017379844561219215,True
C,101,74,joint_oracle_injected,0.020332014188170433,True
C,101,208,joint_oracle_injected,0.07393433153629303,True
C,101,250,joint_oracle_injected,0.013164627365767956,True
C,101,362,joint_oracle_injected,0.016469484195113182,True
C,102,68,baseline,0.06001441925764084,True
C,102,74,baseline,0.018573764711618423,True
C,102,96,baseline,4.1949310302734375,False
C,102,158,baseline,2.6768014430999756,True
C,102,68,joint_oracle_injected,0.060013748705387115,True
C,102,74,joint_oracle_injected,0.018573764711618423,True
C,102,96,joint_oracle_injected,0.008999500423669815,True
C,102,158,joint_oracle_injected,0.10209313035011292,True
C,103,78,baseline,5.337791442871094,False
C,103,116,baseline,0.017405033111572266,True
C,103,128,baseline,6.274786949157715,False
C,103,154,baseline,0.06844428181648254,True
C,103,78,joint_oracle_injected,0.06029100343585014,True
C,103,116,joint_oracle_injected,0.017405033111572266,True
C,103,128,joint_oracle_injected,0.013907665386795998,True
C,103,154,joint_oracle_injected,0.008470914326608181,True
C,104,66,baseline,4.486385345458984,False
C,104,102,baseline,7.259721755981445,False
C,104,270,baseline,0.024969466030597687,True
C,104,340,baseline,4.179507255554199,False
C,104,66,joint_oracle_injected,0.0856601819396019,True
C,104,102,joint_oracle_injected,0.02113032527267933,True
C,104,270,joint_oracle_injected,0.024969466030597687,True
C,104,340,joint_oracle_injected,0.17020808160305023,True
C,105,66,baseline,4.177645683288574,False
C,105,72,baseline,0.04255172237753868,True
C,105,242,baseline,3.458731174468994,False
C,105,476,baseline,0.15020950138568878,True
C,105,66,joint_oracle_injected,0.009687435813248158,True
C,105,72,joint_oracle_injected,0.03140261769294739,True
C,105,242,joint_oracle_injected,0.021085388958454132,True
C,105,476,joint_oracle_injected,0.01983264461159706,True
C,106,78,baseline,6.219898223876953,False
C,106,84,baseline,3.871579170227051,False
C,106,94,baseline,0.04532033950090408,True
C,106,454,baseline,0.01607481949031353,True
C,106,78,joint_oracle_injected,0.039843350648880005,True
C,106,84,joint_oracle_injected,0.015491392463445663,True
C,106,94,joint_oracle_injected,0.04532033950090408,True
C,106,454,joint_oracle_injected,0.01607481949031353,True
C,107,70,baseline,0.010018303990364075,True
C,107,118,baseline,0.009272960014641285,True
C,107,148,baseline,8.02841854095459,False
C,107,164,baseline,7.1795806884765625,False
C,107,70,joint_oracle_injected,0.010018303990364075,True
C,107,118,joint_oracle_injected,0.009272841736674309,True
C,107,148,joint_oracle_injected,0.11876282840967178,True
C,107,164,joint_oracle_injected,0.107485830783844,True
C,108,64,baseline,0.00874877255409956,True
C,108,188,baseline,0.04402083531022072,True
C,108,228,baseline,0.01467893272638321,True
C,108,400,baseline,6.79304313659668,False
C,108,64,joint_oracle_injected,0.00874877255409956,True
C,108,188,joint_oracle_injected,0.04402083531022072,True
C,108,228,joint_oracle_injected,0.014614437706768513,True
C,108,400,joint_oracle_injected,0.01879677176475525,True
C,109,166,baseline,0.029429949820041656,True
C,109,234,baseline,5.208110809326172,False
C,109,256,baseline,0.009275085292756557,True
C,109,510,baseline,0.18991592526435852,True
C,109,166,joint_oracle_injected,0.029429949820041656,True
C,109,234,joint_oracle_injected,0.05018242076039314,True
C,109,256,joint_oracle_injected,0.009275085292756557,True
C,109,510,joint_oracle_injected,0.18991582095623016,True
C,110,80,baseline,3.867628812789917,False
C,110,126,baseline,0.00748780369758606,True
C,110,182,baseline,0.0280454084277153,True
C,110,426,baseline,7.679207801818848,False
C,110,80,joint_oracle_injected,0.018961947411298752,True
C,110,126,joint_oracle_injected,0.00748780369758606,True
C,110,182,joint_oracle_injected,0.025180937722325325,True
C,110,426,joint_oracle_injected,0.05662263557314873,True
C,111,74,baseline,0.00820610299706459,True
C,111,110,baseline,0.01029242854565382,True
C,111,156,baseline,0.007077622227370739,True
C,111,336,baseline,7.803107261657715,False
C,111,74,joint_oracle_injected,0.00820610299706459,True
C,111,110,joint_oracle_injected,0.01029242854565382,True
C,111,156,joint_oracle_injected,0.006476840004324913,True
C,111,336,joint_oracle_injected,0.019206851720809937,True
C,112,66,baseline,7.234346866607666,False
C,112,104,baseline,0.020901767536997795,True
C,112,110,baseline,5.5915422439575195,False
C,112,220,baseline,0.013967149890959263,True
C,112,66,joint_oracle_injected,0.05985162407159805,True
C,112,104,joint_oracle_injected,0.020901767536997795,True
C,112,110,joint_oracle_injected,0.12399901449680328,True
C,112,220,joint_oracle_injected,0.014811667613685131,True
C,113,84,baseline,0.019467363134026527,True
C,113,184,baseline,0.01141811441630125,True
C,113,190,baseline,6.069864273071289,False
C,113,192,baseline,0.032830860465765,True
C,113,84,joint_oracle_injected,0.019467363134026527,True
C,113,184,joint_oracle_injected,0.01141811441630125,True
C,113,190,joint_oracle_injected,0.04691040888428688,True
C,113,192,joint_oracle_injected,0.03097439557313919,True
C,114,64,baseline,0.5045304298400879,True
C,114,144,baseline,5.916521072387695,False
C,114,200,baseline,0.07871027290821075,True
C,114,340,baseline,8.168784141540527,False
C,114,64,joint_oracle_injected,0.5045304298400879,True
C,114,144,joint_oracle_injected,0.0554763600230217,True
C,114,200,joint_oracle_injected,0.07871027290821075,True
C,114,340,joint_oracle_injected,0.09617907553911209,True
C,115,64,baseline,0.07345493137836456,True
C,115,78,baseline,0.03803200274705887,True
C,115,106,baseline,0.0090197017416358,True
C,115,294,baseline,2.473052501678467,False
C,115,64,joint_oracle_injected,0.03895803913474083,True
C,115,78,joint_oracle_injected,0.03803200274705887,True
C,115,106,joint_oracle_injected,0.0090197017416358,True
C,115,294,joint_oracle_injected,0.07960722595453262,True
C,116,68,baseline,0.022132188081741333,True
C,116,158,baseline,6.196961402893066,False
C,116,184,baseline,2.948786973953247,True
C,116,424,baseline,6.647286415100098,False
C,116,68,joint_oracle_injected,0.022132188081741333,True
C,116,158,joint_oracle_injected,0.00774523476138711,True
C,116,184,joint_oracle_injected,0.013369199819862843,True
C,116,424,joint_oracle_injected,0.008162709884345531,True
C,117,68,baseline,0.006231758277863264,True
C,117,82,baseline,0.015389269217848778,True
C,117,168,baseline,7.0580949783325195,False
C,117,494,baseline,0.011168111115694046,True
C,117,68,joint_oracle_injected,0.006231758277863264,True
C,117,82,joint_oracle_injected,0.015389269217848778,True
C,117,168,joint_oracle_injected,0.02136058174073696,True
C,117,494,joint_oracle_injected,0.011168228462338448,True
C,118,72,baseline,0.010051230899989605,True
C,118,92,baseline,0.012255954556167126,True
C,118,102,baseline,0.6089432835578918,True
C,118,288,baseline,0.01275335531681776,True
C,118,72,joint_oracle_injected,0.010051230899989605,True
C,118,92,joint_oracle_injected,0.012255954556167126,True
C,118,102,joint_oracle_injected,1.4224965572357178,True
C,118,288,joint_oracle_injected,0.01275335531681776,True
C,119,66,baseline,0.01023402251303196,True
C,119,70,baseline,0.009884223341941833,True
C,119,78,baseline,12.555840492248535,False
C,119,170,baseline,5.171448707580566,False
C,119,66,joint_oracle_injected,0.01023402251303196,True
C,119,70,joint_oracle_injected,0.049688778817653656,True
C,119,78,joint_oracle_injected,6.688670635223389,False
C,119,170,joint_oracle_injected,0.018181100487709045,True
C,120,160,baseline,0.009669726714491844,True
C,120,254,baseline,6.8590545654296875,False
C,120,294,baseline,3.739058494567871,False
C,120,482,baseline,0.01467857975512743,True
C,120,160,joint_oracle_injected,0.009669726714491844,True
C,120,254,joint_oracle_injected,0.008662622421979904,True
C,120,294,joint_oracle_injected,0.01337343454360962,True
C,120,482,joint_oracle_injected,0.01467857975512743,True
C,121,64,baseline,0.019398733973503113,True
C,121,70,baseline,6.682184219360352,False
C,121,108,baseline,2.8743371963500977,False
C,121,120,baseline,0.015096223913133144,True
C,121,64,joint_oracle_injected,0.019398851320147514,True
C,121,70,joint_oracle_injected,0.47210875153541565,True
C,121,108,joint_oracle_injected,0.24521836638450623,True
C,121,120,joint_oracle_injected,0.014204349368810654,True
C,122,94,baseline,0.018056070432066917,True
C,122,128,baseline,0.0960564985871315,True
C,122,212,baseline,1.7609024047851562,True
C,122,480,baseline,8.056947708129883,False
C,122,94,joint_oracle_injected,0.018056070432066917,True
C,122,128,joint_oracle_injected,0.07113589346408844,True
C,122,212,joint_oracle_injected,1.7609024047851562,True
C,122,480,joint_oracle_injected,0.007948435842990875,True
C,123,78,baseline,0.01658814586699009,True
C,123,80,baseline,0.0368475466966629,True
C,123,118,baseline,0.04589004069566727,True
C,123,194,baseline,7.086644172668457,False
C,123,78,joint_oracle_injected,0.01658814586699009,True
C,123,80,joint_oracle_injected,0.03684743121266365,True
C,123,118,joint_oracle_injected,0.027146102860569954,True
C,123,194,joint_oracle_injected,1.1591368913650513,True
C,124,86,baseline,0.16808852553367615,True
C,124,106,baseline,2.065579891204834,True
C,124,158,baseline,0.037299562245607376,True
C,124,162,baseline,0.25315243005752563,True
C,124,86,joint_oracle_injected,0.16808852553367615,True
C,124,106,joint_oracle_injected,0.071968674659729,True
C,124,158,joint_oracle_injected,0.037299562245607376,True
C,124,162,joint_oracle_injected,0.25315243005752563,True
C,125,104,baseline,7.2102508544921875,False
C,125,142,baseline,6.754849910736084,False
C,125,258,baseline,3.192548990249634,False
C,125,362,baseline,0.1584039032459259,True
C,125,104,joint_oracle_injected,0.023481270298361778,True
C,125,142,joint_oracle_injected,0.023108351975679398,True
C,125,258,joint_oracle_injected,0.021452179178595543,True
C,125,362,joint_oracle_injected,0.03388042375445366,True
C,126,88,baseline,0.022674579173326492,True
C,126,118,baseline,0.015575078316032887,True
C,126,276,baseline,0.014110440388321877,True
C,126,350,baseline,0.015472612343728542,True
C,126,88,joint_oracle_injected,0.022674579173326492,True
C,126,118,joint_oracle_injected,0.015575078316032887,True
C,126,276,joint_oracle_injected,0.015524492599070072,True
C,126,350,joint_oracle_injected,0.016438057646155357,True
C,127,100,baseline,0.011464902199804783,True
C,127,248,baseline,3.6934468746185303,False
C,127,292,baseline,6.2444257736206055,False
C,127,372,baseline,5.358149528503418,False
C,127,100,joint_oracle_injected,0.011464902199804783,True
C,127,248,joint_oracle_injected,0.008926485665142536,True
C,127,292,joint_oracle_injected,0.010322397574782372,True
C,127,372,joint_oracle_injected,0.016353387385606766,True
C,128,68,baseline,0.03495697304606438,True
C,128,70,baseline,0.007130058016628027,True
C,128,114,baseline,0.1465192437171936,True
C,128,402,baseline,3.9438440799713135,False
C,128,68,joint_oracle_injected,0.03495697304606438,True
C,128,70,joint_oracle_injected,0.007130058016628027,True
C,128,114,joint_oracle_injected,0.1465192437171936,True
C,128,402,joint_oracle_injected,0.03905617818236351,True
C,129,64,baseline,4.951249122619629,False
C,129,66,baseline,2.758505344390869,False
C,129,112,baseline,5.633675575256348,False
C,129,388,baseline,4.216732978820801,False
C,129,64,joint_oracle_injected,0.010699642822146416,True
C,129,66,joint_oracle_injected,0.3787373900413513,True
C,129,112,joint_oracle_injected,0.04394451901316643,True
C,129,388,joint_oracle_injected,0.7310630679130554,True
C,130,80,baseline,4.466493606567383,False
C,130,94,baseline,0.010072002187371254,True
C,130,112,baseline,4.8889265060424805,False
C,130,298,baseline,0.08977290987968445,True
C,130,80,joint_oracle_injected,2.445504665374756,False
C,130,94,joint_oracle_injected,0.010072002187371254,True
C,130,112,joint_oracle_injected,0.22842760384082794,True
C,130,298,joint_oracle_injected,0.10016117990016937,True
C,131,80,baseline,0.03042561747133732,True
C,131,98,baseline,5.907678604125977,False
C,131,300,baseline,0.023072706535458565,True
C,131,396,baseline,0.03159956634044647,True
C,131,80,joint_oracle_injected,0.03042561747133732,True
C,131,98,joint_oracle_injected,0.016235988587141037,True
C,131,300,joint_oracle_injected,0.025071777403354645,True
C,131,396,joint_oracle_injected,0.027843119576573372,True
C,132,68,baseline,0.017946599051356316,True
C,132,74,baseline,0.05025157704949379,True
C,132,92,baseline,0.27322524785995483,True
C,132,332,baseline,0.015163974836468697,True
C,132,68,joint_oracle_injected,0.017946599051356316,True
C,132,74,joint_oracle_injected,0.05025157704949379,True
C,132,92,joint_oracle_injected,0.27322524785995483,True
C,132,332,joint_oracle_injected,0.015163974836468697,True
C,133,74,baseline,0.0163114033639431,True
C,133,132,baseline,14.166356086730957,False
C,133,280,baseline,7.24418830871582,False
C,133,380,baseline,2.9581234455108643,True
C,133,74,joint_oracle_injected,0.0163114033639431,True
C,133,132,joint_oracle_injected,0.013103211298584938,True
C,133,280,joint_oracle_injected,0.02861240692436695,True
C,133,380,joint_oracle_injected,0.027617599815130234,True
C,134,74,baseline,0.01659471169114113,True
C,134,110,baseline,0.05765451118350029,True
C,134,248,baseline,6.9341230392456055,False
C,134,350,baseline,5.350812911987305,False
C,134,74,joint_oracle_injected,0.01659471169114113,True
C,134,110,joint_oracle_injected,0.05765451118350029,True
C,134,248,joint_oracle_injected,0.018138840794563293,True
C,134,350,joint_oracle_injected,0.046378616243600845,True
C,135,68,baseline,0.007153493817895651,True
C,135,112,baseline,0.026804374530911446,True
C,135,178,baseline,0.010735614225268364,True
C,135,290,baseline,1.9654875993728638,True
C,135,68,joint_oracle_injected,0.007153493817895651,True
C,135,112,joint_oracle_injected,0.026804374530911446,True
C,135,178,joint_oracle_injected,0.010735614225268364,True
C,135,290,joint_oracle_injected,0.011444984935224056,True
C,136,78,baseline,5.2699408531188965,False
C,136,188,baseline,0.020804516971111298,True
C,136,278,baseline,0.03903244435787201,True
C,136,396,baseline,6.191073894500732,False
C,136,78,joint_oracle_injected,0.08958142250776291,True
C,136,188,joint_oracle_injected,0.020804516971111298,True
C,136,278,joint_oracle_injected,0.023221919313073158,True
C,136,396,joint_oracle_injected,0.02968665584921837,True
C,137,82,baseline,0.025559475645422935,True
C,137,198,baseline,6.358462333679199,False
C,137,216,baseline,5.770374774932861,False
C,137,220,baseline,4.728877067565918,False
C,137,82,joint_oracle_injected,0.025559475645422935,True
C,137,198,joint_oracle_injected,0.009517887607216835,True
C,137,216,joint_oracle_injected,0.027384836226701736,True
C,137,220,joint_oracle_injected,0.03069963864982128,True
C,138,72,baseline,0.016188133507966995,True
C,138,114,baseline,0.20397312939167023,True
C,138,188,baseline,0.011959279887378216,True
C,138,316,baseline,8.883922576904297,False
C,138,72,joint_oracle_injected,0.016188133507966995,True
C,138,114,joint_oracle_injected,0.12319666892290115,True
C,138,188,joint_oracle_injected,0.011322646401822567,True
C,138,316,joint_oracle_injected,0.02913716994225979,True
C,139,64,baseline,6.396368026733398,False
C,139,70,baseline,5.524632930755615,False
C,139,128,baseline,0.015755925327539444,True
C,139,168,baseline,0.016402877867221832,True
C,139,64,joint_oracle_injected,0.42478927969932556,True
C,139,70,joint_oracle_injected,0.017795894294977188,True
C,139,128,joint_oracle_injected,0.015755807980895042,True
C,139,168,joint_oracle_injected,0.014187190681695938,True
C,140,82,baseline,0.015000284649431705,True
C,140,222,baseline,7.828728675842285,False
C,140,392,baseline,5.955713272094727,False
C,140,448,baseline,7.411130905151367,False
C,140,82,joint_oracle_injected,0.011962695978581905,True
C,140,222,joint_oracle_injected,0.01970583386719227,True
C,140,392,joint_oracle_injected,0.03362709656357765,True
C,140,448,joint_oracle_injected,0.016898103058338165,True
C,141,64,baseline,0.01821376010775566,True
C,141,118,baseline,5.757669448852539,False
C,141,352,baseline,9.650799751281738,False
C,141,488,baseline,8.153626441955566,False
C,141,64,joint_oracle_injected,0.01821376010775566,True
C,141,118,joint_oracle_injected,0.2419734001159668,True
C,141,352,joint_oracle_injected,0.012615520507097244,True
C,141,488,joint_oracle_injected,3.8863770961761475,False
C,142,90,baseline,0.10594339668750763,True
C,142,102,baseline,1.2072553634643555,True
C,142,300,baseline,4.85146427154541,False
C,142,390,baseline,0.030142497271299362,True
C,142,90,joint_oracle_injected,0.10594339668750763,True
C,142,102,joint_oracle_injected,0.03825346753001213,True
C,142,300,joint_oracle_injected,0.017023863270878792,True
C,142,390,joint_oracle_injected,0.03014238178730011,True
C,143,70,baseline,0.026111742481589317,True
C,143,84,baseline,0.03582122176885605,True
C,143,154,baseline,0.055984850972890854,True
C,143,218,baseline,0.005981046706438065,True
C,143,70,joint_oracle_injected,0.026111742481589317,True
C,143,84,joint_oracle_injected,0.018852807581424713,True
C,143,154,joint_oracle_injected,0.055984850972890854,True
C,143,218,joint_oracle_injected,0.006484420038759708,True
C,144,66,baseline,0.01020652987062931,True
C,144,118,baseline,5.922307014465332,False
C,144,258,baseline,0.038923755288124084,True
C,144,428,baseline,8.594834327697754,False
C,144,66,joint_oracle_injected,0.01020652987062931,True
C,144,118,joint_oracle_injected,0.008295011706650257,True
C,144,258,joint_oracle_injected,0.03463137894868851,True
C,144,428,joint_oracle_injected,0.009039903059601784,True
C,145,74,baseline,0.017888052389025688,True
C,145,116,baseline,0.012800315394997597,True
C,145,170,baseline,0.013618300668895245,True
C,145,296,baseline,4.205233573913574,False
C,145,74,joint_oracle_injected,0.017888052389025688,True
C,145,116,joint_oracle_injected,0.012800315394997597,True
C,145,170,joint_oracle_injected,0.013618300668895245,True
C,145,296,joint_oracle_injected,0.028084585443139076,True
C,146,64,baseline,5.631391525268555,False
C,146,98,baseline,0.01645517908036709,True
C,146,148,baseline,0.02833595871925354,True
C,146,364,baseline,0.010693627409636974,True
C,146,64,joint_oracle_injected,0.11712690442800522,True
C,146,98,joint_oracle_injected,0.01645517908036709,True
C,146,148,joint_oracle_injected,0.02833595871925354,True
C,146,364,joint_oracle_injected,0.010693627409636974,True
C,147,68,baseline,0.010664024390280247,True
C,147,76,baseline,0.021928001195192337,True
C,147,110,baseline,0.27080628275871277,True
C,147,340,baseline,7.122641563415527,False
C,147,68,joint_oracle_injected,0.010664024390280247,True
C,147,76,joint_oracle_injected,0.021928001195192337,True
C,147,110,joint_oracle_injected,0.031048936769366264,True
C,147,340,joint_oracle_injected,0.013567968271672726,True
C,148,72,baseline,0.01855550892651081,True
C,148,76,baseline,0.018825199455022812,True
C,148,152,baseline,0.02301725558936596,True
C,148,442,baseline,0.017716960981488228,True
C,148,72,joint_oracle_injected,0.01855550892651081,True
C,148,76,joint_oracle_injected,0.018825199455022812,True
C,148,152,joint_oracle_injected,0.02301725558936596,True
C,148,442,joint_oracle_injected,0.01632043346762657,True
C,149,70,baseline,0.014617140404880047,True
C,149,74,baseline,0.014956832863390446,True
C,149,120,baseline,0.013147685676813126,True
C,149,154,baseline,0.8578331470489502,True
C,149,70,joint_oracle_injected,0.014617140404880047,True
C,149,74,joint_oracle_injected,0.014956832863390446,True
C,149,120,joint_oracle_injected,0.013147685676813126,True
C,149,154,joint_oracle_injected,5.2147674560546875,False
C,150,68,baseline,0.03274272382259369,True
C,150,86,baseline,0.015181352384388447,True
C,150,124,baseline,5.750063896179199,False
C,150,338,baseline,6.569807529449463,False
C,150,68,joint_oracle_injected,0.03274272382259369,True
C,150,86,joint_oracle_injected,0.015181352384388447,True
C,150,124,joint_oracle_injected,0.009137597866356373,True
C,150,338,joint_oracle_injected,0.07349204272031784,True
C,151,70,baseline,2.8705575466156006,True
C,151,96,baseline,0.08417464792728424,True
C,151,216,baseline,0.033162347972393036,True
C,151,502,baseline,0.013272741809487343,True
C,151,70,joint_oracle_injected,0.2915068566799164,True
C,151,96,joint_oracle_injected,0.08417464792728424,True
C,151,216,joint_oracle_injected,0.0318201519548893,True
C,151,502,joint_oracle_injected,0.012768302112817764,True
C,152,70,baseline,0.6543850302696228,True
C,152,76,baseline,0.09231127798557281,True
C,152,120,baseline,4.001433372497559,False
C,152,314,baseline,4.040024757385254,False
C,152,70,joint_oracle_injected,0.02578604221343994,True
C,152,76,joint_oracle_injected,0.09231127798557281,True
C,152,120,joint_oracle_injected,0.007936017587780952,True
C,152,314,joint_oracle_injected,0.10890573263168335,True
C,153,104,baseline,8.161226272583008,False
C,153,130,baseline,0.0069036055356264114,True
C,153,140,baseline,8.492006301879883,False
C,153,220,baseline,3.628514289855957,False
C,153,104,joint_oracle_injected,0.023979755118489265,True
C,153,130,joint_oracle_injected,0.006998075637966394,True
C,153,140,joint_oracle_injected,0.028000084683299065,True
C,153,220,joint_oracle_injected,0.007969604805111885,True
C,154,64,baseline,0.0060295118018984795,True
C,154,84,baseline,0.01666341722011566,True
C,154,260,baseline,5.172033309936523,False
C,154,280,baseline,0.029652053490281105,True
C,154,64,joint_oracle_injected,0.0060295118018984795,True
C,154,84,joint_oracle_injected,0.01666341722011566,True
C,154,260,joint_oracle_injected,0.008193925023078918,True
C,154,280,joint_oracle_injected,0.022718396037817,True
C,155,76,baseline,0.010532978922128677,True
C,155,102,baseline,4.445670127868652,False
C,155,120,baseline,0.02043001353740692,True
C,155,246,baseline,0.013879919424653053,True
C,155,76,joint_oracle_injected,0.010532978922128677,True
C,155,102,joint_oracle_injected,0.01292529795318842,True
C,155,120,joint_oracle_injected,0.02043001353740692,True
C,155,246,joint_oracle_injected,0.01254018023610115,True
C,156,64,baseline,0.22768805921077728,True
C,156,146,baseline,0.006836831569671631,True
C,156,198,baseline,6.4649224281311035,False
C,156,334,baseline,0.02222534641623497,True
C,156,64,joint_oracle_injected,0.09358081966638565,True
C,156,146,joint_oracle_injected,0.006836831569671631,True
C,156,198,joint_oracle_injected,0.015321416780352592,True
C,156,334,joint_oracle_injected,0.02222534641623497,True
C,157,66,baseline,0.012739702127873898,True
C,157,68,baseline,0.11910808086395264,True
C,157,106,baseline,0.01812385581433773,True
C,157,276,baseline,0.024805627763271332,True
C,157,66,joint_oracle_injected,0.012739702127873898,True
C,157,68,joint_oracle_injected,0.11910808086395264,True
C,157,106,joint_oracle_injected,0.01812385581433773,True
C,157,276,joint_oracle_injected,0.011036306619644165,True
C,158,64,baseline,0.01071049366146326,True
C,158,74,baseline,0.023307988420128822,True
C,158,78,baseline,3.0438623428344727,True
C,158,116,baseline,4.062785625457764,False
C,158,64,joint_oracle_injected,0.01071049366146326,True
C,158,74,joint_oracle_injected,0.023307988420128822,True
C,158,78,joint_oracle_injected,0.5647873878479004,True
C,158,116,joint_oracle_injected,0.008686140179634094,True
C,159,128,baseline,0.006876612547785044,True
C,159,140,baseline,0.028230618685483932,True
C,159,242,baseline,0.01439460925757885,True
C,159,382,baseline,5.943539619445801,False
C,159,128,joint_oracle_injected,0.006991919595748186,True
C,159,140,joint_oracle_injected,0.028230618685483932,True
C,159,242,joint_oracle_injected,0.01439460925757885,True
C,159,382,joint_oracle_injected,0.011267130263149738,True
C,160,92,baseline,0.21360157430171967,True
C,160,110,baseline,3.5631349086761475,False
C,160,156,baseline,8.559998512268066,False
C,160,188,baseline,0.00790798757225275,True
C,160,92,joint_oracle_injected,0.03533873334527016,True
C,160,110,joint_oracle_injected,0.010513515211641788,True
C,160,156,joint_oracle_injected,0.04552299529314041,True
C,160,188,joint_oracle_injected,0.00790798757225275,True
C,161,64,baseline,4.422626972198486,False
C,161,70,baseline,0.010259037837386131,True
C,161,130,baseline,0.005811342969536781,True
C,161,374,baseline,0.06725185364484787,True
C,161,64,joint_oracle_injected,0.06863083690404892,True
C,161,70,joint_oracle_injected,0.010259037837386131,True
C,161,130,joint_oracle_injected,0.005811342969536781,True
C,161,374,joint_oracle_injected,0.02063252218067646,True
C,162,130,baseline,6.013725757598877,False
C,162,244,baseline,0.2315175086259842,True
C,162,322,baseline,0.07010073214769363,True
C,162,482,baseline,0.018361125141382217,True
C,162,130,joint_oracle_injected,0.013244508765637875,True
C,162,244,joint_oracle_injected,0.04371563717722893,True
C,162,322,joint_oracle_injected,0.011548454873263836,True
C,162,482,joint_oracle_injected,0.018361125141382217,True
C,163,76,baseline,0.2471388578414917,True
C,163,78,baseline,0.008467132225632668,True
C,163,80,baseline,0.011919230222702026,True
C,163,310,baseline,0.011772326193749905,True
C,163,76,joint_oracle_injected,0.10892144590616226,True
C,163,78,joint_oracle_injected,0.008467132225632668,True
C,163,80,joint_oracle_injected,0.011919230222702026,True
C,163,310,joint_oracle_injected,0.01177244447171688,True
C,164,66,baseline,4.969226837158203,False
C,164,72,baseline,0.0446888692677021,True
C,164,92,baseline,0.04458728805184364,True
C,164,282,baseline,6.473411560058594,False
C,164,66,joint_oracle_injected,0.015605006366968155,True
C,164,72,joint_oracle_injected,0.0446888692677021,True
C,164,92,joint_oracle_injected,0.04458728805184364,True
C,164,282,joint_oracle_injected,0.01771274395287037,True
C,165,74,baseline,0.03438907116651535,True
C,165,116,baseline,0.01478547416627407,True
C,165,158,baseline,4.379270553588867,False
C,165,416,baseline,5.586104393005371,False
C,165,74,joint_oracle_injected,0.03438907116651535,True
C,165,116,joint_oracle_injected,0.01478547416627407,True
C,165,158,joint_oracle_injected,0.012430691160261631,True
C,165,416,joint_oracle_injected,0.011888602748513222,True
C,166,66,baseline,4.4638566970825195,False
C,166,70,baseline,0.030181940644979477,True
C,166,74,baseline,6.446084976196289,False
C,166,162,baseline,0.00915697030723095,True
C,166,66,joint_oracle_injected,0.059794243425130844,True
C,166,70,joint_oracle_injected,0.030181940644979477,True
C,166,74,joint_oracle_injected,0.0209798663854599,True
C,166,162,joint_oracle_injected,0.00915697030723095,True
C,167,86,baseline,6.998871803283691,False
C,167,224,baseline,0.0280696339905262,True
C,167,254,baseline,6.694981575012207,False
C,167,312,baseline,0.015573552809655666,True
C,167,86,joint_oracle_injected,0.015344543382525444,True
C,167,224,joint_oracle_injected,0.008053331635892391,True
C,167,254,joint_oracle_injected,0.009355750866234303,True
C,167,312,joint_oracle_injected,0.015573552809655666,True
C,168,66,baseline,0.013222862035036087,True
C,168,106,baseline,0.01838652230799198,True
C,168,384,baseline,4.267055988311768,False
C,168,488,baseline,0.07690390199422836,True
C,168,66,joint_oracle_injected,0.013222862035036087,True
C,168,106,joint_oracle_injected,0.01838652230799198,True
C,168,384,joint_oracle_injected,0.3106116056442261,True
C,168,488,joint_oracle_injected,0.0451417975127697,True
C,169,72,baseline,0.015304746106266975,True
C,169,168,baseline,6.3681206703186035,False
C,169,200,baseline,0.023807723075151443,True
C,169,362,baseline,0.2480953484773636,True
C,169,72,joint_oracle_injected,0.014082113280892372,True
C,169,168,joint_oracle_injected,0.029283860698342323,True
C,169,200,joint_oracle_injected,0.022668054327368736,True
C,169,362,joint_oracle_injected,0.24809543788433075,True
C,170,96,baseline,0.1879601627588272,True
C,170,176,baseline,5.856459617614746,False
C,170,200,baseline,0.028560969978570938,True
C,170,224,baseline,0.04639967158436775,True
C,170,96,joint_oracle_injected,0.1879601627588272,True
C,170,176,joint_oracle_injected,0.16205711662769318,True
C,170,200,joint_oracle_injected,0.02302832342684269,True
C,170,224,joint_oracle_injected,0.04639967158436775,True
C,171,64,baseline,0.038034986704587936,True
C,171,82,baseline,0.007058091461658478,True
C,171,84,baseline,3.337419033050537,False
C,171,114,baseline,4.738210678100586,False
C,171,64,joint_oracle_injected,0.038034986704587936,True
C,171,82,joint_oracle_injected,0.007058091461658478,True
C,171,84,joint_oracle_injected,0.032649267464876175,True
C,171,114,joint_oracle_injected,0.012348154559731483,True
C,172,86,baseline,5.803489685058594,False
C,172,94,baseline,0.011277502402663231,True
C,172,354,baseline,6.407337188720703,False
C,172,436,baseline,0.02323228493332863,True
C,172,86,joint_oracle_injected,0.15263181924819946,True
C,172,94,joint_oracle_injected,0.011277502402663231,True
C,172,354,joint_oracle_injected,0.009868287481367588,True
C,172,436,joint_oracle_injected,0.020569460466504097,True
C,173,86,baseline,0.03782529756426811,True
C,173,100,baseline,0.012674964964389801,True
C,173,214,baseline,0.14799350500106812,True
C,173,254,baseline,0.012548067606985569,True
C,173,86,joint_oracle_injected,0.03782529756426811,True
C,173,100,joint_oracle_injected,0.012674964964389801,True
C,173,214,joint_oracle_injected,0.025686822831630707,True
C,173,254,joint_oracle_injected,0.012548067606985569,True
C,174,72,baseline,0.0473218597471714,True
C,174,82,baseline,0.039453908801078796,True
C,174,168,baseline,0.05957862362265587,True
C,174,198,baseline,0.02557702176272869,True
C,174,72,joint_oracle_injected,0.04732208698987961,True
C,174,82,joint_oracle_injected,0.039453908801078796,True
C,174,168,joint_oracle_injected,0.05957862362265587,True
C,174,198,joint_oracle_injected,0.02557702176272869,True
C,175,78,baseline,4.76492977142334,False
C,175,162,baseline,0.1302594691514969,True
C,175,194,baseline,4.408475875854492,False
C,175,446,baseline,5.228166580200195,False
C,175,78,joint_oracle_injected,0.010002370923757553,True
C,175,162,joint_oracle_injected,0.008790604770183563,True
C,175,194,joint_oracle_injected,3.7935328483581543,False
C,175,446,joint_oracle_injected,0.04623043164610863,True
C,176,64,baseline,0.017682058736681938,True
C,176,160,baseline,0.05392990633845329,True
C,176,452,baseline,0.13288931548595428,True
C,176,498,baseline,3.791992425918579,False
C,176,64,joint_oracle_injected,0.017682058736681938,True
C,176,160,joint_oracle_injected,0.05392990633845329,True
C,176,452,joint_oracle_injected,0.13288941979408264,True
C,176,498,joint_oracle_injected,0.012283273972570896,True
C,177,86,baseline,0.01592172123491764,True
C,177,352,baseline,5.805577278137207,False
C,177,404,baseline,8.026497840881348,False
C,177,420,baseline,0.048856306821107864,True
C,177,86,joint_oracle_injected,0.01592172123491764,True
C,177,352,joint_oracle_injected,0.01691744290292263,True
C,177,404,joint_oracle_injected,0.008095783181488514,True
C,177,420,joint_oracle_injected,0.010752596892416477,True
C,178,68,baseline,0.042769789695739746,True
C,178,72,baseline,2.3952276706695557,True
C,178,92,baseline,0.0100391935557127,True
C,178,160,baseline,0.10834258794784546,True
C,178,68,joint_oracle_injected,0.042769789695739746,True
C,178,72,joint_oracle_injected,0.30163609981536865,True
C,178,92,joint_oracle_injected,0.0100391935557127,True
C,178,160,joint_oracle_injected,0.10834258794784546,True
C,179,66,baseline,6.018802642822266,False
C,179,74,baseline,0.019391486421227455,True
C,179,84,baseline,0.04686366021633148,True
C,179,86,baseline,0.013224156573414803,True
C,179,66,joint_oracle_injected,0.28276920318603516,True
C,179,74,joint_oracle_injected,0.019391601905226707,True
C,179,84,joint_oracle_injected,0.04686366021633148,True
C,179,86,joint_oracle_injected,0.013224156573414803,True
C,180,96,baseline,0.021032046526670456,True
C,180,170,baseline,0.04691075161099434,True
C,180,202,baseline,7.3215651512146,False
C,180,338,baseline,8.94263744354248,False
C,180,96,joint_oracle_injected,0.021032046526670456,True
C,180,170,joint_oracle_injected,0.04723589867353439,True
C,180,202,joint_oracle_injected,0.012005925178527832,True
C,180,338,joint_oracle_injected,11.390387535095215,False
C,181,136,baseline,0.009418223053216934,True
C,181,152,baseline,1.9640531539916992,True
C,181,178,baseline,0.008862446993589401,True
C,181,266,baseline,0.013113565742969513,True
C,181,136,joint_oracle_injected,0.009418223053216934,True
C,181,152,joint_oracle_injected,0.11778049170970917,True
C,181,178,joint_oracle_injected,0.008862446993589401,True
C,181,266,joint_oracle_injected,0.013113565742969513,True
C,182,68,baseline,5.342066764831543,False
C,182,126,baseline,0.03955474868416786,True
C,182,252,baseline,0.018607933074235916,True
C,182,346,baseline,7.624849319458008,False
C,182,68,joint_oracle_injected,0.06372620165348053,True
C,182,126,joint_oracle_injected,0.03955474868416786,True
C,182,252,joint_oracle_injected,0.015015198849141598,True
C,182,346,joint_oracle_injected,0.012499094009399414,True
C,183,86,baseline,6.527749061584473,False
C,183,140,baseline,0.037937093526124954,True
C,183,390,baseline,0.00918201170861721,True
C,183,432,baseline,7.632316589355469,False
C,183,86,joint_oracle_injected,0.0638335719704628,True
C,183,140,joint_oracle_injected,0.031944163143634796,True
C,183,390,joint_oracle_injected,0.010977707803249359,True
C,183,432,joint_oracle_injected,0.01929607428610325,True
C,184,72,baseline,1.467048168182373,True
C,184,76,baseline,0.03402745723724365,True
C,184,264,baseline,0.018064968287944794,True
C,184,298,baseline,2.987971067428589,True
C,184,72,joint_oracle_injected,0.14742232859134674,True
C,184,76,joint_oracle_injected,0.03402745723724365,True
C,184,264,joint_oracle_injected,0.015732455998659134,True
C,184,298,joint_oracle_injected,0.021107099950313568,True
C,185,84,baseline,0.14029604196548462,True
C,185,88,baseline,0.014600340276956558,True
C,185,96,baseline,2.480523109436035,True
C,185,192,baseline,0.10646459460258484,True
C,185,84,joint_oracle_injected,0.06376680731773376,True
C,185,88,joint_oracle_injected,0.014600340276956558,True
C,185,96,joint_oracle_injected,0.4252234697341919,True
C,185,192,joint_oracle_injected,0.05368748679757118,True
C,186,86,baseline,0.038306016474962234,True
C,186,124,baseline,0.015209061093628407,True
C,186,304,baseline,6.853744029998779,False
C,186,332,baseline,5.494717597961426,False
C,186,86,joint_oracle_injected,0.038306016474962234,True
C,186,124,joint_oracle_injected,0.015209061093628407,True
C,186,304,joint_oracle_injected,0.011445928364992142,True
C,186,332,joint_oracle_injected,0.008972208946943283,True
C,187,146,baseline,0.021723654121160507,True
C,187,168,baseline,0.008116831071674824,True
C,187,190,baseline,0.06698287278413773,True
C,187,204,baseline,0.0635962262749672,True
C,187,146,joint_oracle_injected,0.021723654121160507,True
C,187,168,joint_oracle_injected,0.008116831071674824,True
C,187,190,joint_oracle_injected,0.025514736771583557,True
C,187,204,joint_oracle_injected,0.019886519759893417,True
C,188,78,baseline,0.012500624172389507,True
C,188,88,baseline,0.052158404141664505,True
C,188,274,baseline,6.027970790863037,False
C,188,474,baseline,0.14056123793125153,True
C,188,78,joint_oracle_injected,0.012500624172389507,True
C,188,88,joint_oracle_injected,0.03355090320110321,True
C,188,274,joint_oracle_injected,0.014490019530057907,True
C,188,474,joint_oracle_injected,0.14056123793125153,True
C,189,90,baseline,5.464846611022949,False
C,189,92,baseline,0.005137456580996513,True
C,189,320,baseline,0.1178472489118576,True
C,189,388,baseline,6.249271392822266,False
C,189,90,joint_oracle_injected,0.15895399451255798,True
C,189,92,joint_oracle_injected,0.005137456580996513,True
C,189,320,joint_oracle_injected,0.0596059150993824,True
C,189,388,joint_oracle_injected,0.08520323783159256,True
C,190,64,baseline,3.5147194862365723,False
C,190,120,baseline,5.941017150878906,False
C,190,218,baseline,6.662306785583496,False
C,190,496,baseline,0.07949899882078171,True
C,190,64,joint_oracle_injected,0.05380215123295784,True
C,190,120,joint_oracle_injected,0.01357855275273323,True
C,190,218,joint_oracle_injected,0.009057387709617615,True
C,190,496,joint_oracle_injected,0.012848568148911,True
C,191,92,baseline,0.018469732254743576,True
C,191,138,baseline,0.005661049857735634,True
C,191,328,baseline,7.046182632446289,False
C,191,488,baseline,7.42775297164917,False
C,191,92,joint_oracle_injected,0.018469732254743576,True
C,191,138,joint_oracle_injected,0.005425253417342901,True
C,191,328,joint_oracle_injected,0.018026800826191902,True
C,191,488,joint_oracle_injected,0.017924116924405098,True
C,192,86,baseline,4.287813186645508,False
C,192,118,baseline,0.011460424400866032,True
C,192,220,baseline,4.405019760131836,False
C,192,308,baseline,0.03160152956843376,True
C,192,86,joint_oracle_injected,1.3874200582504272,True
C,192,118,joint_oracle_injected,0.011460424400866032,True
C,192,220,joint_oracle_injected,0.012043144553899765,True
C,192,308,joint_oracle_injected,0.008838696405291557,True
C,193,64,baseline,5.5731892585754395,False
C,193,68,baseline,0.023389510810375214,True
C,193,72,baseline,3.654679775238037,False
C,193,124,baseline,0.02173776924610138,True
C,193,64,joint_oracle_injected,0.054272767156362534,True
C,193,68,joint_oracle_injected,0.01709277182817459,True
C,193,72,joint_oracle_injected,0.010351893492043018,True
C,193,124,joint_oracle_injected,0.015828324481844902,True
C,194,76,baseline,6.6722893714904785,False
C,194,90,baseline,0.016734812408685684,True
C,194,322,baseline,5.19307279586792,False
C,194,362,baseline,6.247295379638672,False
C,194,76,joint_oracle_injected,0.04911397397518158,True
C,194,90,joint_oracle_injected,0.016734812408685684,True
C,194,322,joint_oracle_injected,0.008300095796585083,True
C,194,362,joint_oracle_injected,0.016409561038017273,True
C,195,64,baseline,6.504508018493652,False
C,195,146,baseline,0.0134230712428689,True
C,195,224,baseline,5.080179214477539,False
C,195,420,baseline,0.06636683642864227,True
C,195,64,joint_oracle_injected,0.02700083889067173,True
C,195,146,joint_oracle_injected,0.0134230712428689,True
C,195,224,joint_oracle_injected,0.014423045329749584,True
C,195,420,joint_oracle_injected,0.06636683642864227,True
C,196,80,baseline,0.010544302873313427,True
C,196,112,baseline,0.008174297399818897,True
C,196,222,baseline,0.012787016108632088,True
C,196,396,baseline,11.339064598083496,False
C,196,80,joint_oracle_injected,0.010544302873313427,True
C,196,112,joint_oracle_injected,0.008174297399818897,True
C,196,222,joint_oracle_injected,0.012787016108632088,True
C,196,396,joint_oracle_injected,0.007174798287451267,True
C,197,106,baseline,0.015851322561502457,True
C,197,118,baseline,7.122624397277832,False
C,197,130,baseline,5.174503326416016,False
C,197,228,baseline,6.70291805267334,False
C,197,106,joint_oracle_injected,0.015851322561502457,True
C,197,118,joint_oracle_injected,0.7125117778778076,True
C,197,130,joint_oracle_injected,0.035209041088819504,True
C,197,228,joint_oracle_injected,0.14181198179721832,True
C,198,78,baseline,0.04161654785275459,True
C,198,126,baseline,0.014789937995374203,True
C,198,162,baseline,5.959344387054443,False
C,198,242,baseline,6.893061637878418,False
C,198,78,joint_oracle_injected,0.04161654785275459,True
C,198,126,joint_oracle_injected,0.014789937995374203,True
C,198,162,joint_oracle_injected,0.4108506739139557,True
C,198,242,joint_oracle_injected,0.009984430857002735,True
C,199,194,baseline,0.006628312636166811,True
C,199,330,baseline,0.013319913297891617,True
C,199,376,baseline,0.010816161520779133,True
C,199,498,baseline,7.564550876617432,False
C,199,194,joint_oracle_injected,0.006628312636166811,True
C,199,330,joint_oracle_injected,0.009178821928799152,True
C,199,376,joint_oracle_injected,0.01276335958391428,True
C,199,498,joint_oracle_injected,0.026820622384548187,True
C,200,64,baseline,0.014849135652184486,True
C,200,104,baseline,0.025148387998342514,True
C,200,196,baseline,7.8901519775390625,False
C,200,302,baseline,0.011866691522300243,True
C,200,64,joint_oracle_injected,0.014849135652184486,True
C,200,104,joint_oracle_injected,0.025148387998342514,True
C,200,196,joint_oracle_injected,0.03948106989264488,True
C,200,302,joint_oracle_injected,0.011866691522300243,True
C,201,74,baseline,0.015308855101466179,True
C,201,144,baseline,4.654876708984375,False
C,201,162,baseline,0.05449596792459488,True
C,201,266,baseline,5.798368453979492,False
C,201,74,joint_oracle_injected,0.015308855101466179,True
C,201,144,joint_oracle_injected,0.024423198774456978,True
C,201,162,joint_oracle_injected,0.044460728764534,True
C,201,266,joint_oracle_injected,0.0411967933177948,True
C,202,68,baseline,0.01177279744297266,True
C,202,134,baseline,0.04759833589196205,True
C,202,164,baseline,6.036940574645996,False
C,202,174,baseline,6.601385593414307,False
C,202,68,joint_oracle_injected,0.01177279744297266,True
C,202,134,joint_oracle_injected,0.04759833589196205,True
C,202,164,joint_oracle_injected,0.014949082396924496,True
C,202,174,joint_oracle_injected,1.403598427772522,True
C,203,78,baseline,7.559419631958008,False
C,203,122,baseline,0.013729305937886238,True
C,203,186,baseline,8.512099266052246,False
C,203,208,baseline,0.01983918808400631,True
C,203,78,joint_oracle_injected,0.0117262601852417,True
C,203,122,joint_oracle_injected,0.013729305937886238,True
C,203,186,joint_oracle_injected,0.014699489809572697,True
C,203,208,joint_oracle_injected,0.01983918808400631,True
C,204,94,baseline,0.012695681303739548,True
C,204,124,baseline,5.649082183837891,False
C,204,236,baseline,3.093985080718994,True
C,204,244,baseline,0.02115040086209774,True
C,204,94,joint_oracle_injected,0.012695681303739548,True
C,204,124,joint_oracle_injected,0.012105920352041721,True
C,204,236,joint_oracle_injected,0.6876768469810486,True
C,204,244,joint_oracle_injected,0.02115040086209774,True
C,205,88,baseline,0.01827041432261467,True
C,205,114,baseline,0.4650629758834839,True
C,205,142,baseline,0.015624606050550938,True
C,205,378,baseline,0.006755489390343428,True
C,205,88,joint_oracle_injected,0.01827041432261467,True
C,205,114,joint_oracle_injected,0.027365349233150482,True
C,205,142,joint_oracle_injected,0.015624606050550938,True
C,205,378,joint_oracle_injected,0.006449124775826931,True
C,206,66,baseline,1.7649781703948975,True
C,206,68,baseline,0.028191562741994858,True
C,206,96,baseline,0.01536954753100872,True
C,206,98,baseline,0.0587686225771904,True
C,206,66,joint_oracle_injected,0.13614635169506073,True
C,206,68,joint_oracle_injected,0.028191447257995605,True
C,206,96,joint_oracle_injected,0.01536954753100872,True
C,206,98,joint_oracle_injected,0.058769069612026215,True
C,207,250,baseline,6.661953926086426,False
C,207,266,baseline,0.03582869842648506,True
C,207,382,baseline,0.01860208250582218,True
C,207,466,baseline,0.01668745093047619,True
C,207,250,joint_oracle_injected,0.008355186320841312,True
C,207,266,joint_oracle_injected,0.022085197269916534,True
C,207,382,joint_oracle_injected,0.01860208250582218,True
C,207,466,joint_oracle_injected,0.01668745093047619,True
C,208,66,baseline,4.399034023284912,False
C,208,70,baseline,0.013946577906608582,True
C,208,74,baseline,0.05137509107589722,True
C,208,76,baseline,0.020708655938506126,True
C,208,66,joint_oracle_injected,0.0037933075800538063,True
C,208,70,joint_oracle_injected,0.013946577906608582,True
C,208,74,joint_oracle_injected,0.05137520655989647,True
C,208,76,joint_oracle_injected,0.020708655938506126,True
C,209,64,baseline,0.010442735627293587,True
C,209,120,baseline,0.014060014858841896,True
C,209,252,baseline,6.697999954223633,False
C,209,324,baseline,0.6886562705039978,True
C,209,64,joint_oracle_injected,0.010442735627293587,True
C,209,120,joint_oracle_injected,0.014060014858841896,True
C,209,252,joint_oracle_injected,0.01249191164970398,True
C,209,324,joint_oracle_injected,0.27574071288108826,True
C,210,68,baseline,0.013939877040684223,True
C,210,72,baseline,0.03918411210179329,True
C,210,110,baseline,0.034009020775556564,True
C,210,256,baseline,7.3118181228637695,False
C,210,68,joint_oracle_injected,0.013939877040684223,True
C,210,72,joint_oracle_injected,0.03918411210179329,True
C,210,110,joint_oracle_injected,0.034009020775556564,True
C,210,256,joint_oracle_injected,0.008187303319573402,True
C,211,74,baseline,0.2077423632144928,True
C,211,148,baseline,3.4349136352539062,False
C,211,288,baseline,3.7329890727996826,False
C,211,446,baseline,0.016202325001358986,True
C,211,74,joint_oracle_injected,0.2077423632144928,True
C,211,148,joint_oracle_injected,1.4056260585784912,True
C,211,288,joint_oracle_injected,0.009800530970096588,True
C,211,446,joint_oracle_injected,0.016202325001358986,True
C,212,64,baseline,0.0317557118833065,True
C,212,70,baseline,0.018188240006566048,True
C,212,104,baseline,0.015716025605797768,True
C,212,136,baseline,0.03379272297024727,True
C,212,64,joint_oracle_injected,0.031755827367305756,True
C,212,70,joint_oracle_injected,0.018188124522566795,True
C,212,104,joint_oracle_injected,0.015716025605797768,True
C,212,136,joint_oracle_injected,0.03379295393824577,True
C,213,70,baseline,0.021215759217739105,True
C,213,104,baseline,0.026823176071047783,True
C,213,142,baseline,0.11292915046215057,True
C,213,396,baseline,0.6857123374938965,True
C,213,70,joint_oracle_injected,0.021215759217739105,True
C,213,104,joint_oracle_injected,0.026823176071047783,True
C,213,142,joint_oracle_injected,0.11292915046215057,True
C,213,396,joint_oracle_injected,0.685712456703186,True
C,214,70,baseline,0.012621641159057617,True
C,214,74,baseline,5.7522993087768555,False
C,214,80,baseline,0.010413124226033688,True
C,214,86,baseline,0.008729392662644386,True
C,214,70,joint_oracle_injected,0.012621759437024593,True
C,214,74,joint_oracle_injected,0.2573115825653076,True
C,214,80,joint_oracle_injected,0.010413005948066711,True
C,214,86,joint_oracle_injected,0.008729392662644386,True
C,215,78,baseline,4.470762252807617,False
C,215,96,baseline,7.1257710456848145,False
C,215,126,baseline,0.013248979113996029,True
C,215,178,baseline,0.08868126571178436,True
C,215,78,joint_oracle_injected,0.040634140372276306,True
C,215,96,joint_oracle_injected,0.01830681599676609,True
C,215,126,joint_oracle_injected,0.01176549308001995,True
C,215,178,joint_oracle_injected,0.08868126571178436,True
C,216,64,baseline,0.016094762831926346,True
C,216,122,baseline,0.08139508962631226,True
C,216,192,baseline,0.03595118224620819,True
C,216,392,baseline,5.321423530578613,False
C,216,64,joint_oracle_injected,0.016094762831926346,True
C,216,122,joint_oracle_injected,0.018302250653505325,True
C,216,192,joint_oracle_injected,0.03595118224620819,True
C,216,392,joint_oracle_injected,0.008520676754415035,True
C,217,64,baseline,4.832962989807129,False
C,217,66,baseline,8.940207481384277,False
C,217,86,baseline,0.008383558131754398,True
C,217,282,baseline,0.0528319887816906,True
C,217,64,joint_oracle_injected,0.007696971297264099,True
C,217,66,joint_oracle_injected,0.15642696619033813,True
C,217,86,joint_oracle_injected,0.008383558131754398,True
C,217,282,joint_oracle_injected,0.011329011991620064,True
C,218,68,baseline,3.9635989665985107,False
C,218,72,baseline,4.017022609710693,False
C,218,84,baseline,0.029953014105558395,True
C,218,388,baseline,5.000287055969238,False
C,218,68,joint_oracle_injected,0.5410841703414917,True
C,218,72,joint_oracle_injected,0.04317803308367729,True
C,218,84,joint_oracle_injected,0.029953014105558395,True
C,218,388,joint_oracle_injected,0.020791789516806602,True
C,219,72,baseline,0.012499094009399414,True
C,219,80,baseline,0.013354025781154633,True
C,219,86,baseline,0.015698423609137535,True
C,219,278,baseline,0.039370592683553696,True
C,219,72,joint_oracle_injected,0.012499094009399414,True
C,219,80,joint_oracle_injected,0.013354025781154633,True
C,219,86,joint_oracle_injected,0.015698423609137535,True
C,219,278,joint_oracle_injected,0.014430330134928226,True
C,220,82,baseline,0.02054995857179165,True
C,220,124,baseline,0.012910470366477966,True
C,220,174,baseline,6.31524658203125,False
C,220,490,baseline,0.019202174618840218,True
C,220,82,joint_oracle_injected,0.02054995857179165,True
C,220,124,joint_oracle_injected,0.012910470366477966,True
C,220,174,joint_oracle_injected,0.016945689916610718,True
C,220,490,joint_oracle_injected,0.019202174618840218,True
C,221,64,baseline,0.017878567799925804,True
C,221,66,baseline,7.71431827545166,False
C,221,184,baseline,5.357008457183838,False
C,221,208,baseline,0.03230353072285652,True
C,221,64,joint_oracle_injected,0.013887091539800167,True
C,221,66,joint_oracle_injected,0.02194712683558464,True
C,221,184,joint_oracle_injected,0.8638502359390259,True
C,221,208,joint_oracle_injected,0.03230353072285652,True
C,222,94,baseline,0.017382070422172546,True
C,222,140,baseline,4.401288032531738,False
C,222,262,baseline,0.026307297870516777,True
C,222,466,baseline,0.018003268167376518,True
C,222,94,joint_oracle_injected,0.017382070422172546,True
C,222,140,joint_oracle_injected,0.008751017972826958,True
C,222,262,joint_oracle_injected,0.018907437101006508,True
C,222,466,joint_oracle_injected,0.018003268167376518,True
C,223,64,baseline,0.0298391655087471,True
C,223,106,baseline,0.14718930423259735,True
C,223,172,baseline,0.027755700051784515,True
C,223,192,baseline,0.017887700349092484,True
C,223,64,joint_oracle_injected,0.0298391655087471,True
C,223,106,joint_oracle_injected,0.14718951284885406,True
C,223,172,joint_oracle_injected,0.19216232001781464,True
C,223,192,joint_oracle_injected,0.017887700349092484,True
C,224,72,baseline,0.012405142188072205,True
C,224,74,baseline,9.047679901123047,False
C,224,134,baseline,6.972504615783691,False
C,224,138,baseline,0.08404970914125443,True
C,224,72,joint_oracle_injected,0.012405142188072205,True
C,224,74,joint_oracle_injected,0.011169643141329288,True
C,224,134,joint_oracle_injected,0.008677631616592407,True
C,224,138,joint_oracle_injected,0.026336325332522392,True
C,225,104,baseline,0.030485399067401886,True
C,225,128,baseline,0.01064715813845396,True
C,225,146,baseline,0.019244389608502388,True
C,225,152,baseline,0.004482697229832411,True
C,225,104,joint_oracle_injected,0.030485283583402634,True
C,225,128,joint_oracle_injected,0.01064715813845396,True
C,225,146,joint_oracle_injected,0.019244389608502388,True
C,225,152,joint_oracle_injected,0.004482697229832411,True
C,226,82,baseline,8.319908142089844,False
C,226,96,baseline,3.9451913833618164,True
C,226,108,baseline,0.01531930360943079,True
C,226,224,baseline,0.027157124131917953,True
C,226,82,joint_oracle_injected,0.03871287778019905,True
C,226,96,joint_oracle_injected,0.22202664613723755,True
C,226,108,joint_oracle_injected,0.01531930360943079,True
C,226,224,joint_oracle_injected,0.027157124131917953,True
C,227,72,baseline,0.0084184305742383,True
C,227,84,baseline,0.05255129933357239,True
C,227,88,baseline,0.027897609397768974,True
C,227,190,baseline,5.0789642333984375,False
C,227,72,joint_oracle_injected,0.0084184305742383,True
C,227,84,joint_oracle_injected,0.02136501669883728,True
C,227,88,joint_oracle_injected,0.027897609397768974,True
C,227,190,joint_oracle_injected,0.022512348368763924,True
C,228,96,baseline,0.024843420833349228,True
C,228,120,baseline,0.026606131345033646,True
C,228,140,baseline,7.126307487487793,False
C,228,204,baseline,2.6707215309143066,True
C,228,96,joint_oracle_injected,0.024843420833349228,True
C,228,120,joint_oracle_injected,0.023197343572974205,True
C,228,140,joint_oracle_injected,0.025501374155282974,True
C,228,204,joint_oracle_injected,2.6707210540771484,True
C,229,64,baseline,3.3451881408691406,False
C,229,68,baseline,0.0828213319182396,True
C,229,170,baseline,0.011466080322861671,True
C,229,410,baseline,7.974697113037109,False
C,229,64,joint_oracle_injected,0.007937555201351643,True
C,229,68,joint_oracle_injected,0.0828213319182396,True
C,229,170,joint_oracle_injected,0.011466080322861671,True
C,229,410,joint_oracle_injected,0.039750099182128906,True
C,230,70,baseline,0.02440551482141018,True
C,230,82,baseline,0.01623704470694065,True
C,230,154,baseline,6.614729881286621,False
C,230,426,baseline,4.0984787940979,False
C,230,70,joint_oracle_injected,0.02440551482141018,True
C,230,82,joint_oracle_injected,0.01623704470694065,True
C,230,154,joint_oracle_injected,0.3606720566749573,True
C,230,426,joint_oracle_injected,0.007745471317321062,True
C,231,138,baseline,5.751956462860107,False
C,231,248,baseline,0.010634537786245346,True
C,231,504,baseline,7.191055774688721,False
C,231,508,baseline,4.290370941162109,False
C,231,138,joint_oracle_injected,0.01411196868866682,True
C,231,248,joint_oracle_injected,0.010634537786245346,True
C,231,504,joint_oracle_injected,0.03002149984240532,True
C,231,508,joint_oracle_injected,0.01621968485414982,True
C,232,74,baseline,3.7266759872436523,False
C,232,138,baseline,0.01621980220079422,True
C,232,178,baseline,10.768941879272461,False
C,232,492,baseline,0.013953396119177341,True
C,232,74,joint_oracle_injected,0.015919961035251617,True
C,232,138,joint_oracle_injected,0.01621980220079422,True
C,232,178,joint_oracle_injected,0.8635636568069458,True
C,232,492,joint_oracle_injected,0.013953396119177341,True
C,233,76,baseline,0.36543887853622437,True
C,233,96,baseline,0.03376460075378418,True
C,233,160,baseline,0.019910942763090134,True
C,233,172,baseline,1.3334267139434814,False
C,233,76,joint_oracle_injected,0.09088490903377533,True
C,233,96,joint_oracle_injected,0.03376471623778343,True
C,233,160,joint_oracle_injected,0.019910942763090134,True
C,233,172,joint_oracle_injected,1.3334264755249023,False
C,234,82,baseline,3.8869500160217285,False
C,234,98,baseline,0.2472444325685501,True
C,234,150,baseline,0.011155614629387856,True
C,234,262,baseline,0.07332023233175278,True
C,234,82,joint_oracle_injected,0.021410873159766197,True
C,234,98,joint_oracle_injected,0.16743434965610504,True
C,234,150,joint_oracle_injected,0.011155614629387856,True
C,234,262,joint_oracle_injected,0.027584202587604523,True
C,235,64,baseline,0.020863009616732597,True
C,235,66,baseline,0.03577015548944473,True
C,235,140,baseline,0.014802858233451843,True
C,235,160,baseline,4.927367210388184,False
C,235,64,joint_oracle_injected,0.020863009616732597,True
C,235,66,joint_oracle_injected,0.03577015548944473,True
C,235,140,joint_oracle_injected,0.014802858233451843,True
C,235,160,joint_oracle_injected,0.005937675479799509,True
C,236,68,baseline,0.08857925981283188,True
C,236,118,baseline,6.816766738891602,False
C,236,148,baseline,0.03874521702528,True
C,236,208,baseline,6.797028541564941,False
C,236,68,joint_oracle_injected,0.08857925981283188,True
C,236,118,joint_oracle_injected,0.7685844302177429,True
C,236,148,joint_oracle_injected,0.01570041850209236,True
C,236,208,joint_oracle_injected,0.009816231206059456,True
C,237,70,baseline,0.016139455139636993,True
C,237,94,baseline,3.9697928428649902,False
C,237,150,baseline,0.032182563096284866,True
C,237,174,baseline,5.801200866699219,False
C,237,70,joint_oracle_injected,0.016139455139636993,True
C,237,94,joint_oracle_injected,0.015567684546113014,True
C,237,150,joint_oracle_injected,0.033091768622398376,True
C,237,174,joint_oracle_injected,0.005240513011813164,True
C,238,100,baseline,0.014694086275994778,True
C,238,168,baseline,6.657549858093262,False
C,238,304,baseline,4.014492034912109,False
C,238,484,baseline,4.332722187042236,False
C,238,100,joint_oracle_injected,0.014694086275994778,True
C,238,168,joint_oracle_injected,0.026868551969528198,True
C,238,304,joint_oracle_injected,0.1307554990053177,True
C,238,484,joint_oracle_injected,0.01281020138412714,True
C,239,74,baseline,2.335585117340088,True
C,239,100,baseline,0.015483997762203217,True
C,239,174,baseline,9.844436645507812,False
C,239,242,baseline,0.02106916531920433,True
C,239,74,joint_oracle_injected,0.017906904220581055,True
C,239,100,joint_oracle_injected,0.015483997762203217,True
C,239,174,joint_oracle_injected,0.010253256186842918,True
C,239,242,joint_oracle_injected,0.02106916531920433,True
C,240,66,baseline,10.206684112548828,False
C,240,86,baseline,0.007718737702816725,True
C,240,126,baseline,4.6766462326049805,False
C,240,164,baseline,5.831395149230957,False
C,240,66,joint_oracle_injected,0.08943121880292892,True
C,240,86,joint_oracle_injected,0.007718737702816725,True
C,240,126,joint_oracle_injected,0.011722607538104057,True
C,240,164,joint_oracle_injected,0.025987816974520683,True
C,241,66,baseline,0.05337482690811157,True
C,241,80,baseline,0.013751999475061893,True
C,241,156,baseline,0.01562660187482834,True
C,241,254,baseline,7.192810535430908,False
C,241,66,joint_oracle_injected,0.05337482690811157,True
C,241,80,joint_oracle_injected,0.013751999475061893,True
C,241,156,joint_oracle_injected,0.01562660187482834,True
C,241,254,joint_oracle_injected,0.012400314211845398,True
C,242,64,baseline,3.915511131286621,False
C,242,74,baseline,0.02153501845896244,True
C,242,198,baseline,0.06868815422058105,True
C,242,218,baseline,6.523917198181152,False
C,242,64,joint_oracle_injected,0.02294013276696205,True
C,242,74,joint_oracle_injected,0.02153501845896244,True
C,242,198,joint_oracle_injected,0.04212675988674164,True
C,242,218,joint_oracle_injected,0.018345557153224945,True
C,243,80,baseline,0.02545512095093727,True
C,243,98,baseline,4.586238861083984,False
C,243,104,baseline,6.041354179382324,False
C,243,146,baseline,0.026776636019349098,True
C,243,80,joint_oracle_injected,0.025455238297581673,True
C,243,98,joint_oracle_injected,0.005390750709921122,True
C,243,104,joint_oracle_injected,3.6244330406188965,False
C,243,146,joint_oracle_injected,0.012656837701797485,True
C,244,96,baseline,4.2415452003479,False
C,244,170,baseline,0.9547703862190247,True
C,244,294,baseline,4.356505393981934,False
C,244,406,baseline,5.124377727508545,False
C,244,96,joint_oracle_injected,0.024478571489453316,True
C,244,170,joint_oracle_injected,0.04112472012639046,True
C,244,294,joint_oracle_injected,0.027046091854572296,True
C,244,406,joint_oracle_injected,0.016822263598442078,True
C,245,64,baseline,0.028950737789273262,True
C,245,96,baseline,8.111490249633789,False
C,245,132,baseline,0.03927626833319664,True
C,245,142,baseline,0.012678966857492924,True
C,245,64,joint_oracle_injected,0.028950391337275505,True
C,245,96,joint_oracle_injected,0.009148819372057915,True
C,245,132,joint_oracle_injected,0.03927626833319664,True
C,245,142,joint_oracle_injected,0.012678966857492924,True
C,246,174,baseline,0.3065546154975891,True
C,246,268,baseline,0.017770130187273026,True
C,246,320,baseline,7.966844081878662,False
C,246,372,baseline,1.399105191230774,True
C,246,174,joint_oracle_injected,0.23549430072307587,True
C,246,268,joint_oracle_injected,0.017770247533917427,True
C,246,320,joint_oracle_injected,7.523895263671875,False
C,246,372,joint_oracle_injected,0.3815944492816925,True
C,247,72,baseline,4.2487993240356445,False
C,247,94,baseline,0.02939232997596264,True
C,247,240,baseline,4.402268409729004,False
C,247,282,baseline,0.47674059867858887,True
C,247,72,joint_oracle_injected,0.045427195727825165,True
C,247,94,joint_oracle_injected,0.02939232997596264,True
C,247,240,joint_oracle_injected,0.2527937591075897,True
C,247,282,joint_oracle_injected,0.476740300655365,True
C,248,72,baseline,6.88083553314209,False
C,248,98,baseline,0.019825749099254608,True
C,248,126,baseline,14.787453651428223,False
C,248,418,baseline,0.017555562779307365,True
C,248,72,joint_oracle_injected,0.04632888361811638,True
C,248,98,joint_oracle_injected,0.019825749099254608,True
C,248,126,joint_oracle_injected,2.846980333328247,False
C,248,418,joint_oracle_injected,0.018303070217370987,True
C,249,92,baseline,0.017870252951979637,True
C,249,154,baseline,7.370783805847168,False
C,249,230,baseline,0.09517765045166016,True
C,249,460,baseline,0.027778657153248787,True
C,249,92,joint_oracle_injected,0.017870252951979637,True
C,249,154,joint_oracle_injected,0.04716914892196655,True
C,249,230,joint_oracle_injected,0.038217898458242416,True
C,249,460,joint_oracle_injected,0.02777877449989319,True
C,250,108,baseline,0.007639714982360601,True
C,250,152,baseline,0.01198036503046751,True
C,250,154,baseline,7.995977401733398,False
C,250,468,baseline,1.8501290082931519,False
C,250,108,joint_oracle_injected,0.007639714982360601,True
C,250,152,joint_oracle_injected,0.01198036503046751,True
C,250,154,joint_oracle_injected,0.006235193926841021,True
C,250,468,joint_oracle_injected,0.19570055603981018,True
C,251,78,baseline,0.014131009578704834,True
C,251,80,baseline,0.9236764907836914,True
C,251,144,baseline,6.306459426879883,False
C,251,330,baseline,0.08655332773923874,True
C,251,78,joint_oracle_injected,0.014131009578704834,True
C,251,80,joint_oracle_injected,0.9236764907836914,True
C,251,144,joint_oracle_injected,0.03497147932648659,True
C,251,330,joint_oracle_injected,0.08655332773923874,True
C,252,66,baseline,0.009631002321839333,True
C,252,152,baseline,5.4449920654296875,False
C,252,176,baseline,7.566797256469727,False
C,252,200,baseline,0.020979400724172592,True
C,252,66,joint_oracle_injected,0.009631002321839333,True
C,252,152,joint_oracle_injected,0.03601948916912079,True
C,252,176,joint_oracle_injected,0.0372249111533165,True
C,252,200,joint_oracle_injected,0.02097928337752819,True
C,253,90,baseline,0.09663385152816772,True
C,253,112,baseline,0.05723108351230621,True
C,253,252,baseline,8.885441780090332,False
C,253,428,baseline,5.556450843811035,False
C,253,90,joint_oracle_injected,0.09663385152816772,True
C,253,112,joint_oracle_injected,0.05723108351230621,True
C,253,252,joint_oracle_injected,0.015052542090415955,True
C,253,428,joint_oracle_injected,0.012878460809588432,True
C,254,78,baseline,0.018260346725583076,True
C,254,86,baseline,0.012873400002717972,True
C,254,128,baseline,0.03756057098507881,True
C,254,280,baseline,4.972436904907227,False
C,254,78,joint_oracle_injected,0.335234135389328,True
C,254,86,joint_oracle_injected,0.012873400002717972,True
C,254,128,joint_oracle_injected,0.04313293471932411,True
C,254,280,joint_oracle_injected,0.0049725910648703575,True
C,255,80,baseline,0.00748318899422884,True
C,255,186,baseline,5.78828763961792,False
C,255,408,baseline,6.410647392272949,False
C,255,414,baseline,0.09415710717439651,True
C,255,80,joint_oracle_injected,0.00748318899422884,True
C,255,186,joint_oracle_injected,0.16107603907585144,True
C,255,408,joint_oracle_injected,0.014496599324047565,True
C,255,414,joint_oracle_injected,0.020723484456539154,True
D,0,112,baseline,6.9282097816467285,False
D,0,118,baseline,6.954690933227539,False
D,0,174,baseline,6.985146522521973,False
D,0,458,baseline,6.899884223937988,False
D,0,112,joint_oracle_injected,6.9282097816467285,False
D,0,118,joint_oracle_injected,6.954690933227539,False
D,0,174,joint_oracle_injected,6.985146522521973,False
D,0,458,joint_oracle_injected,6.899884223937988,False
D,1,72,baseline,6.939634323120117,False
D,1,78,baseline,6.869692325592041,False
D,1,84,baseline,6.964743614196777,False
D,1,288,baseline,6.964443206787109,False
D,1,72,joint_oracle_injected,6.939634323120117,False
D,1,78,joint_oracle_injected,6.869692325592041,False
D,1,84,joint_oracle_injected,6.964743614196777,False
D,1,288,joint_oracle_injected,6.964443206787109,False
D,2,82,baseline,6.926827430725098,False
D,2,154,baseline,6.912003517150879,False
D,2,256,baseline,6.9380083084106445,False
D,2,456,baseline,6.959164619445801,False
D,2,82,joint_oracle_injected,6.926827430725098,False
D,2,154,joint_oracle_injected,6.912003517150879,False
D,2,256,joint_oracle_injected,6.9380083084106445,False
D,2,456,joint_oracle_injected,6.959164619445801,False
D,3,80,baseline,6.9260430335998535,False
D,3,110,baseline,6.934722423553467,False
D,3,272,baseline,6.912003993988037,False
D,3,336,baseline,6.901462554931641,False
D,3,80,joint_oracle_injected,6.9260430335998535,False
D,3,110,joint_oracle_injected,6.934722423553467,False
D,3,272,joint_oracle_injected,6.912003993988037,False
D,3,336,joint_oracle_injected,6.901462554931641,False
D,4,124,baseline,6.9581828117370605,False
D,4,152,baseline,6.924201488494873,False
D,4,296,baseline,6.856937885284424,False
D,4,400,baseline,6.968998908996582,False
D,4,124,joint_oracle_injected,6.9581828117370605,False
D,4,152,joint_oracle_injected,6.924201488494873,False
D,4,296,joint_oracle_injected,6.856937885284424,False
D,4,400,joint_oracle_injected,6.968998908996582,False
D,5,76,baseline,6.949739456176758,False
D,5,144,baseline,6.890387535095215,False
D,5,246,baseline,6.947566986083984,False
D,5,250,baseline,6.905569076538086,False
D,5,76,joint_oracle_injected,6.949739456176758,False
D,5,144,joint_oracle_injected,6.890387535095215,False
D,5,246,joint_oracle_injected,6.947566986083984,False
D,5,250,joint_oracle_injected,6.905569076538086,False
D,6,82,baseline,6.897601127624512,False
D,6,88,baseline,6.939028263092041,False
D,6,102,baseline,6.985149383544922,False
D,6,262,baseline,6.918939113616943,False
D,6,82,joint_oracle_injected,6.897601127624512,False
D,6,88,joint_oracle_injected,6.939028263092041,False
D,6,102,joint_oracle_injected,6.985149383544922,False
D,6,262,joint_oracle_injected,6.918939113616943,False
D,7,74,baseline,6.912708282470703,False
D,7,100,baseline,6.963393688201904,False
D,7,102,baseline,6.966869831085205,False
D,7,146,baseline,6.939835548400879,False
D,7,74,joint_oracle_injected,6.912708282470703,False
D,7,100,joint_oracle_injected,6.963393688201904,False
D,7,102,joint_oracle_injected,6.966869831085205,False
D,7,146,joint_oracle_injected,6.939835548400879,False
D,8,88,baseline,6.921611785888672,False
D,8,104,baseline,6.95047664642334,False
D,8,124,baseline,6.9195876121521,False
D,8,270,baseline,6.925828456878662,False
D,8,88,joint_oracle_injected,6.921611785888672,False
D,8,104,joint_oracle_injected,6.95047664642334,False
D,8,124,joint_oracle_injected,6.9195876121521,False
D,8,270,joint_oracle_injected,6.925828456878662,False
D,9,84,baseline,6.952193260192871,False
D,9,108,baseline,6.944760322570801,False
D,9,152,baseline,6.933287620544434,False
D,9,390,baseline,6.920487880706787,False
D,9,84,joint_oracle_injected,6.952193260192871,False
D,9,108,joint_oracle_injected,6.944760322570801,False
D,9,152,joint_oracle_injected,6.933287620544434,False
D,9,390,joint_oracle_injected,6.920487880706787,False
D,10,68,baseline,6.9836626052856445,False
D,10,92,baseline,6.897757530212402,False
D,10,94,baseline,6.949951171875,False
D,10,152,baseline,6.929080009460449,False
D,10,68,joint_oracle_injected,6.9836626052856445,False
D,10,92,joint_oracle_injected,6.897757530212402,False
D,10,94,joint_oracle_injected,6.949951171875,False
D,10,152,joint_oracle_injected,6.929080009460449,False
D,11,134,baseline,6.915352821350098,False
D,11,154,baseline,6.952946186065674,False
D,11,184,baseline,6.95332670211792,False
D,11,366,baseline,6.896442890167236,False
D,11,134,joint_oracle_injected,6.915352821350098,False
D,11,154,joint_oracle_injected,6.952946186065674,False
D,11,184,joint_oracle_injected,6.95332670211792,False
D,11,366,joint_oracle_injected,6.896442890167236,False
D,12,80,baseline,6.964222431182861,False
D,12,170,baseline,6.938323974609375,False
D,12,184,baseline,6.904963493347168,False
D,12,426,baseline,6.877724647521973,False
D,12,80,joint_oracle_injected,6.964222431182861,False
D,12,170,joint_oracle_injected,6.938323974609375,False
D,12,184,joint_oracle_injected,6.904963970184326,False
D,12,426,joint_oracle_injected,6.877724647521973,False
D,13,92,baseline,6.899498462677002,False
D,13,96,baseline,6.914777755737305,False
D,13,270,baseline,6.9380693435668945,False
D,13,356,baseline,6.917168140411377,False
D,13,92,joint_oracle_injected,6.899498462677002,False
D,13,96,joint_oracle_injected,6.914777755737305,False
D,13,270,joint_oracle_injected,6.9380693435668945,False
D,13,356,joint_oracle_injected,6.917168140411377,False
D,14,68,baseline,6.89581823348999,False
D,14,76,baseline,6.958361625671387,False
D,14,228,baseline,6.955319881439209,False
D,14,430,baseline,6.893911361694336,False
D,14,68,joint_oracle_injected,6.89581823348999,False
D,14,76,joint_oracle_injected,6.958361625671387,False
D,14,228,joint_oracle_injected,6.955319881439209,False
D,14,430,joint_oracle_injected,6.893911361694336,False
D,15,76,baseline,6.91920804977417,False
D,15,108,baseline,6.97025203704834,False
D,15,280,baseline,6.89259147644043,False
D,15,500,baseline,6.974001884460449,False
D,15,76,joint_oracle_injected,6.91920804977417,False
D,15,108,joint_oracle_injected,6.970252513885498,False
D,15,280,joint_oracle_injected,6.89259147644043,False
D,15,500,joint_oracle_injected,6.974001884460449,False
D,16,80,baseline,6.945652961730957,False
D,16,136,baseline,6.9262776374816895,False
D,16,146,baseline,6.9574666023254395,False
D,16,252,baseline,6.939769268035889,False
D,16,80,joint_oracle_injected,6.945652961730957,False
D,16,136,joint_oracle_injected,6.9262776374816895,False
D,16,146,joint_oracle_injected,6.9574666023254395,False
D,16,252,joint_oracle_injected,6.939769268035889,False
D,17,70,baseline,6.935007095336914,False
D,17,76,baseline,6.933925628662109,False
D,17,148,baseline,6.921483039855957,False
D,17,190,baseline,6.888978958129883,False
D,17,70,joint_oracle_injected,6.935007095336914,False
D,17,76,joint_oracle_injected,6.933925628662109,False
D,17,148,joint_oracle_injected,6.921483039855957,False
D,17,190,joint_oracle_injected,6.888978958129883,False
D,18,78,baseline,6.937216281890869,False
D,18,80,baseline,6.956101894378662,False
D,18,96,baseline,6.942467212677002,False
D,18,128,baseline,6.906922340393066,False
D,18,78,joint_oracle_injected,6.937216281890869,False
D,18,80,joint_oracle_injected,6.956101894378662,False
D,18,96,joint_oracle_injected,6.942467212677002,False
D,18,128,joint_oracle_injected,6.906921863555908,False
D,19,98,baseline,6.935675144195557,False
D,19,128,baseline,6.924033164978027,False
D,19,226,baseline,6.9208197593688965,False
D,19,410,baseline,6.958759784698486,False
D,19,98,joint_oracle_injected,6.935675144195557,False
D,19,128,joint_oracle_injected,6.924033164978027,False
D,19,226,joint_oracle_injected,6.9208197593688965,False
D,19,410,joint_oracle_injected,6.958759784698486,False
D,20,66,baseline,6.962399482727051,False
D,20,68,baseline,6.916333198547363,False
D,20,154,baseline,6.906983375549316,False
D,20,328,baseline,6.921713829040527,False
D,20,66,joint_oracle_injected,6.962399482727051,False
D,20,68,joint_oracle_injected,6.916333198547363,False
D,20,154,joint_oracle_injected,6.906983375549316,False
D,20,328,joint_oracle_injected,6.921713829040527,False
D,21,74,baseline,6.949107646942139,False
D,21,84,baseline,6.890379428863525,False
D,21,86,baseline,6.9533281326293945,False
D,21,408,baseline,6.922296524047852,False
D,21,74,joint_oracle_injected,6.949107646942139,False
D,21,84,joint_oracle_injected,6.890379428863525,False
D,21,86,joint_oracle_injected,6.9533281326293945,False
D,21,408,joint_oracle_injected,6.922296524047852,False
D,22,118,baseline,6.930020332336426,False
D,22,160,baseline,6.937646389007568,False
D,22,176,baseline,6.928991317749023,False
D,22,422,baseline,6.973021507263184,False
D,22,118,joint_oracle_injected,6.930020332336426,False
D,22,160,joint_oracle_injected,6.937646389007568,False
D,22,176,joint_oracle_injected,6.928991317749023,False
D,22,422,joint_oracle_injected,6.973021507263184,False
D,23,90,baseline,6.890384674072266,False
D,23,130,baseline,6.904884338378906,False
D,23,180,baseline,6.895022869110107,False
D,23,466,baseline,6.971303462982178,False
D,23,90,joint_oracle_injected,6.890384674072266,False
D,23,130,joint_oracle_injected,6.904884338378906,False
D,23,180,joint_oracle_injected,6.895022869110107,False
D,23,466,joint_oracle_injected,6.971303462982178,False
D,24,98,baseline,6.898144245147705,False
D,24,110,baseline,6.906242847442627,False
D,24,206,baseline,6.938101768493652,False
D,24,214,baseline,6.9321746826171875,False
D,24,98,joint_oracle_injected,6.898144245147705,False
D,24,110,joint_oracle_injected,6.906242847442627,False
D,24,206,joint_oracle_injected,6.938101768493652,False
D,24,214,joint_oracle_injected,6.9321746826171875,False
D,25,80,baseline,6.937216281890869,False
D,25,98,baseline,6.89949893951416,False
D,25,108,baseline,6.904963970184326,False
D,25,116,baseline,6.894445896148682,False
D,25,80,joint_oracle_injected,6.937216281890869,False
D,25,98,joint_oracle_injected,6.89949893951416,False
D,25,108,joint_oracle_injected,6.904963970184326,False
D,25,116,joint_oracle_injected,6.894445896148682,False
D,26,70,baseline,6.936605453491211,False
D,26,120,baseline,6.904391288757324,False
D,26,174,baseline,6.965851306915283,False
D,26,288,baseline,6.929601669311523,False
D,26,70,joint_oracle_injected,6.936605453491211,False
D,26,120,joint_oracle_injected,6.904391288757324,False
D,26,174,joint_oracle_injected,6.965851306915283,False
D,26,288,joint_oracle_injected,6.929601669311523,False
D,27,68,baseline,6.936376094818115,False
D,27,136,baseline,6.880491256713867,False
D,27,178,baseline,6.894446849822998,False
D,27,208,baseline,6.951813220977783,False
D,27,68,joint_oracle_injected,6.936376094818115,False
D,27,136,joint_oracle_injected,6.880491256713867,False
D,27,178,joint_oracle_injected,6.894446849822998,False
D,27,208,joint_oracle_injected,6.951813220977783,False
D,28,86,baseline,6.892331123352051,False
D,28,90,baseline,6.922481060028076,False
D,28,162,baseline,6.928792476654053,False
D,28,206,baseline,6.931492328643799,False
D,28,86,joint_oracle_injected,6.892331123352051,False
D,28,90,joint_oracle_injected,6.922481060028076,False
D,28,162,joint_oracle_injected,6.928792476654053,False
D,28,206,joint_oracle_injected,6.931492805480957,False
D,29,78,baseline,6.937427043914795,False
D,29,110,baseline,6.930190563201904,False
D,29,266,baseline,6.9058308601379395,False
D,29,464,baseline,6.942959308624268,False
D,29,78,joint_oracle_injected,6.937427043914795,False
D,29,110,joint_oracle_injected,6.930190563201904,False
D,29,266,joint_oracle_injected,6.9058308601379395,False
D,29,464,joint_oracle_injected,6.942959308624268,False
D,30,84,baseline,6.936922073364258,False
D,30,172,baseline,6.934720993041992,False
D,30,212,baseline,6.953582763671875,False
D,30,310,baseline,6.919445991516113,False
D,30,84,joint_oracle_injected,6.936922073364258,False
D,30,172,joint_oracle_injected,6.934720516204834,False
D,30,212,joint_oracle_injected,6.953582763671875,False
D,30,310,joint_oracle_injected,6.919445991516113,False
D,31,108,baseline,6.982394695281982,False
D,31,110,baseline,6.943122386932373,False
D,31,114,baseline,6.967411041259766,False
D,31,244,baseline,6.943327903747559,False
D,31,108,joint_oracle_injected,6.982394695281982,False
D,31,110,joint_oracle_injected,6.943122386932373,False
D,31,114,joint_oracle_injected,6.967411041259766,False
D,31,244,joint_oracle_injected,6.943327903747559,False
D,32,78,baseline,6.920060157775879,False
D,32,88,baseline,6.895898818969727,False
D,32,146,baseline,6.858007907867432,False
D,32,400,baseline,6.9433674812316895,False
D,32,78,joint_oracle_injected,6.920060157775879,False
D,32,88,joint_oracle_injected,6.895898818969727,False
D,32,146,joint_oracle_injected,6.858007907867432,False
D,32,400,joint_oracle_injected,6.9433674812316895,False
D,33,206,baseline,6.903446674346924,False
D,33,268,baseline,6.9566874504089355,False
D,33,308,baseline,6.916961193084717,False
D,33,318,baseline,6.936940670013428,False
D,33,206,joint_oracle_injected,6.903446674346924,False
D,33,268,joint_oracle_injected,6.9566874504089355,False
D,33,308,joint_oracle_injected,6.916961193084717,False
D,33,318,joint_oracle_injected,6.936940670013428,False
D,34,70,baseline,6.9147772789001465,False
D,34,78,baseline,6.9048848152160645,False
D,34,172,baseline,6.94037389755249,False
D,34,190,baseline,7.02371072769165,False
D,34,70,joint_oracle_injected,6.9147772789001465,False
D,34,78,joint_oracle_injected,6.9048848152160645,False
D,34,172,joint_oracle_injected,6.94037389755249,False
D,34,190,joint_oracle_injected,7.02371072769165,False
D,35,64,baseline,6.955129146575928,False
D,35,66,baseline,6.919802188873291,False
D,35,80,baseline,6.956685543060303,False
D,35,106,baseline,6.9472737312316895,False
D,35,64,joint_oracle_injected,6.9551286697387695,False
D,35,66,joint_oracle_injected,6.919802188873291,False
D,35,80,joint_oracle_injected,6.956685543060303,False
D,35,106,joint_oracle_injected,6.9472737312316895,False
D,36,74,baseline,6.966532230377197,False
D,36,82,baseline,6.919861793518066,False
D,36,122,baseline,6.9274797439575195,False
D,36,296,baseline,6.926464557647705,False
D,36,74,joint_oracle_injected,6.966532230377197,False
D,36,82,joint_oracle_injected,6.919861793518066,False
D,36,122,joint_oracle_injected,6.9274797439575195,False
D,36,296,joint_oracle_injected,6.926464557647705,False
D,37,100,baseline,6.905567646026611,False
D,37,106,baseline,6.9095683097839355,False
D,37,116,baseline,6.925486087799072,False
D,37,336,baseline,6.932174205780029,False
D,37,100,joint_oracle_injected,6.905567646026611,False
D,37,106,joint_oracle_injected,6.9095683097839355,False
D,37,116,joint_oracle_injected,6.925486087799072,False
D,37,336,joint_oracle_injected,6.932174205780029,False
D,38,68,baseline,6.901460647583008,False
D,38,72,baseline,6.9224772453308105,False
D,38,178,baseline,6.913259506225586,False
D,38,206,baseline,6.883556365966797,False
D,38,68,joint_oracle_injected,6.901460647583008,False
D,38,72,joint_oracle_injected,6.9224772453308105,False
D,38,178,joint_oracle_injected,6.913259506225586,False
D,38,206,joint_oracle_injected,6.883556365966797,False
D,39,76,baseline,6.96327543258667,False
D,39,86,baseline,6.943627834320068,False
D,39,106,baseline,6.921565055847168,False
D,39,114,baseline,6.935344696044922,False
D,39,76,joint_oracle_injected,6.96327543258667,False
D,39,86,joint_oracle_injected,6.943627834320068,False
D,39,106,joint_oracle_injected,6.92156457901001,False
D,39,114,joint_oracle_injected,6.935344696044922,False
D,40,74,baseline,6.927396297454834,False
D,40,100,baseline,6.959558486938477,False
D,40,168,baseline,6.904295921325684,False
D,40,170,baseline,6.942851543426514,False
D,40,74,joint_oracle_injected,6.927396297454834,False
D,40,100,joint_oracle_injected,6.959558486938477,False
D,40,168,joint_oracle_injected,6.904295921325684,False
D,40,170,joint_oracle_injected,6.942851543426514,False
D,41,84,baseline,6.940136432647705,False
D,41,106,baseline,6.916224956512451,False
D,41,256,baseline,6.952579021453857,False
D,41,268,baseline,6.916398048400879,False
D,41,84,joint_oracle_injected,6.940136909484863,False
D,41,106,joint_oracle_injected,6.916224956512451,False
D,41,256,joint_oracle_injected,6.952579021453857,False
D,41,268,joint_oracle_injected,6.916398048400879,False
D,42,64,baseline,6.898141860961914,False
D,42,86,baseline,6.960719108581543,False
D,42,112,baseline,6.921908855438232,False
D,42,320,baseline,6.929874420166016,False
D,42,64,joint_oracle_injected,6.898141860961914,False
D,42,86,joint_oracle_injected,6.960719108581543,False
D,42,112,joint_oracle_injected,6.921908855438232,False
D,42,320,joint_oracle_injected,6.929874420166016,False
D,43,68,baseline,6.897833824157715,False
D,43,72,baseline,6.951682090759277,False
D,43,144,baseline,6.96358585357666,False
D,43,458,baseline,6.971960067749023,False
D,43,68,joint_oracle_injected,6.897833824157715,False
D,43,72,joint_oracle_injected,6.951682090759277,False
D,43,144,joint_oracle_injected,6.96358585357666,False
D,43,458,joint_oracle_injected,6.971960067749023,False
D,44,82,baseline,6.892592906951904,False
D,44,104,baseline,6.925072193145752,False
D,44,122,baseline,6.954946041107178,False
D,44,146,baseline,6.928223133087158,False
D,44,82,joint_oracle_injected,6.892592906951904,False
D,44,104,joint_oracle_injected,6.925072193145752,False
D,44,122,joint_oracle_injected,6.954946041107178,False
D,44,146,joint_oracle_injected,6.928223133087158,False
D,45,76,baseline,6.92156457901001,False
D,45,168,baseline,6.883615970611572,False
D,45,248,baseline,6.918011665344238,False
D,45,324,baseline,6.9170637130737305,False
D,45,76,joint_oracle_injected,6.92156457901001,False
D,45,168,joint_oracle_injected,6.883615970611572,False
D,45,248,joint_oracle_injected,6.918011665344238,False
D,45,324,joint_oracle_injected,6.9170637130737305,False
D,46,68,baseline,6.8618550300598145,False
D,46,76,baseline,6.953698635101318,False
D,46,88,baseline,6.9269118309021,False
D,46,96,baseline,6.86439323425293,False
D,46,68,joint_oracle_injected,6.8618550300598145,False
D,46,76,joint_oracle_injected,6.953699111938477,False
D,46,88,joint_oracle_injected,6.9269118309021,False
D,46,96,joint_oracle_injected,6.86439323425293,False
D,47,70,baseline,6.898079872131348,False
D,47,88,baseline,6.942082405090332,False
D,47,144,baseline,6.9249091148376465,False
D,47,338,baseline,6.890377998352051,False
D,47,70,joint_oracle_injected,6.898079872131348,False
D,47,88,joint_oracle_injected,6.942082405090332,False
D,47,144,joint_oracle_injected,6.9249091148376465,False
D,47,338,joint_oracle_injected,6.890377998352051,False
D,48,66,baseline,6.957261085510254,False
D,48,158,baseline,6.9096293449401855,False
D,48,230,baseline,6.956240653991699,False
D,48,416,baseline,6.976341247558594,False
D,48,66,joint_oracle_injected,6.957261085510254,False
D,48,158,joint_oracle_injected,6.9096293449401855,False
D,48,230,joint_oracle_injected,6.956240653991699,False
D,48,416,joint_oracle_injected,6.976341247558594,False
D,49,102,baseline,6.928258419036865,False
D,49,208,baseline,6.898655414581299,False
D,49,212,baseline,6.921006202697754,False
D,49,482,baseline,6.897775650024414,False
D,49,102,joint_oracle_injected,6.928258419036865,False
D,49,208,joint_oracle_injected,6.898655414581299,False
D,49,212,joint_oracle_injected,6.921006202697754,False
D,49,482,joint_oracle_injected,6.897775650024414,False
D,50,70,baseline,6.9573845863342285,False
D,50,130,baseline,6.972561836242676,False
D,50,270,baseline,6.963908672332764,False
D,50,416,baseline,6.974102973937988,False
D,50,70,joint_oracle_injected,6.9573845863342285,False
D,50,130,joint_oracle_injected,6.972561836242676,False
D,50,270,joint_oracle_injected,6.963908672332764,False
D,50,416,joint_oracle_injected,6.974102973937988,False
D,51,66,baseline,6.918848991394043,False
D,51,92,baseline,6.9841179847717285,False
D,51,138,baseline,6.952090740203857,False
D,51,254,baseline,6.892905235290527,False
D,51,66,joint_oracle_injected,6.918848991394043,False
D,51,92,joint_oracle_injected,6.9841179847717285,False
D,51,138,joint_oracle_injected,6.952090740203857,False
D,51,254,joint_oracle_injected,6.892905235290527,False
D,52,74,baseline,6.930936813354492,False
D,52,82,baseline,6.927365303039551,False
D,52,270,baseline,6.923287391662598,False
D,52,312,baseline,6.946012496948242,False
D,52,74,joint_oracle_injected,6.930936813354492,False
D,52,82,joint_oracle_injected,6.927364826202393,False
D,52,270,joint_oracle_injected,6.923287391662598,False
D,52,312,joint_oracle_injected,6.946012496948242,False
D,53,96,baseline,6.933235168457031,False
D,53,104,baseline,6.8871965408325195,False
D,53,178,baseline,6.92747163772583,False
D,53,340,baseline,6.943395137786865,False
D,53,96,joint_oracle_injected,6.933235168457031,False
D,53,104,joint_oracle_injected,6.8871965408325195,False
D,53,178,joint_oracle_injected,6.92747163772583,False
D,53,340,joint_oracle_injected,6.943395137786865,False
D,54,160,baseline,6.965747833251953,False
D,54,188,baseline,6.943108558654785,False
D,54,368,baseline,6.952939510345459,False
D,54,464,baseline,6.914608478546143,False
D,54,160,joint_oracle_injected,6.965747833251953,False
D,54,188,joint_oracle_injected,6.943108558654785,False
D,54,368,joint_oracle_injected,6.952939510345459,False
D,54,464,joint_oracle_injected,6.914608478546143,False
D,55,68,baseline,6.924906253814697,False
D,55,70,baseline,6.9992547035217285,False
D,55,74,baseline,6.94679594039917,False
D,55,212,baseline,6.965489864349365,False
D,55,68,joint_oracle_injected,6.924906253814697,False
D,55,70,joint_oracle_injected,6.9992547035217285,False
D,55,74,joint_oracle_injected,6.94679594039917,False
D,55,212,joint_oracle_injected,6.965489864349365,False
D,56,68,baseline,6.893009185791016,False
D,56,200,baseline,6.994070529937744,False
D,56,284,baseline,6.974003314971924,False
D,56,408,baseline,6.913166046142578,False
D,56,68,joint_oracle_injected,6.893009185791016,False
D,56,200,joint_oracle_injected,6.994070529937744,False
D,56,284,joint_oracle_injected,6.974002838134766,False
D,56,408,joint_oracle_injected,6.913166046142578,False
D,57,94,baseline,6.971894264221191,False
D,57,96,baseline,6.913398265838623,False
D,57,106,baseline,6.929986476898193,False
D,57,128,baseline,6.973153114318848,False
D,57,94,joint_oracle_injected,6.971894264221191,False
D,57,96,joint_oracle_injected,6.913398265838623,False
D,57,106,joint_oracle_injected,6.929986476898193,False
D,57,128,joint_oracle_injected,6.973153114318848,False
D,58,70,baseline,6.864395618438721,False
D,58,110,baseline,6.924648761749268,False
D,58,270,baseline,6.9628496170043945,False
D,58,478,baseline,6.935392379760742,False
D,58,70,joint_oracle_injected,6.864395618438721,False
D,58,110,joint_oracle_injected,6.924649238586426,False
D,58,270,joint_oracle_injected,6.9628496170043945,False
D,58,478,joint_oracle_injected,6.935392379760742,False
D,59,64,baseline,6.925451755523682,False
D,59,100,baseline,6.9409708976745605,False
D,59,368,baseline,6.954505920410156,False
D,59,402,baseline,6.937648296356201,False
D,59,64,joint_oracle_injected,6.925451755523682,False
D,59,100,joint_oracle_injected,6.9409708976745605,False
D,59,368,joint_oracle_injected,6.954505920410156,False
D,59,402,joint_oracle_injected,6.937648296356201,False
D,60,70,baseline,6.905542850494385,False
D,60,88,baseline,6.939028739929199,False
D,60,194,baseline,6.882680892944336,False
D,60,330,baseline,6.942080497741699,False
D,60,70,joint_oracle_injected,6.905542850494385,False
D,60,88,joint_oracle_injected,6.939028739929199,False
D,60,194,joint_oracle_injected,6.882680892944336,False
D,60,330,joint_oracle_injected,6.942080497741699,False
D,61,70,baseline,6.930918216705322,False
D,61,112,baseline,6.943122863769531,False
D,61,320,baseline,6.958409786224365,False
D,61,434,baseline,6.936219692230225,False
D,61,70,joint_oracle_injected,6.930918216705322,False
D,61,112,joint_oracle_injected,6.943122863769531,False
D,61,320,joint_oracle_injected,6.958409786224365,False
D,61,434,joint_oracle_injected,6.936219692230225,False
D,62,66,baseline,6.989090919494629,False
D,62,70,baseline,6.949109077453613,False
D,62,292,baseline,6.92346715927124,False
D,62,394,baseline,6.9337687492370605,False
D,62,66,joint_oracle_injected,6.989090919494629,False
D,62,70,joint_oracle_injected,6.949109077453613,False
D,62,292,joint_oracle_injected,6.92346715927124,False
D,62,394,joint_oracle_injected,6.9337687492370605,False
D,63,76,baseline,6.930561542510986,False
D,63,90,baseline,6.906506061553955,False
D,63,208,baseline,6.939767360687256,False
D,63,230,baseline,6.896421432495117,False
D,63,76,joint_oracle_injected,6.930561542510986,False
D,63,90,joint_oracle_injected,6.906506061553955,False
D,63,208,joint_oracle_injected,6.939767360687256,False
D,63,230,joint_oracle_injected,6.896421432495117,False
D,64,66,baseline,6.905567169189453,False
D,64,242,baseline,6.957388877868652,False
D,64,248,baseline,6.9632415771484375,False
D,64,416,baseline,6.9050374031066895,False
D,64,66,joint_oracle_injected,6.905567169189453,False
D,64,242,joint_oracle_injected,6.957388877868652,False
D,64,248,joint_oracle_injected,6.9632415771484375,False
D,64,416,joint_oracle_injected,6.9050374031066895,False
D,65,74,baseline,6.916543006896973,False
D,65,108,baseline,6.910237789154053,False
D,65,124,baseline,6.931612968444824,False
D,65,166,baseline,6.912482261657715,False
D,65,74,joint_oracle_injected,6.916543006896973,False
D,65,108,joint_oracle_injected,6.910238265991211,False
D,65,124,joint_oracle_injected,6.931612968444824,False
D,65,166,joint_oracle_injected,6.912482261657715,False
D,66,86,baseline,6.945628643035889,False
D,66,158,baseline,6.994070529937744,False
D,66,334,baseline,6.954505443572998,False
D,66,370,baseline,6.927816390991211,False
D,66,86,joint_oracle_injected,6.945628643035889,False
D,66,158,joint_oracle_injected,6.994070529937744,False
D,66,334,joint_oracle_injected,6.954505443572998,False
D,66,370,joint_oracle_injected,6.927816390991211,False
D,67,216,baseline,6.897757053375244,False
D,67,220,baseline,6.9668707847595215,False
D,67,274,baseline,6.915792465209961,False
D,67,284,baseline,6.9107537269592285,False
D,67,216,joint_oracle_injected,6.897757053375244,False
D,67,220,joint_oracle_injected,6.96687126159668,False
D,67,274,joint_oracle_injected,6.915792465209961,False
D,67,284,joint_oracle_injected,6.9107537269592285,False
D,68,72,baseline,6.902119159698486,False
D,68,84,baseline,6.8964409828186035,False
D,68,86,baseline,6.872256755828857,False
D,68,116,baseline,6.968379974365234,False
D,68,72,joint_oracle_injected,6.902119159698486,False
D,68,84,joint_oracle_injected,6.8964409828186035,False
D,68,86,joint_oracle_injected,6.872256755828857,False
D,68,116,joint_oracle_injected,6.968379974365234,False
D,69,64,baseline,6.872253894805908,False
D,69,80,baseline,6.992516040802002,False
D,69,132,baseline,6.916226387023926,False
D,69,480,baseline,6.898636817932129,False
D,69,64,joint_oracle_injected,6.872253894805908,False
D,69,80,joint_oracle_injected,6.992516040802002,False
D,69,132,joint_oracle_injected,6.916226387023926,False
D,69,480,joint_oracle_injected,6.898636817932129,False
D,70,64,baseline,6.980216026306152,False
D,70,108,baseline,6.952058792114258,False
D,70,240,baseline,6.900946140289307,False
D,70,472,baseline,6.917207717895508,False
D,70,64,joint_oracle_injected,6.980216026306152,False
D,70,108,joint_oracle_injected,6.952058792114258,False
D,70,240,joint_oracle_injected,6.900946140289307,False
D,70,472,joint_oracle_injected,6.917207717895508,False
D,71,70,baseline,6.903562545776367,False
D,71,168,baseline,6.928170204162598,False
D,71,198,baseline,6.897555351257324,False
D,71,284,baseline,6.953775405883789,False
D,71,70,joint_oracle_injected,6.903562068939209,False
D,71,168,joint_oracle_injected,6.928170204162598,False
D,71,198,joint_oracle_injected,6.897555351257324,False
D,71,284,joint_oracle_injected,6.953775405883789,False
D,72,74,baseline,6.928188800811768,False
D,72,98,baseline,6.921144485473633,False
D,72,158,baseline,6.936418533325195,False
D,72,398,baseline,6.929652690887451,False
D,72,74,joint_oracle_injected,6.928188800811768,False
D,72,98,joint_oracle_injected,6.921144485473633,False
D,72,158,joint_oracle_injected,6.936418533325195,False
D,72,398,joint_oracle_injected,6.929652690887451,False
D,73,100,baseline,6.96672248840332,False
D,73,140,baseline,6.921989917755127,False
D,73,212,baseline,6.958408832550049,False
D,73,230,baseline,6.9178948402404785,False
D,73,100,joint_oracle_injected,6.9667229652404785,False
D,73,140,joint_oracle_injected,6.921989917755127,False
D,73,212,joint_oracle_injected,6.958408832550049,False
D,73,230,joint_oracle_injected,6.9178948402404785,False
D,74,68,baseline,6.972590446472168,False
D,74,92,baseline,6.945323944091797,False
D,74,104,baseline,6.962052822113037,False
D,74,292,baseline,6.9890923500061035,False
D,74,68,joint_oracle_injected,6.972590446472168,False
D,74,92,joint_oracle_injected,6.945323944091797,False
D,74,104,joint_oracle_injected,6.962052822113037,False
D,74,292,joint_oracle_injected,6.9890923500061035,False
D,75,88,baseline,6.916747570037842,False
D,75,118,baseline,6.945655822753906,False
D,75,216,baseline,6.943328380584717,False
D,75,240,baseline,6.951735496520996,False
D,75,88,joint_oracle_injected,6.916747570037842,False
D,75,118,joint_oracle_injected,6.945655822753906,False
D,75,216,joint_oracle_injected,6.943328380584717,False
D,75,240,joint_oracle_injected,6.951735496520996,False
D,76,68,baseline,6.941326141357422,False
D,76,80,baseline,6.869039058685303,False
D,76,154,baseline,6.973775863647461,False
D,76,164,baseline,6.924144744873047,False
D,76,68,joint_oracle_injected,6.94132661819458,False
D,76,80,joint_oracle_injected,6.869039058685303,False
D,76,154,joint_oracle_injected,6.973775863647461,False
D,76,164,joint_oracle_injected,6.924144744873047,False
D,77,96,baseline,6.920370101928711,False
D,77,114,baseline,6.964580059051514,False
D,77,158,baseline,6.886725425720215,False
D,77,246,baseline,6.944762706756592,False
D,77,96,joint_oracle_injected,6.920369625091553,False
D,77,114,joint_oracle_injected,6.964580059051514,False
D,77,158,joint_oracle_injected,6.886725425720215,False
D,77,246,joint_oracle_injected,6.944762706756592,False
D,78,114,baseline,6.928257942199707,False
D,78,154,baseline,6.928990364074707,False
D,78,240,baseline,6.905037879943848,False
D,78,450,baseline,6.883555889129639,False
D,78,114,joint_oracle_injected,6.928257942199707,False
D,78,154,joint_oracle_injected,6.928990364074707,False
D,78,240,joint_oracle_injected,6.905037879943848,False
D,78,450,joint_oracle_injected,6.883555889129639,False
D,79,104,baseline,6.934251308441162,False
D,79,120,baseline,6.928289890289307,False
D,79,190,baseline,6.932888507843018,False
D,79,468,baseline,6.916544437408447,False
D,79,104,joint_oracle_injected,6.934251308441162,False
D,79,120,joint_oracle_injected,6.928289890289307,False
D,79,190,joint_oracle_injected,6.932888507843018,False
D,79,468,joint_oracle_injected,6.916544437408447,False
D,80,90,baseline,6.8987202644348145,False
D,80,164,baseline,6.948436737060547,False
D,80,316,baseline,6.966235637664795,False
D,80,324,baseline,6.963092803955078,False
D,80,90,joint_oracle_injected,6.8987202644348145,False
D,80,164,joint_oracle_injected,6.948436737060547,False
D,80,316,joint_oracle_injected,6.966235637664795,False
D,80,324,joint_oracle_injected,6.96309232711792,False
D,81,72,baseline,6.9599504470825195,False
D,81,82,baseline,6.962727069854736,False
D,81,154,baseline,6.971741676330566,False
D,81,400,baseline,6.934234619140625,False
D,81,72,joint_oracle_injected,6.9599504470825195,False
D,81,82,joint_oracle_injected,6.962727069854736,False
D,81,154,joint_oracle_injected,6.971741676330566,False
D,81,400,joint_oracle_injected,6.934234619140625,False
D,82,72,baseline,6.959951400756836,False
D,82,82,baseline,6.922670364379883,False
D,82,110,baseline,6.895991325378418,False
D,82,160,baseline,6.944215297698975,False
D,82,72,joint_oracle_injected,6.959951400756836,False
D,82,82,joint_oracle_injected,6.922670364379883,False
D,82,110,joint_oracle_injected,6.895991325378418,False
D,82,160,joint_oracle_injected,6.944215297698975,False
D,83,72,baseline,6.956699848175049,False
D,83,128,baseline,6.936713218688965,False
D,83,228,baseline,6.897603988647461,False
D,83,370,baseline,6.978929042816162,False
D,83,72,joint_oracle_injected,6.956699848175049,False
D,83,128,joint_oracle_injected,6.936713218688965,False
D,83,228,joint_oracle_injected,6.897603511810303,False
D,83,370,joint_oracle_injected,6.978929042816162,False
D,84,74,baseline,6.944994926452637,False
D,84,142,baseline,6.96641206741333,False
D,84,292,baseline,6.963615894317627,False
D,84,430,baseline,6.969515323638916,False
D,84,74,joint_oracle_injected,6.944994926452637,False
D,84,142,joint_oracle_injected,6.96641206741333,False
D,84,292,joint_oracle_injected,6.963615894317627,False
D,84,430,joint_oracle_injected,6.969515323638916,False
D,85,68,baseline,6.943394184112549,False
D,85,112,baseline,6.921504497528076,False
D,85,312,baseline,6.92303991317749,False
D,85,386,baseline,6.949382305145264,False
D,85,68,joint_oracle_injected,6.943394184112549,False
D,85,112,joint_oracle_injected,6.921504497528076,False
D,85,312,joint_oracle_injected,6.92303991317749,False
D,85,386,joint_oracle_injected,6.949382305145264,False
D,86,66,baseline,6.946229934692383,False
D,86,76,baseline,6.905068397521973,False
D,86,84,baseline,6.9802165031433105,False
D,86,94,baseline,6.9466047286987305,False
D,86,66,joint_oracle_injected,6.946229934692383,False
D,86,76,joint_oracle_injected,6.905068397521973,False
D,86,84,joint_oracle_injected,6.9802165031433105,False
D,86,94,joint_oracle_injected,6.9466047286987305,False
D,87,98,baseline,6.977464199066162,False
D,87,122,baseline,6.943121910095215,False
D,87,176,baseline,6.973153591156006,False
D,87,238,baseline,6.9293060302734375,False
D,87,98,joint_oracle_injected,6.977464199066162,False
D,87,122,joint_oracle_injected,6.943121910095215,False
D,87,176,joint_oracle_injected,6.973153591156006,False
D,87,238,joint_oracle_injected,6.9293060302734375,False
D,88,64,baseline,6.91579008102417,False
D,88,68,baseline,6.87068510055542,False
D,88,110,baseline,6.928168296813965,False
D,88,304,baseline,6.991439342498779,False
D,88,64,joint_oracle_injected,6.91579008102417,False
D,88,68,joint_oracle_injected,6.870684623718262,False
D,88,110,joint_oracle_injected,6.928168296813965,False
D,88,304,joint_oracle_injected,6.991439342498779,False
D,89,130,baseline,6.928630352020264,False
D,89,230,baseline,6.968379974365234,False
D,89,272,baseline,6.958527088165283,False
D,89,376,baseline,6.928208827972412,False
D,89,130,joint_oracle_injected,6.928630352020264,False
D,89,230,joint_oracle_injected,6.968379974365234,False
D,89,272,joint_oracle_injected,6.958527088165283,False
D,89,376,joint_oracle_injected,6.928208827972412,False
D,90,84,baseline,6.966530799865723,False
D,90,86,baseline,6.911036491394043,False
D,90,188,baseline,6.894176959991455,False
D,90,226,baseline,6.956101417541504,False
D,90,84,joint_oracle_injected,6.966530799865723,False
D,90,86,joint_oracle_injected,6.911036491394043,False
D,90,188,joint_oracle_injected,6.894176959991455,False
D,90,226,joint_oracle_injected,6.956101417541504,False
D,91,76,baseline,6.934545993804932,False
D,91,78,baseline,6.956239700317383,False
D,91,94,baseline,6.955242156982422,False
D,91,472,baseline,6.953528881072998,False
D,91,76,joint_oracle_injected,6.934545993804932,False
D,91,78,joint_oracle_injected,6.956239700317383,False
D,91,94,joint_oracle_injected,6.955242156982422,False
D,91,472,joint_oracle_injected,6.953528881072998,False
D,92,88,baseline,6.880490779876709,False
D,92,262,baseline,6.929603576660156,False
D,92,298,baseline,6.940804958343506,False
D,92,386,baseline,6.973722457885742,False
D,92,88,joint_oracle_injected,6.880490779876709,False
D,92,262,joint_oracle_injected,6.929603576660156,False
D,92,298,joint_oracle_injected,6.940804958343506,False
D,92,386,joint_oracle_injected,6.973722457885742,False
D,93,70,baseline,6.93312406539917,False
D,93,92,baseline,6.949952125549316,False
D,93,198,baseline,6.934391021728516,False
D,93,278,baseline,6.958362102508545,False
D,93,70,joint_oracle_injected,6.93312406539917,False
D,93,92,joint_oracle_injected,6.949952125549316,False
D,93,198,joint_oracle_injected,6.934391021728516,False
D,93,278,joint_oracle_injected,6.958362102508545,False
D,94,122,baseline,6.931911468505859,False
D,94,136,baseline,6.915963172912598,False
D,94,196,baseline,6.966972827911377,False
D,94,492,baseline,6.918940544128418,False
D,94,122,joint_oracle_injected,6.931911468505859,False
D,94,136,joint_oracle_injected,6.915963172912598,False
D,94,196,joint_oracle_injected,6.966972827911377,False
D,94,492,joint_oracle_injected,6.918940544128418,False
D,95,74,baseline,6.932448387145996,False
D,95,84,baseline,6.962646484375,False
D,95,108,baseline,6.9023051261901855,False
D,95,284,baseline,6.957106590270996,False
D,95,74,joint_oracle_injected,6.932448387145996,False
D,95,84,joint_oracle_injected,6.962646484375,False
D,95,108,joint_oracle_injected,6.9023051261901855,False
D,95,284,joint_oracle_injected,6.957106590270996,False
D,96,74,baseline,6.969423770904541,False
D,96,146,baseline,6.9286298751831055,False
D,96,276,baseline,6.941652297973633,False
D,96,390,baseline,6.920130729675293,False
D,96,74,joint_oracle_injected,6.969423770904541,False
D,96,146,joint_oracle_injected,6.9286298751831055,False
D,96,276,joint_oracle_injected,6.941652297973633,False
D,96,390,joint_oracle_injected,6.920130729675293,False
D,97,78,baseline,6.916205406188965,False
D,97,106,baseline,6.927481174468994,False
D,97,196,baseline,6.952192783355713,False
D,97,226,baseline,6.894784450531006,False
D,97,78,joint_oracle_injected,6.916205406188965,False
D,97,106,joint_oracle_injected,6.927481174468994,False
D,97,196,joint_oracle_injected,6.952192783355713,False
D,97,226,joint_oracle_injected,6.894784450531006,False
D,98,92,baseline,6.924062252044678,False
D,98,108,baseline,6.955018520355225,False
D,98,134,baseline,6.898268699645996,False
D,98,174,baseline,6.931674480438232,False
D,98,92,joint_oracle_injected,6.924062252044678,False
D,98,108,joint_oracle_injected,6.955018520355225,False
D,98,134,joint_oracle_injected,6.898268699645996,False
D,98,174,joint_oracle_injected,6.931674480438232,False
D,99,68,baseline,6.941770553588867,False
D,99,160,baseline,6.888103485107422,False
D,99,168,baseline,6.886669158935547,False
D,99,424,baseline,6.9165778160095215,False
D,99,68,joint_oracle_injected,6.941770553588867,False
D,99,160,joint_oracle_injected,6.888103485107422,False
D,99,168,joint_oracle_injected,6.886669158935547,False
D,99,424,joint_oracle_injected,6.9165778160095215,False
D,100,70,baseline,6.934391975402832,False
D,100,98,baseline,6.940136432647705,False
D,100,212,baseline,6.887426376342773,False
D,100,294,baseline,6.915685653686523,False
D,100,70,joint_oracle_injected,6.934391975402832,False
D,100,98,joint_oracle_injected,6.940136432647705,False
D,100,212,joint_oracle_injected,6.887426376342773,False
D,100,294,joint_oracle_injected,6.915685653686523,False
D,101,74,baseline,6.923707008361816,False
D,101,208,baseline,6.913074016571045,False
D,101,250,baseline,6.916232585906982,False
D,101,362,baseline,6.958763122558594,False
D,101,74,joint_oracle_injected,6.923707008361816,False
D,101,208,joint_oracle_injected,6.913074016571045,False
D,101,250,joint_oracle_injected,6.916232585906982,False
D,101,362,joint_oracle_injected,6.958763122558594,False
D,102,68,baseline,6.8939104080200195,False
D,102,74,baseline,6.926043510437012,False
D,102,96,baseline,6.911036968231201,False
D,102,158,baseline,6.971894264221191,False
D,102,68,joint_oracle_injected,6.8939104080200195,False
D,102,74,joint_oracle_injected,6.926043510437012,False
D,102,96,joint_oracle_injected,6.911036968231201,False
D,102,158,joint_oracle_injected,6.971894264221191,False
D,103,78,baseline,6.93317985534668,False
D,103,116,baseline,6.923287391662598,False
D,103,128,baseline,6.906982898712158,False
D,103,154,baseline,6.879789352416992,False
D,103,78,joint_oracle_injected,6.93317985534668,False
D,103,116,joint_oracle_injected,6.923287391662598,False
D,103,128,joint_oracle_injected,6.906982898712158,False
D,103,154,joint_oracle_injected,6.879789352416992,False
D,104,66,baseline,6.961662292480469,False
D,104,102,baseline,6.898688316345215,False
D,104,270,baseline,6.91657829284668,False
D,104,340,baseline,6.901693820953369,False
D,104,66,joint_oracle_injected,6.961662292480469,False
D,104,102,joint_oracle_injected,6.898688316345215,False
D,104,270,joint_oracle_injected,6.91657829284668,False
D,104,340,joint_oracle_injected,6.901693820953369,False
D,105,66,baseline,6.942796230316162,False
D,105,72,baseline,6.916224956512451,False
D,105,242,baseline,6.897850513458252,False
D,105,476,baseline,6.897757053375244,False
D,105,66,joint_oracle_injected,6.942796230316162,False
D,105,72,joint_oracle_injected,6.916224956512451,False
D,105,242,joint_oracle_injected,6.897850513458252,False
D,105,476,joint_oracle_injected,6.897757053375244,False
D,106,78,baseline,6.940413475036621,False
D,106,84,baseline,6.947800159454346,False
D,106,94,baseline,6.871309280395508,False
D,106,454,baseline,6.922351837158203,False
D,106,78,joint_oracle_injected,6.940413475036621,False
D,106,84,joint_oracle_injected,6.947800159454346,False
D,106,94,joint_oracle_injected,6.871309280395508,False
D,106,454,joint_oracle_injected,6.922351837158203,False
D,107,70,baseline,6.892492771148682,False
D,107,118,baseline,6.92591667175293,False
D,107,148,baseline,6.899631977081299,False
D,107,164,baseline,6.9482035636901855,False
D,107,70,joint_oracle_injected,6.892492771148682,False
D,107,118,joint_oracle_injected,6.92591667175293,False
D,107,148,joint_oracle_injected,6.899631977081299,False
D,107,164,joint_oracle_injected,6.9482035636901855,False
D,108,64,baseline,6.92324161529541,False
D,108,188,baseline,6.853392124176025,False
D,108,228,baseline,6.940443992614746,False
D,108,400,baseline,6.915566921234131,False
D,108,64,joint_oracle_injected,6.92324161529541,False
D,108,188,joint_oracle_injected,6.853392124176025,False
D,108,228,joint_oracle_injected,6.940443992614746,False
D,108,400,joint_oracle_injected,6.915566921234131,False
D,109,166,baseline,6.919572353363037,False
D,109,234,baseline,6.925911903381348,False
D,109,256,baseline,6.926827430725098,False
D,109,510,baseline,6.9583611488342285,False
D,109,166,joint_oracle_injected,6.919572353363037,False
D,109,234,joint_oracle_injected,6.925911903381348,False
D,109,256,joint_oracle_injected,6.926827430725098,False
D,109,510,joint_oracle_injected,6.9583611488342285,False
D,110,80,baseline,6.942795753479004,False
D,110,126,baseline,6.945033550262451,False
D,110,182,baseline,6.936922073364258,False
D,110,426,baseline,6.95125150680542,False
D,110,80,joint_oracle_injected,6.942795753479004,False
D,110,126,joint_oracle_injected,6.945033550262451,False
D,110,182,joint_oracle_injected,6.936922073364258,False
D,110,426,joint_oracle_injected,6.95125150680542,False
D,111,74,baseline,6.853392124176025,False
D,111,110,baseline,6.950145721435547,False
D,111,156,baseline,6.928488254547119,False
D,111,336,baseline,6.903446197509766,False
D,111,74,joint_oracle_injected,6.853392124176025,False
D,111,110,joint_oracle_injected,6.950145721435547,False
D,111,156,joint_oracle_injected,6.928488254547119,False
D,111,336,joint_oracle_injected,6.903446197509766,False
D,112,66,baseline,6.956698417663574,False
D,112,104,baseline,6.943122386932373,False
D,112,110,baseline,6.924063205718994,False
D,112,220,baseline,6.969515323638916,False
D,112,66,joint_oracle_injected,6.956698417663574,False
D,112,104,joint_oracle_injected,6.943122386932373,False
D,112,110,joint_oracle_injected,6.924063205718994,False
D,112,220,joint_oracle_injected,6.969515323638916,False
D,113,84,baseline,6.949949741363525,False
D,113,184,baseline,6.853390693664551,False
D,113,190,baseline,6.949379920959473,False
D,113,192,baseline,6.903106689453125,False
D,113,84,joint_oracle_injected,6.949949741363525,False
D,113,184,joint_oracle_injected,6.853390693664551,False
D,113,190,joint_oracle_injected,6.949379920959473,False
D,113,192,joint_oracle_injected,6.903106212615967,False
D,114,64,baseline,6.932616710662842,False
D,114,144,baseline,6.97410249710083,False
D,114,200,baseline,6.861855506896973,False
D,114,340,baseline,6.92092227935791,False
D,114,64,joint_oracle_injected,6.932616710662842,False
D,114,144,joint_oracle_injected,6.974102020263672,False
D,114,200,joint_oracle_injected,6.861855506896973,False
D,114,340,joint_oracle_injected,6.92092227935791,False
D,115,64,baseline,6.927471160888672,False
D,115,78,baseline,6.889149188995361,False
D,115,106,baseline,6.944342136383057,False
D,115,294,baseline,6.931494235992432,False
D,115,64,joint_oracle_injected,6.927471160888672,False
D,115,78,joint_oracle_injected,6.889149188995361,False
D,115,106,joint_oracle_injected,6.944342136383057,False
D,115,294,joint_oracle_injected,6.931494235992432,False
D,116,68,baseline,6.875532150268555,False
D,116,158,baseline,6.952944755554199,False
D,116,184,baseline,6.906148433685303,False
D,116,424,baseline,6.946836471557617,False
D,116,68,joint_oracle_injected,6.875532150268555,False
D,116,158,joint_oracle_injected,6.952944755554199,False
D,116,184,joint_oracle_injected,6.906148433685303,False
D,116,424,joint_oracle_injected,6.946836471557617,False
D,117,68,baseline,6.9225687980651855,False
D,117,82,baseline,6.9992547035217285,False
D,117,168,baseline,6.954543590545654,False
D,117,494,baseline,6.9358367919921875,False
D,117,68,joint_oracle_injected,6.9225687980651855,False
D,117,82,joint_oracle_injected,6.9992547035217285,False
D,117,168,joint_oracle_injected,6.954543590545654,False
D,117,494,joint_oracle_injected,6.9358367919921875,False
D,118,72,baseline,6.955317974090576,False
D,118,92,baseline,6.9402899742126465,False
D,118,102,baseline,6.947443008422852,False
D,118,288,baseline,6.926275730133057,False
D,118,72,joint_oracle_injected,6.955317974090576,False
D,118,92,joint_oracle_injected,6.9402899742126465,False
D,118,102,joint_oracle_injected,6.947443008422852,False
D,118,288,joint_oracle_injected,6.926275730133057,False
D,119,66,baseline,6.938662528991699,False
D,119,70,baseline,6.924259662628174,False
D,119,78,baseline,6.926658630371094,False
D,119,170,baseline,6.954092979431152,False
D,119,66,joint_oracle_injected,6.938662528991699,False
D,119,70,joint_oracle_injected,6.924259662628174,False
D,119,78,joint_oracle_injected,6.926658630371094,False
D,119,170,joint_oracle_injected,6.954092979431152,False
D,120,160,baseline,6.958184719085693,False
D,120,254,baseline,6.9181227684021,False
D,120,294,baseline,6.980217456817627,False
D,120,482,baseline,6.926041603088379,False
D,120,160,joint_oracle_injected,6.958184719085693,False
D,120,254,joint_oracle_injected,6.9181227684021,False
D,120,294,joint_oracle_injected,6.980217456817627,False
D,120,482,joint_oracle_injected,6.926041603088379,False
D,121,64,baseline,6.937719821929932,False
D,121,70,baseline,6.8939127922058105,False
D,121,108,baseline,6.913038730621338,False
D,121,120,baseline,6.957467555999756,False
D,121,64,joint_oracle_injected,6.937719821929932,False
D,121,70,joint_oracle_injected,6.8939127922058105,False
D,121,108,joint_oracle_injected,6.913038730621338,False
D,121,120,joint_oracle_injected,6.957467555999756,False
D,122,94,baseline,6.932952404022217,False
D,122,128,baseline,6.991440296173096,False
D,122,212,baseline,6.945357322692871,False
D,122,480,baseline,6.936923027038574,False
D,122,94,joint_oracle_injected,6.932952404022217,False
D,122,128,joint_oracle_injected,6.991440296173096,False
D,122,212,joint_oracle_injected,6.945357322692871,False
D,122,480,joint_oracle_injected,6.936923027038574,False
D,123,78,baseline,6.958893299102783,False
D,123,80,baseline,6.9343461990356445,False
D,123,118,baseline,6.940972805023193,False
D,123,194,baseline,6.999252796173096,False
D,123,78,joint_oracle_injected,6.958893299102783,False
D,123,80,joint_oracle_injected,6.9343461990356445,False
D,123,118,joint_oracle_injected,6.940972805023193,False
D,123,194,joint_oracle_injected,6.999252796173096,False
D,124,86,baseline,6.942254543304443,False
D,124,106,baseline,6.966387748718262,False
D,124,158,baseline,6.895164966583252,False
D,124,162,baseline,6.9105939865112305,False
D,124,86,joint_oracle_injected,6.942254543304443,False
D,124,106,joint_oracle_injected,6.966387748718262,False
D,124,158,joint_oracle_injected,6.895164966583252,False
D,124,162,joint_oracle_injected,6.9105939865112305,False
D,125,104,baseline,6.972592353820801,False
D,125,142,baseline,6.87150764465332,False
D,125,258,baseline,6.916206359863281,False
D,125,362,baseline,6.923465728759766,False
D,125,104,joint_oracle_injected,6.972592353820801,False
D,125,142,joint_oracle_injected,6.87150764465332,False
D,125,258,joint_oracle_injected,6.916206359863281,False
D,125,362,joint_oracle_injected,6.923465728759766,False
D,126,88,baseline,6.919572353363037,False
D,126,118,baseline,6.906999111175537,False
D,126,276,baseline,6.9192070960998535,False
D,126,350,baseline,6.944306373596191,False
D,126,88,joint_oracle_injected,6.919572353363037,False
D,126,118,joint_oracle_injected,6.906999111175537,False
D,126,276,joint_oracle_injected,6.9192070960998535,False
D,126,350,joint_oracle_injected,6.944306373596191,False
D,127,100,baseline,6.917050361633301,False
D,127,248,baseline,6.9632768630981445,False
D,127,292,baseline,6.924864768981934,False
D,127,372,baseline,6.927664756774902,False
D,127,100,joint_oracle_injected,6.917050361633301,False
D,127,248,joint_oracle_injected,6.9632768630981445,False
D,127,292,joint_oracle_injected,6.924864768981934,False
D,127,372,joint_oracle_injected,6.927664756774902,False
D,128,68,baseline,6.9136505126953125,False
D,128,70,baseline,6.924137115478516,False
D,128,114,baseline,6.92442512512207,False
D,128,402,baseline,6.89953088760376,False
D,128,68,joint_oracle_injected,6.9136505126953125,False
D,128,70,joint_oracle_injected,6.924137115478516,False
D,128,114,joint_oracle_injected,6.92442512512207,False
D,128,402,joint_oracle_injected,6.89953088760376,False
D,129,64,baseline,6.940413951873779,False
D,129,66,baseline,6.94858455657959,False
D,129,112,baseline,6.903910160064697,False
D,129,388,baseline,6.905647277832031,False
D,129,64,joint_oracle_injected,6.940413951873779,False
D,129,66,joint_oracle_injected,6.94858455657959,False
D,129,112,joint_oracle_injected,6.903910160064697,False
D,129,388,joint_oracle_injected,6.905647277832031,False
D,130,80,baseline,6.963393211364746,False
D,130,94,baseline,6.957230567932129,False
D,130,112,baseline,6.9374237060546875,False
D,130,298,baseline,6.949381351470947,False
D,130,80,joint_oracle_injected,6.963393211364746,False
D,130,94,joint_oracle_injected,6.957230567932129,False
D,130,112,joint_oracle_injected,6.9374237060546875,False
D,130,298,joint_oracle_injected,6.949381351470947,False
D,131,80,baseline,6.924907684326172,False
D,131,98,baseline,6.964650630950928,False
D,131,300,baseline,6.953582286834717,False
D,131,396,baseline,6.963440895080566,False
D,131,80,joint_oracle_injected,6.924907684326172,False
D,131,98,joint_oracle_injected,6.9646501541137695,False
D,131,300,joint_oracle_injected,6.953582286834717,False
D,131,396,joint_oracle_injected,6.963440895080566,False
D,132,68,baseline,6.869609355926514,False
D,132,74,baseline,6.895817756652832,False
D,132,92,baseline,6.9276652336120605,False
D,132,332,baseline,6.911187171936035,False
D,132,68,joint_oracle_injected,6.869609355926514,False
D,132,74,joint_oracle_injected,6.895817756652832,False
D,132,92,joint_oracle_injected,6.9276652336120605,False
D,132,332,joint_oracle_injected,6.911187171936035,False
D,133,74,baseline,6.955127239227295,False
D,133,132,baseline,6.9130401611328125,False
D,133,280,baseline,6.946931838989258,False
D,133,380,baseline,6.94500732421875,False
D,133,74,joint_oracle_injected,6.955127239227295,False
D,133,132,joint_oracle_injected,6.9130401611328125,False
D,133,280,joint_oracle_injected,6.946931838989258,False
D,133,380,joint_oracle_injected,6.94500732421875,False
D,134,74,baseline,6.9296040534973145,False
D,134,110,baseline,6.94605016708374,False
D,134,248,baseline,6.953719139099121,False
D,134,350,baseline,6.928988456726074,False
D,134,74,joint_oracle_injected,6.9296040534973145,False
D,134,110,joint_oracle_injected,6.94605016708374,False
D,134,248,joint_oracle_injected,6.953719139099121,False
D,134,350,joint_oracle_injected,6.928988456726074,False
D,135,68,baseline,6.969422817230225,False
D,135,112,baseline,6.903292179107666,False
D,135,178,baseline,6.9349684715271,False
D,135,290,baseline,6.943629741668701,False
D,135,68,joint_oracle_injected,6.969422817230225,False
D,135,112,joint_oracle_injected,6.903292179107666,False
D,135,178,joint_oracle_injected,6.9349684715271,False
D,135,290,joint_oracle_injected,6.943629741668701,False
D,136,78,baseline,6.903314113616943,False
D,136,188,baseline,6.921357154846191,False
D,136,278,baseline,6.911186695098877,False
D,136,396,baseline,6.91423225402832,False
D,136,78,joint_oracle_injected,6.903314113616943,False
D,136,188,joint_oracle_injected,6.921357154846191,False
D,136,278,joint_oracle_injected,6.911186695098877,False
D,136,396,joint_oracle_injected,6.91423225402832,False
D,137,82,baseline,6.925909519195557,False
D,137,198,baseline,6.949407577514648,False
D,137,216,baseline,6.91920804977417,False
D,137,220,baseline,6.943901538848877,False
D,137,82,joint_oracle_injected,6.925909519195557,False
D,137,198,joint_oracle_injected,6.949407577514648,False
D,137,216,joint_oracle_injected,6.91920804977417,False
D,137,220,joint_oracle_injected,6.943901538848877,False
D,138,72,baseline,6.964222431182861,False
D,138,114,baseline,6.882204532623291,False
D,138,188,baseline,6.8690385818481445,False
D,138,316,baseline,6.924261569976807,False
D,138,72,joint_oracle_injected,6.964222431182861,False
D,138,114,joint_oracle_injected,6.882204532623291,False
D,138,188,joint_oracle_injected,6.8690385818481445,False
D,138,316,joint_oracle_injected,6.924261569976807,False
D,139,64,baseline,6.980066776275635,False
D,139,70,baseline,6.952418327331543,False
D,139,128,baseline,6.929584503173828,False
D,139,168,baseline,6.961976051330566,False
D,139,64,joint_oracle_injected,6.980066776275635,False
D,139,70,joint_oracle_injected,6.952418327331543,False
D,139,128,joint_oracle_injected,6.929584503173828,False
D,139,168,joint_oracle_injected,6.961976051330566,False
D,140,82,baseline,6.886725425720215,False
D,140,222,baseline,6.943650722503662,False
D,140,392,baseline,6.8987603187561035,False
D,140,448,baseline,6.910207748413086,False
D,140,82,joint_oracle_injected,6.886725425720215,False
D,140,222,joint_oracle_injected,6.943650722503662,False
D,140,392,joint_oracle_injected,6.8987603187561035,False
D,140,448,joint_oracle_injected,6.910207748413086,False
D,141,64,baseline,6.92442512512207,False
D,141,118,baseline,6.92426061630249,False
D,141,352,baseline,6.951035022735596,False
D,141,488,baseline,6.8928422927856445,False
D,141,64,joint_oracle_injected,6.92442512512207,False
D,141,118,joint_oracle_injected,6.92426061630249,False
D,141,352,joint_oracle_injected,6.951035022735596,False
D,141,488,joint_oracle_injected,6.8928422927856445,False
D,142,90,baseline,6.936605930328369,False
D,142,102,baseline,6.9013848304748535,False
D,142,300,baseline,6.924259662628174,False
D,142,390,baseline,6.933033466339111,False
D,142,90,joint_oracle_injected,6.936605930328369,False
D,142,102,joint_oracle_injected,6.9013848304748535,False
D,142,300,joint_oracle_injected,6.924259662628174,False
D,142,390,joint_oracle_injected,6.933033466339111,False
D,143,70,baseline,6.87150764465332,False
D,143,84,baseline,6.916226863861084,False
D,143,154,baseline,6.9841156005859375,False
D,143,218,baseline,6.925743579864502,False
D,143,70,joint_oracle_injected,6.87150764465332,False
D,143,84,joint_oracle_injected,6.916226863861084,False
D,143,154,joint_oracle_injected,6.9841156005859375,False
D,143,218,joint_oracle_injected,6.925743579864502,False
D,144,66,baseline,6.964106559753418,False
D,144,118,baseline,6.94950532913208,False
D,144,258,baseline,6.932363986968994,False
D,144,428,baseline,6.973722457885742,False
D,144,66,joint_oracle_injected,6.96410608291626,False
D,144,118,joint_oracle_injected,6.94950532913208,False
D,144,258,joint_oracle_injected,6.932363986968994,False
D,144,428,joint_oracle_injected,6.973722457885742,False
D,145,74,baseline,6.941771984100342,False
D,145,116,baseline,6.8963470458984375,False
D,145,170,baseline,6.918850421905518,False
D,145,296,baseline,6.920820713043213,False
D,145,74,joint_oracle_injected,6.941771984100342,False
D,145,116,joint_oracle_injected,6.8963470458984375,False
D,145,170,joint_oracle_injected,6.918850421905518,False
D,145,296,joint_oracle_injected,6.920820713043213,False
D,146,64,baseline,6.963128089904785,False
D,146,98,baseline,6.966676712036133,False
D,146,148,baseline,6.913261890411377,False
D,146,364,baseline,6.914231777191162,False
D,146,64,joint_oracle_injected,6.963128566741943,False
D,146,98,joint_oracle_injected,6.966676712036133,False
D,146,148,joint_oracle_injected,6.913261890411377,False
D,146,364,joint_oracle_injected,6.914231777191162,False
D,147,68,baseline,6.929286003112793,False
D,147,76,baseline,6.897775173187256,False
D,147,110,baseline,6.9496846199035645,False
D,147,340,baseline,6.884975433349609,False
D,147,68,joint_oracle_injected,6.929286479949951,False
D,147,76,joint_oracle_injected,6.897775173187256,False
D,147,110,joint_oracle_injected,6.9496846199035645,False
D,147,340,joint_oracle_injected,6.884975433349609,False
D,148,72,baseline,6.912709712982178,False
D,148,76,baseline,6.947324275970459,False
D,148,152,baseline,6.97473669052124,False
D,148,442,baseline,6.922709941864014,False
D,148,72,joint_oracle_injected,6.912709712982178,False
D,148,76,joint_oracle_injected,6.947324275970459,False
D,148,152,joint_oracle_injected,6.97473669052124,False
D,148,442,joint_oracle_injected,6.922709941864014,False
D,149,70,baseline,6.869036674499512,False
D,149,74,baseline,6.9669718742370605,False
D,149,120,baseline,6.954690933227539,False
D,149,154,baseline,6.96390962600708,False
D,149,70,joint_oracle_injected,6.86903715133667,False
D,149,74,joint_oracle_injected,6.9669718742370605,False
D,149,120,joint_oracle_injected,6.954690933227539,False
D,149,154,joint_oracle_injected,6.96390962600708,False
D,150,68,baseline,6.989609241485596,False
D,150,86,baseline,6.955365180969238,False
D,150,124,baseline,6.905537128448486,False
D,150,338,baseline,6.944121360778809,False
D,150,68,joint_oracle_injected,6.989609241485596,False
D,150,86,joint_oracle_injected,6.955365180969238,False
D,150,124,joint_oracle_injected,6.905537128448486,False
D,150,338,joint_oracle_injected,6.944121837615967,False
D,151,70,baseline,6.970146656036377,False
D,151,96,baseline,6.929098129272461,False
D,151,216,baseline,6.91720724105835,False
D,151,502,baseline,6.944760322570801,False
D,151,70,joint_oracle_injected,6.970146656036377,False
D,151,96,joint_oracle_injected,6.929098129272461,False
D,151,216,joint_oracle_injected,6.91720724105835,False
D,151,502,joint_oracle_injected,6.944760322570801,False
D,152,70,baseline,6.951253890991211,False
D,152,76,baseline,6.926135063171387,False
D,152,120,baseline,6.928488254547119,False
D,152,314,baseline,6.912755966186523,False
D,152,70,joint_oracle_injected,6.951253890991211,False
D,152,76,joint_oracle_injected,6.926135063171387,False
D,152,120,joint_oracle_injected,6.928488254547119,False
D,152,314,joint_oracle_injected,6.912755966186523,False
D,153,104,baseline,6.949120998382568,False
D,153,130,baseline,6.949951648712158,False
D,153,140,baseline,6.892841815948486,False
D,153,220,baseline,6.912944316864014,False
D,153,104,joint_oracle_injected,6.949120998382568,False
D,153,130,joint_oracle_injected,6.949951648712158,False
D,153,140,joint_oracle_injected,6.892841815948486,False
D,153,220,joint_oracle_injected,6.912944316864014,False
D,154,64,baseline,6.922569751739502,False
D,154,84,baseline,6.883617401123047,False
D,154,260,baseline,6.958893299102783,False
D,154,280,baseline,6.953274726867676,False
D,154,64,joint_oracle_injected,6.922569751739502,False
D,154,84,joint_oracle_injected,6.883617401123047,False
D,154,260,joint_oracle_injected,6.958893299102783,False
D,154,280,joint_oracle_injected,6.953274726867676,False
D,155,76,baseline,6.898080348968506,False
D,155,102,baseline,6.904299259185791,False
D,155,120,baseline,6.94832706451416,False
D,155,246,baseline,6.911221027374268,False
D,155,76,joint_oracle_injected,6.898080348968506,False
D,155,102,joint_oracle_injected,6.904299259185791,False
D,155,120,joint_oracle_injected,6.94832706451416,False
D,155,246,joint_oracle_injected,6.911221027374268,False
D,156,64,baseline,6.942765712738037,False
D,156,146,baseline,6.9395751953125,False
D,156,198,baseline,6.983981132507324,False
D,156,334,baseline,6.931673049926758,False
D,156,64,joint_oracle_injected,6.942765712738037,False
D,156,146,joint_oracle_injected,6.9395751953125,False
D,156,198,joint_oracle_injected,6.983981132507324,False
D,156,334,joint_oracle_injected,6.931673049926758,False
D,157,66,baseline,6.923077583312988,False
D,157,68,baseline,6.892591953277588,False
D,157,106,baseline,6.913254737854004,False
D,157,276,baseline,6.935487270355225,False
D,157,66,joint_oracle_injected,6.923077583312988,False
D,157,68,joint_oracle_injected,6.892591953277588,False
D,157,106,joint_oracle_injected,6.913254737854004,False
D,157,276,joint_oracle_injected,6.935487270355225,False
D,158,64,baseline,6.879498481750488,False
D,158,74,baseline,6.905036926269531,False
D,158,78,baseline,6.970766067504883,False
D,158,116,baseline,6.952576160430908,False
D,158,64,joint_oracle_injected,6.879498481750488,False
D,158,74,joint_oracle_injected,6.905036926269531,False
D,158,78,joint_oracle_injected,6.970766067504883,False
D,158,116,joint_oracle_injected,6.952576160430908,False
D,159,128,baseline,6.952939033508301,False
D,159,140,baseline,6.926938056945801,False
D,159,242,baseline,6.969424247741699,False
D,159,382,baseline,6.924145698547363,False
D,159,128,joint_oracle_injected,6.952939033508301,False
D,159,140,joint_oracle_injected,6.926938056945801,False
D,159,242,joint_oracle_injected,6.969424247741699,False
D,159,382,joint_oracle_injected,6.924145698547363,False
D,160,92,baseline,6.898269176483154,False
D,160,110,baseline,6.962398529052734,False
D,160,156,baseline,6.9297943115234375,False
D,160,188,baseline,6.933287620544434,False
D,160,92,joint_oracle_injected,6.898269176483154,False
D,160,110,joint_oracle_injected,6.962398529052734,False
D,160,156,joint_oracle_injected,6.9297943115234375,False
D,160,188,joint_oracle_injected,6.933287620544434,False
D,161,64,baseline,6.913786888122559,False
D,161,70,baseline,6.907654762268066,False
D,161,130,baseline,6.962398529052734,False
D,161,374,baseline,6.974738597869873,False
D,161,64,joint_oracle_injected,6.913786888122559,False
D,161,70,joint_oracle_injected,6.907654762268066,False
D,161,130,joint_oracle_injected,6.962398529052734,False
D,161,374,joint_oracle_injected,6.974738597869873,False
D,162,130,baseline,6.952943801879883,False
D,162,244,baseline,6.978928565979004,False
D,162,322,baseline,6.905404090881348,False
D,162,482,baseline,6.8773722648620605,False
D,162,130,joint_oracle_injected,6.952943801879883,False
D,162,244,joint_oracle_injected,6.978928565979004,False
D,162,322,joint_oracle_injected,6.905404090881348,False
D,162,482,joint_oracle_injected,6.8773722648620605,False
D,163,76,baseline,6.952414035797119,False
D,163,78,baseline,6.944305896759033,False
D,163,80,baseline,6.949832916259766,False
D,163,310,baseline,6.966532230377197,False
D,163,76,joint_oracle_injected,6.952414035797119,False
D,163,78,joint_oracle_injected,6.944305896759033,False
D,163,80,joint_oracle_injected,6.949832916259766,False
D,163,310,joint_oracle_injected,6.966532230377197,False
D,164,66,baseline,6.898079872131348,False
D,164,72,baseline,6.947299957275391,False
D,164,92,baseline,6.9132561683654785,False
D,164,282,baseline,6.928170204162598,False
D,164,66,joint_oracle_injected,6.898079872131348,False
D,164,72,joint_oracle_injected,6.947299957275391,False
D,164,92,joint_oracle_injected,6.9132561683654785,False
D,164,282,joint_oracle_injected,6.928170204162598,False
D,165,74,baseline,6.922170162200928,False
D,165,116,baseline,6.918940544128418,False
D,165,158,baseline,6.923467636108398,False
D,165,416,baseline,6.896441459655762,False
D,165,74,joint_oracle_injected,6.922170162200928,False
D,165,116,joint_oracle_injected,6.918940544128418,False
D,165,158,joint_oracle_injected,6.923467636108398,False
D,165,416,joint_oracle_injected,6.896441459655762,False
D,166,66,baseline,6.976527690887451,False
D,166,70,baseline,6.903745651245117,False
D,166,74,baseline,6.901463985443115,False
D,166,162,baseline,6.996870517730713,False
D,166,66,joint_oracle_injected,6.976527690887451,False
D,166,70,joint_oracle_injected,6.903745651245117,False
D,166,74,joint_oracle_injected,6.901463508605957,False
D,166,162,joint_oracle_injected,6.996870517730713,False
D,167,86,baseline,6.94565486907959,False
D,167,224,baseline,6.905567646026611,False
D,167,254,baseline,6.9402899742126465,False
D,167,312,baseline,6.922170162200928,False
D,167,86,joint_oracle_injected,6.94565486907959,False
D,167,224,joint_oracle_injected,6.905567646026611,False
D,167,254,joint_oracle_injected,6.9402899742126465,False
D,167,312,joint_oracle_injected,6.922170162200928,False
D,168,66,baseline,6.8835554122924805,False
D,168,106,baseline,6.926375389099121,False
D,168,384,baseline,6.89634895324707,False
D,168,488,baseline,6.900001525878906,False
D,168,66,joint_oracle_injected,6.8835554122924805,False
D,168,106,joint_oracle_injected,6.926375389099121,False
D,168,384,joint_oracle_injected,6.89634895324707,False
D,168,488,joint_oracle_injected,6.900001525878906,False
D,169,72,baseline,6.951460361480713,False
D,169,168,baseline,6.904565811157227,False
D,169,200,baseline,6.966235637664795,False
D,169,362,baseline,6.963397979736328,False
D,169,72,joint_oracle_injected,6.951460361480713,False
D,169,168,joint_oracle_injected,6.904565811157227,False
D,169,200,joint_oracle_injected,6.966235637664795,False
D,169,362,joint_oracle_injected,6.963397979736328,False
D,170,96,baseline,6.8947529792785645,False
D,170,176,baseline,6.928290843963623,False
D,170,200,baseline,6.916398525238037,False
D,170,224,baseline,6.931529521942139,False
D,170,96,joint_oracle_injected,6.8947529792785645,False
D,170,176,joint_oracle_injected,6.928290843963623,False
D,170,200,joint_oracle_injected,6.916398525238037,False
D,170,224,joint_oracle_injected,6.931529521942139,False
D,171,64,baseline,6.96687126159668,False
D,171,82,baseline,6.948796272277832,False
D,171,84,baseline,6.950655460357666,False
D,171,114,baseline,6.919903755187988,False
D,171,64,joint_oracle_injected,6.96687126159668,False
D,171,82,joint_oracle_injected,6.948796272277832,False
D,171,84,joint_oracle_injected,6.950655460357666,False
D,171,114,joint_oracle_injected,6.919903755187988,False
D,172,86,baseline,6.95668888092041,False
D,172,94,baseline,6.982115268707275,False
D,172,354,baseline,6.909621238708496,False
D,172,436,baseline,6.905035972595215,False
D,172,86,joint_oracle_injected,6.95668888092041,False
D,172,94,joint_oracle_injected,6.982115268707275,False
D,172,354,joint_oracle_injected,6.909621238708496,False
D,172,436,joint_oracle_injected,6.905035972595215,False
D,173,86,baseline,6.866075038909912,False
D,173,100,baseline,6.913677215576172,False
D,173,214,baseline,6.953749656677246,False
D,173,254,baseline,6.916233539581299,False
D,173,86,joint_oracle_injected,6.866075038909912,False
D,173,100,joint_oracle_injected,6.913677215576172,False
D,173,214,joint_oracle_injected,6.953749656677246,False
D,173,254,joint_oracle_injected,6.916233539581299,False
D,174,72,baseline,6.9240336418151855,False
D,174,82,baseline,6.89115047454834,False
D,174,168,baseline,6.989305019378662,False
D,174,198,baseline,6.96390962600708,False
D,174,72,joint_oracle_injected,6.9240336418151855,False
D,174,82,joint_oracle_injected,6.89115047454834,False
D,174,168,joint_oracle_injected,6.989305019378662,False
D,174,198,joint_oracle_injected,6.96390962600708,False
D,175,78,baseline,6.949831962585449,False
D,175,162,baseline,6.9130401611328125,False
D,175,194,baseline,6.973153114318848,False
D,175,446,baseline,6.934682369232178,False
D,175,78,joint_oracle_injected,6.949831962585449,False
D,175,162,joint_oracle_injected,6.9130401611328125,False
D,175,194,joint_oracle_injected,6.973153114318848,False
D,175,446,joint_oracle_injected,6.934682369232178,False
D,176,64,baseline,6.976674556732178,False
D,176,160,baseline,6.935389518737793,False
D,176,452,baseline,6.951034069061279,False
D,176,498,baseline,6.952666759490967,False
D,176,64,joint_oracle_injected,6.976674556732178,False
D,176,160,joint_oracle_injected,6.935389518737793,False
D,176,452,joint_oracle_injected,6.951034069061279,False
D,176,498,joint_oracle_injected,6.952666759490967,False
D,177,86,baseline,6.8856329917907715,False
D,177,352,baseline,6.942495346069336,False
D,177,404,baseline,6.926911354064941,False
D,177,420,baseline,6.944306373596191,False
D,177,86,joint_oracle_injected,6.8856329917907715,False
D,177,352,joint_oracle_injected,6.942495346069336,False
D,177,404,joint_oracle_injected,6.926911354064941,False
D,177,420,joint_oracle_injected,6.944306373596191,False
D,178,68,baseline,6.9366068840026855,False
D,178,72,baseline,6.914827823638916,False
D,178,92,baseline,6.9023518562316895,False
D,178,160,baseline,6.934608459472656,False
D,178,68,joint_oracle_injected,6.9366068840026855,False
D,178,72,joint_oracle_injected,6.914827823638916,False
D,178,92,joint_oracle_injected,6.9023518562316895,False
D,178,160,joint_oracle_injected,6.934608459472656,False
D,179,66,baseline,6.940079689025879,False
D,179,74,baseline,6.908892631530762,False
D,179,84,baseline,6.937100887298584,False
D,179,86,baseline,6.925200939178467,False
D,179,66,joint_oracle_injected,6.940079689025879,False
D,179,74,joint_oracle_injected,6.908892631530762,False
D,179,84,joint_oracle_injected,6.937100887298584,False
D,179,86,joint_oracle_injected,6.925200939178467,False
D,180,96,baseline,6.902695655822754,False
D,180,170,baseline,6.945383071899414,False
D,180,202,baseline,6.921691417694092,False
D,180,338,baseline,6.928988933563232,False
D,180,96,joint_oracle_injected,6.902695655822754,False
D,180,170,joint_oracle_injected,6.945383071899414,False
D,180,202,joint_oracle_injected,6.921691417694092,False
D,180,338,joint_oracle_injected,6.928988933563232,False
D,181,136,baseline,6.9533233642578125,False
D,181,152,baseline,6.9512200355529785,False
D,181,178,baseline,6.96641206741333,False
D,181,266,baseline,6.944545745849609,False
D,181,136,joint_oracle_injected,6.9533233642578125,False
D,181,152,joint_oracle_injected,6.9512200355529785,False
D,181,178,joint_oracle_injected,6.96641206741333,False
D,181,266,joint_oracle_injected,6.944545745849609,False
D,182,68,baseline,6.898128032684326,False
D,182,126,baseline,6.888979434967041,False
D,182,252,baseline,6.922551155090332,False
D,182,346,baseline,6.926365375518799,False
D,182,68,joint_oracle_injected,6.898128032684326,False
D,182,126,joint_oracle_injected,6.888979434967041,False
D,182,252,joint_oracle_injected,6.922551155090332,False
D,182,346,joint_oracle_injected,6.926365375518799,False
D,183,86,baseline,6.947391510009766,False
D,183,140,baseline,6.958527088165283,False
D,183,390,baseline,6.913426876068115,False
D,183,432,baseline,6.951038837432861,False
D,183,86,joint_oracle_injected,6.947391510009766,False
D,183,140,joint_oracle_injected,6.958527088165283,False
D,183,390,joint_oracle_injected,6.913426876068115,False
D,183,432,joint_oracle_injected,6.951038837432861,False
D,184,72,baseline,6.920059680938721,False
D,184,76,baseline,6.906997203826904,False
D,184,264,baseline,6.970967769622803,False
D,184,298,baseline,6.94605016708374,False
D,184,72,joint_oracle_injected,6.920059680938721,False
D,184,76,joint_oracle_injected,6.906997203826904,False
D,184,264,joint_oracle_injected,6.970967769622803,False
D,184,298,joint_oracle_injected,6.94605016708374,False
D,185,84,baseline,6.888517379760742,False
D,185,88,baseline,6.944306373596191,False
D,185,96,baseline,6.898269176483154,False
D,185,192,baseline,6.926911354064941,False
D,185,84,joint_oracle_injected,6.888517379760742,False
D,185,88,joint_oracle_injected,6.944306373596191,False
D,185,96,joint_oracle_injected,6.898269176483154,False
D,185,192,joint_oracle_injected,6.926911354064941,False
D,186,86,baseline,6.8826799392700195,False
D,186,124,baseline,6.936712265014648,False
D,186,304,baseline,6.952088356018066,False
D,186,332,baseline,6.931612014770508,False
D,186,86,joint_oracle_injected,6.8826799392700195,False
D,186,124,joint_oracle_injected,6.936712265014648,False
D,186,304,joint_oracle_injected,6.952088356018066,False
D,186,332,joint_oracle_injected,6.931612014770508,False
D,187,146,baseline,6.94243049621582,False
D,187,168,baseline,6.963585376739502,False
D,187,190,baseline,6.940288543701172,False
D,187,204,baseline,6.896670818328857,False
D,187,146,joint_oracle_injected,6.94243049621582,False
D,187,168,joint_oracle_injected,6.963585376739502,False
D,187,190,joint_oracle_injected,6.940288543701172,False
D,187,204,joint_oracle_injected,6.896670818328857,False
D,188,78,baseline,6.90506649017334,False
D,188,88,baseline,6.921566009521484,False
D,188,274,baseline,6.922967910766602,False
D,188,474,baseline,6.95359992980957,False
D,188,78,joint_oracle_injected,6.90506649017334,False
D,188,88,joint_oracle_injected,6.921566009521484,False
D,188,274,joint_oracle_injected,6.922967910766602,False
D,188,474,joint_oracle_injected,6.95359992980957,False
D,189,90,baseline,6.9409708976745605,False
D,189,92,baseline,6.956496238708496,False
D,189,320,baseline,6.95114803314209,False
D,189,388,baseline,6.936939716339111,False
D,189,90,joint_oracle_injected,6.9409708976745605,False
D,189,92,joint_oracle_injected,6.956496238708496,False
D,189,320,joint_oracle_injected,6.95114803314209,False
D,189,388,joint_oracle_injected,6.936939716339111,False
D,190,64,baseline,6.928987503051758,False
D,190,120,baseline,6.962985038757324,False
D,190,218,baseline,6.967977046966553,False
D,190,496,baseline,6.822891712188721,True
D,190,64,joint_oracle_injected,6.928987503051758,False
D,190,120,joint_oracle_injected,6.962985038757324,False
D,190,218,joint_oracle_injected,6.967977046966553,False
D,190,496,joint_oracle_injected,6.822891712188721,True
D,191,92,baseline,6.942431449890137,False
D,191,138,baseline,6.962647438049316,False
D,191,328,baseline,6.932175159454346,False
D,191,488,baseline,6.930380821228027,False
D,191,92,joint_oracle_injected,6.942431449890137,False
D,191,138,joint_oracle_injected,6.962647438049316,False
D,191,328,joint_oracle_injected,6.932175159454346,False
D,191,488,joint_oracle_injected,6.930380821228027,False
D,192,86,baseline,6.897554874420166,False
D,192,118,baseline,6.895593643188477,False
D,192,220,baseline,6.92514181137085,False
D,192,308,baseline,6.907654285430908,False
D,192,86,joint_oracle_injected,6.897554874420166,False
D,192,118,joint_oracle_injected,6.895593643188477,False
D,192,220,joint_oracle_injected,6.92514181137085,False
D,192,308,joint_oracle_injected,6.907654285430908,False
D,193,64,baseline,6.929760456085205,False
D,193,68,baseline,6.918006420135498,False
D,193,72,baseline,6.923887729644775,False
D,193,124,baseline,6.903512477874756,False
D,193,64,joint_oracle_injected,6.929760456085205,False
D,193,68,joint_oracle_injected,6.918006420135498,False
D,193,72,joint_oracle_injected,6.923887729644775,False
D,193,124,joint_oracle_injected,6.903512477874756,False
D,194,76,baseline,6.9397687911987305,False
D,194,90,baseline,6.921566963195801,False
D,194,322,baseline,6.896441459655762,False
D,194,362,baseline,6.922673225402832,False
D,194,76,joint_oracle_injected,6.9397687911987305,False
D,194,90,joint_oracle_injected,6.921566963195801,False
D,194,322,joint_oracle_injected,6.896441459655762,False
D,194,362,joint_oracle_injected,6.922673225402832,False
D,195,64,baseline,6.950440883636475,False
D,195,146,baseline,6.9169416427612305,False
D,195,224,baseline,6.9070024490356445,False
D,195,420,baseline,6.966412544250488,False
D,195,64,joint_oracle_injected,6.950440883636475,False
D,195,146,joint_oracle_injected,6.9169416427612305,False
D,195,224,joint_oracle_injected,6.9070024490356445,False
D,195,420,joint_oracle_injected,6.966412544250488,False
D,196,80,baseline,6.9077229499816895,False
D,196,112,baseline,6.929603576660156,False
D,196,222,baseline,6.91308069229126,False
D,196,396,baseline,6.927595615386963,False
D,196,80,joint_oracle_injected,6.9077229499816895,False
D,196,112,joint_oracle_injected,6.929603576660156,False
D,196,222,joint_oracle_injected,6.91308069229126,False
D,196,396,joint_oracle_injected,6.927595615386963,False
D,197,106,baseline,6.962726593017578,False
D,197,118,baseline,6.966678619384766,False
D,197,130,baseline,6.924611568450928,False
D,197,228,baseline,6.932584762573242,False
D,197,106,joint_oracle_injected,6.962726593017578,False
D,197,118,joint_oracle_injected,6.966678619384766,False
D,197,130,joint_oracle_injected,6.924611568450928,False
D,197,228,joint_oracle_injected,6.932584762573242,False
D,198,78,baseline,6.9433674812316895,False
D,198,126,baseline,6.968926906585693,False
D,198,162,baseline,6.91789436340332,False
D,198,242,baseline,6.9701457023620605,False
D,198,78,joint_oracle_injected,6.9433674812316895,False
D,198,126,joint_oracle_injected,6.968926906585693,False
D,198,162,joint_oracle_injected,6.91789436340332,False
D,198,242,joint_oracle_injected,6.9701457023620605,False
D,199,194,baseline,6.938681125640869,False
D,199,330,baseline,6.953982353210449,False
D,199,376,baseline,6.9323954582214355,False
D,199,498,baseline,6.966870307922363,False
D,199,194,joint_oracle_injected,6.938681125640869,False
D,199,330,joint_oracle_injected,6.953982353210449,False
D,199,376,joint_oracle_injected,6.9323954582214355,False
D,199,498,joint_oracle_injected,6.966870307922363,False
D,200,64,baseline,6.956700325012207,False
D,200,104,baseline,6.917664527893066,False
D,200,196,baseline,6.898760795593262,False
D,200,302,baseline,6.95294189453125,False
D,200,64,joint_oracle_injected,6.956700801849365,False
D,200,104,joint_oracle_injected,6.917664527893066,False
D,200,196,joint_oracle_injected,6.898760795593262,False
D,200,302,joint_oracle_injected,6.95294189453125,False
D,201,74,baseline,6.9537763595581055,False
D,201,144,baseline,6.936573505401611,False
D,201,162,baseline,6.940262794494629,False
D,201,266,baseline,6.923887729644775,False
D,201,74,joint_oracle_injected,6.9537763595581055,False
D,201,144,joint_oracle_injected,6.936573505401611,False
D,201,162,joint_oracle_injected,6.940262794494629,False
D,201,266,joint_oracle_injected,6.923887729644775,False
D,202,68,baseline,6.948695182800293,False
D,202,134,baseline,6.904300212860107,False
D,202,164,baseline,6.92825984954834,False
D,202,174,baseline,6.897775650024414,False
D,202,68,joint_oracle_injected,6.948695182800293,False
D,202,134,joint_oracle_injected,6.904300212860107,False
D,202,164,joint_oracle_injected,6.92825984954834,False
D,202,174,joint_oracle_injected,6.897775650024414,False
D,203,78,baseline,6.950418949127197,False
D,203,122,baseline,6.9102396965026855,False
D,203,186,baseline,6.904884338378906,False
D,203,208,baseline,6.899251461029053,False
D,203,78,joint_oracle_injected,6.950418949127197,False
D,203,122,joint_oracle_injected,6.9102396965026855,False
D,203,186,joint_oracle_injected,6.904884338378906,False
D,203,208,joint_oracle_injected,6.899251461029053,False
D,204,94,baseline,6.94744348526001,False
D,204,124,baseline,6.9664130210876465,False
D,204,236,baseline,6.905295372009277,False
D,204,244,baseline,6.905356407165527,False
D,204,94,joint_oracle_injected,6.94744348526001,False
D,204,124,joint_oracle_injected,6.9664130210876465,False
D,204,236,joint_oracle_injected,6.905295372009277,False
D,204,244,joint_oracle_injected,6.905356407165527,False
D,205,88,baseline,6.894783020019531,False
D,205,114,baseline,6.947756767272949,False
D,205,142,baseline,6.954947471618652,False
D,205,378,baseline,6.928488731384277,False
D,205,88,joint_oracle_injected,6.894783020019531,False
D,205,114,joint_oracle_injected,6.947756767272949,False
D,205,142,joint_oracle_injected,6.954947471618652,False
D,205,378,joint_oracle_injected,6.928488731384277,False
D,206,66,baseline,6.954379081726074,False
D,206,68,baseline,6.900741100311279,False
D,206,96,baseline,6.924063205718994,False
D,206,98,baseline,6.869037628173828,False
D,206,66,joint_oracle_injected,6.954379081726074,False
D,206,68,joint_oracle_injected,6.900741100311279,False
D,206,96,joint_oracle_injected,6.924063205718994,False
D,206,98,joint_oracle_injected,6.869037628173828,False
D,207,250,baseline,6.989853382110596,False
D,207,266,baseline,6.907654285430908,False
D,207,382,baseline,6.929096221923828,False
D,207,466,baseline,6.950970649719238,False
D,207,250,joint_oracle_injected,6.989853382110596,False
D,207,266,joint_oracle_injected,6.907654285430908,False
D,207,382,joint_oracle_injected,6.929096221923828,False
D,207,466,joint_oracle_injected,6.950970649719238,False
D,208,66,baseline,6.931487083435059,False
D,208,70,baseline,6.948694705963135,False
D,208,74,baseline,6.905293941497803,False
D,208,76,baseline,6.964222431182861,False
D,208,66,joint_oracle_injected,6.931487083435059,False
D,208,70,joint_oracle_injected,6.948694705963135,False
D,208,74,joint_oracle_injected,6.905293941497803,False
D,208,76,joint_oracle_injected,6.964222431182861,False
D,209,64,baseline,6.923708915710449,False
D,209,120,baseline,6.952417373657227,False
D,209,252,baseline,6.931913375854492,False
D,209,324,baseline,6.94765043258667,False
D,209,64,joint_oracle_injected,6.923708915710449,False
D,209,120,joint_oracle_injected,6.952417373657227,False
D,209,252,joint_oracle_injected,6.931913375854492,False
D,209,324,joint_oracle_injected,6.947649955749512,False
D,210,68,baseline,6.9369425773620605,False
D,210,72,baseline,6.939027309417725,False
D,210,110,baseline,6.9163994789123535,False
D,210,256,baseline,6.969422817230225,False
D,210,68,joint_oracle_injected,6.9369425773620605,False
D,210,72,joint_oracle_injected,6.939027309417725,False
D,210,110,joint_oracle_injected,6.9163994789123535,False
D,210,256,joint_oracle_injected,6.969422817230225,False
D,211,74,baseline,6.968454837799072,False
D,211,148,baseline,6.903581142425537,False
D,211,288,baseline,6.976750373840332,False
D,211,446,baseline,6.901462078094482,False
D,211,74,joint_oracle_injected,6.968454837799072,False
D,211,148,joint_oracle_injected,6.903581619262695,False
D,211,288,joint_oracle_injected,6.976750373840332,False
D,211,446,joint_oracle_injected,6.901462078094482,False
D,212,64,baseline,6.938404083251953,False
D,212,70,baseline,6.926039695739746,False
D,212,104,baseline,6.926275730133057,False
D,212,136,baseline,6.952667236328125,False
D,212,64,joint_oracle_injected,6.938404083251953,False
D,212,70,joint_oracle_injected,6.926039695739746,False
D,212,104,joint_oracle_injected,6.926275730133057,False
D,212,136,joint_oracle_injected,6.952667236328125,False
D,213,70,baseline,6.917048931121826,False
D,213,104,baseline,6.925200939178467,False
D,213,142,baseline,6.94988489151001,False
D,213,396,baseline,6.9429168701171875,False
D,213,70,joint_oracle_injected,6.917048931121826,False
D,213,104,joint_oracle_injected,6.925200939178467,False
D,213,142,joint_oracle_injected,6.94988489151001,False
D,213,396,joint_oracle_injected,6.9429168701171875,False
D,214,70,baseline,6.921483039855957,False
D,214,74,baseline,6.928171157836914,False
D,214,80,baseline,6.905357837677002,False
D,214,86,baseline,6.983660697937012,False
D,214,70,joint_oracle_injected,6.921483039855957,False
D,214,74,joint_oracle_injected,6.928171157836914,False
D,214,80,joint_oracle_injected,6.905357837677002,False
D,214,86,joint_oracle_injected,6.983660697937012,False
D,215,78,baseline,6.905539512634277,False
D,215,96,baseline,6.8934712409973145,False
D,215,126,baseline,6.936573505401611,False
D,215,178,baseline,6.93369722366333,False
D,215,78,joint_oracle_injected,6.905539512634277,False
D,215,96,joint_oracle_injected,6.8934712409973145,False
D,215,126,joint_oracle_injected,6.936573505401611,False
D,215,178,joint_oracle_injected,6.93369722366333,False
D,216,64,baseline,6.86961030960083,False
D,216,122,baseline,6.899884223937988,False
D,216,192,baseline,6.918008804321289,False
D,216,392,baseline,6.906149864196777,False
D,216,64,joint_oracle_injected,6.86961030960083,False
D,216,122,joint_oracle_injected,6.899884223937988,False
D,216,192,joint_oracle_injected,6.918008804321289,False
D,216,392,joint_oracle_injected,6.906149864196777,False
D,217,64,baseline,6.931612491607666,False
D,217,66,baseline,6.941653728485107,False
D,217,86,baseline,6.940042018890381,False
D,217,282,baseline,6.896214485168457,False
D,217,64,joint_oracle_injected,6.931612491607666,False
D,217,66,joint_oracle_injected,6.941653728485107,False
D,217,86,joint_oracle_injected,6.940042018890381,False
D,217,282,joint_oracle_injected,6.896214485168457,False
D,218,68,baseline,6.929142951965332,False
D,218,72,baseline,6.927815914154053,False
D,218,84,baseline,6.961761951446533,False
D,218,388,baseline,6.894447326660156,False
D,218,68,joint_oracle_injected,6.929142951965332,False
D,218,72,joint_oracle_injected,6.927815914154053,False
D,218,84,joint_oracle_injected,6.961761951446533,False
D,218,388,joint_oracle_injected,6.894447326660156,False
D,219,72,baseline,6.90438985824585,False
D,219,80,baseline,6.926662921905518,False
D,219,86,baseline,6.911222457885742,False
D,219,278,baseline,6.913788318634033,False
D,219,72,joint_oracle_injected,6.90438985824585,False
D,219,80,joint_oracle_injected,6.926662921905518,False
D,219,86,joint_oracle_injected,6.911222457885742,False
D,219,278,joint_oracle_injected,6.913788318634033,False
D,220,82,baseline,6.946836471557617,False
D,220,124,baseline,6.91894006729126,False
D,220,174,baseline,7.023709297180176,False
D,220,490,baseline,6.890811443328857,False
D,220,82,joint_oracle_injected,6.946836471557617,False
D,220,124,joint_oracle_injected,6.91894006729126,False
D,220,174,joint_oracle_injected,7.023709297180176,False
D,220,490,joint_oracle_injected,6.890811443328857,False
D,221,64,baseline,6.989480972290039,False
D,221,66,baseline,6.928258419036865,False
D,221,184,baseline,6.957804203033447,False
D,221,208,baseline,6.9232892990112305,False
D,221,64,joint_oracle_injected,6.989480972290039,False
D,221,66,joint_oracle_injected,6.928258419036865,False
D,221,184,joint_oracle_injected,6.957804203033447,False
D,221,208,joint_oracle_injected,6.9232892990112305,False
D,222,94,baseline,6.9428510665893555,False
D,222,140,baseline,6.928249835968018,False
D,222,262,baseline,6.947699069976807,False
D,222,466,baseline,6.978437423706055,False
D,222,94,joint_oracle_injected,6.9428510665893555,False
D,222,140,joint_oracle_injected,6.928249835968018,False
D,222,262,joint_oracle_injected,6.947699069976807,False
D,222,466,joint_oracle_injected,6.978437423706055,False
D,223,64,baseline,6.941652774810791,False
D,223,106,baseline,6.967568874359131,False
D,223,172,baseline,6.941842079162598,False
D,223,192,baseline,6.952418327331543,False
D,223,64,joint_oracle_injected,6.941652774810791,False
D,223,106,joint_oracle_injected,6.967568874359131,False
D,223,172,joint_oracle_injected,6.941842079162598,False
D,223,192,joint_oracle_injected,6.952418327331543,False
D,224,72,baseline,6.920151233673096,False
D,224,74,baseline,6.936221122741699,False
D,224,134,baseline,6.930324077606201,False
D,224,138,baseline,6.962724208831787,False
D,224,72,joint_oracle_injected,6.920151233673096,False
D,224,74,joint_oracle_injected,6.936221122741699,False
D,224,134,joint_oracle_injected,6.930324077606201,False
D,224,138,joint_oracle_injected,6.962724208831787,False
D,225,104,baseline,6.932616710662842,False
D,225,128,baseline,6.965939998626709,False
D,225,146,baseline,6.963866233825684,False
D,225,152,baseline,6.906208038330078,False
D,225,104,joint_oracle_injected,6.932616710662842,False
D,225,128,joint_oracle_injected,6.965939998626709,False
D,225,146,joint_oracle_injected,6.963866233825684,False
D,225,152,joint_oracle_injected,6.906208038330078,False
D,226,82,baseline,6.97433614730835,False
D,226,96,baseline,6.921483039855957,False
D,226,108,baseline,6.961976051330566,False
D,226,224,baseline,6.898519515991211,False
D,226,82,joint_oracle_injected,6.97433614730835,False
D,226,96,joint_oracle_injected,6.921483039855957,False
D,226,108,joint_oracle_injected,6.961976051330566,False
D,226,224,joint_oracle_injected,6.898519515991211,False
D,227,72,baseline,6.89634895324707,False
D,227,84,baseline,6.913651466369629,False
D,227,88,baseline,6.92307710647583,False
D,227,190,baseline,6.954506874084473,False
D,227,72,joint_oracle_injected,6.89634895324707,False
D,227,84,joint_oracle_injected,6.913651466369629,False
D,227,88,joint_oracle_injected,6.92307710647583,False
D,227,190,joint_oracle_injected,6.954506874084473,False
D,228,96,baseline,6.918121814727783,False
D,228,120,baseline,6.903404712677002,False
D,228,140,baseline,6.932447910308838,False
D,228,204,baseline,6.9201507568359375,False
D,228,96,joint_oracle_injected,6.918121814727783,False
D,228,120,joint_oracle_injected,6.903404712677002,False
D,228,140,joint_oracle_injected,6.932447910308838,False
D,228,204,joint_oracle_injected,6.9201507568359375,False
D,229,64,baseline,6.95889139175415,False
D,229,68,baseline,6.909568786621094,False
D,229,170,baseline,6.930380821228027,False
D,229,410,baseline,6.959077835083008,False
D,229,64,joint_oracle_injected,6.95889139175415,False
D,229,68,joint_oracle_injected,6.909568786621094,False
D,229,170,joint_oracle_injected,6.930380821228027,False
D,229,410,joint_oracle_injected,6.959077835083008,False
D,230,70,baseline,6.938404560089111,False
D,230,82,baseline,6.932671070098877,False
D,230,154,baseline,6.889173984527588,False
D,230,426,baseline,6.925898551940918,False
D,230,70,joint_oracle_injected,6.938404560089111,False
D,230,82,joint_oracle_injected,6.932671070098877,False
D,230,154,joint_oracle_injected,6.889173984527588,False
D,230,426,joint_oracle_injected,6.925898551940918,False
D,231,138,baseline,6.895991325378418,False
D,231,248,baseline,6.965850830078125,False
D,231,504,baseline,6.943650245666504,False
D,231,508,baseline,6.938323020935059,False
D,231,138,joint_oracle_injected,6.895991325378418,False
D,231,248,joint_oracle_injected,6.965850830078125,False
D,231,504,joint_oracle_injected,6.943650245666504,False
D,231,508,joint_oracle_injected,6.938323497772217,False
D,232,74,baseline,6.967413425445557,False
D,232,138,baseline,6.88523530960083,False
D,232,178,baseline,6.890554904937744,False
D,232,492,baseline,6.962371826171875,False
D,232,74,joint_oracle_injected,6.967413425445557,False
D,232,138,joint_oracle_injected,6.88523530960083,False
D,232,178,joint_oracle_injected,6.890554904937744,False
D,232,492,joint_oracle_injected,6.962371826171875,False
D,233,76,baseline,6.913080215454102,False
D,233,96,baseline,6.954078197479248,False
D,233,160,baseline,6.977462291717529,False
D,233,172,baseline,6.957467079162598,False
D,233,76,joint_oracle_injected,6.913080215454102,False
D,233,96,joint_oracle_injected,6.954078197479248,False
D,233,160,joint_oracle_injected,6.977462291717529,False
D,233,172,joint_oracle_injected,6.957467079162598,False
D,234,82,baseline,6.939723014831543,False
D,234,98,baseline,6.956686496734619,False
D,234,150,baseline,6.955187797546387,False
D,234,262,baseline,6.9203691482543945,False
D,234,82,joint_oracle_injected,6.939723014831543,False
D,234,98,joint_oracle_injected,6.956686496734619,False
D,234,150,joint_oracle_injected,6.955187797546387,False
D,234,262,joint_oracle_injected,6.9203691482543945,False
D,235,64,baseline,6.924156665802002,False
D,235,66,baseline,6.960718154907227,False
D,235,140,baseline,6.9453840255737305,False
D,235,160,baseline,6.995926856994629,False
D,235,64,joint_oracle_injected,6.924156665802002,False
D,235,66,joint_oracle_injected,6.960718154907227,False
D,235,140,joint_oracle_injected,6.9453840255737305,False
D,235,160,joint_oracle_injected,6.995926856994629,False
D,236,68,baseline,6.892424583435059,False
D,236,118,baseline,6.932174205780029,False
D,236,148,baseline,6.900236129760742,False
D,236,208,baseline,6.9044647216796875,False
D,236,68,joint_oracle_injected,6.892424583435059,False
D,236,118,joint_oracle_injected,6.932174205780029,False
D,236,148,joint_oracle_injected,6.900236129760742,False
D,236,208,joint_oracle_injected,6.9044647216796875,False
D,237,70,baseline,6.976677894592285,False
D,237,94,baseline,6.934547424316406,False
D,237,150,baseline,6.933360576629639,False
D,237,174,baseline,6.955243110656738,False
D,237,70,joint_oracle_injected,6.976677894592285,False
D,237,94,joint_oracle_injected,6.934547424316406,False
D,237,150,joint_oracle_injected,6.933360576629639,False
D,237,174,joint_oracle_injected,6.95524263381958,False
D,238,100,baseline,6.959075927734375,False
D,238,168,baseline,6.896421909332275,False
D,238,304,baseline,6.9438276290893555,False
D,238,484,baseline,6.893630504608154,False
D,238,100,joint_oracle_injected,6.959075927734375,False
D,238,168,joint_oracle_injected,6.896421909332275,False
D,238,304,joint_oracle_injected,6.9438276290893555,False
D,238,484,joint_oracle_injected,6.893630504608154,False
D,239,74,baseline,6.93637752532959,False
D,239,100,baseline,6.897833347320557,False
D,239,174,baseline,6.891149044036865,False
D,239,242,baseline,6.927026271820068,False
D,239,74,joint_oracle_injected,6.93637752532959,False
D,239,100,joint_oracle_injected,6.897833347320557,False
D,239,174,joint_oracle_injected,6.891149044036865,False
D,239,242,joint_oracle_injected,6.927026271820068,False
D,240,66,baseline,6.968533992767334,False
D,240,86,baseline,6.9587602615356445,False
D,240,126,baseline,6.949378490447998,False
D,240,164,baseline,6.934685707092285,False
D,240,66,joint_oracle_injected,6.968533992767334,False
D,240,86,joint_oracle_injected,6.9587602615356445,False
D,240,126,joint_oracle_injected,6.949378490447998,False
D,240,164,joint_oracle_injected,6.934685707092285,False
D,241,66,baseline,6.9297590255737305,False
D,241,80,baseline,6.9491071701049805,False
D,241,156,baseline,6.961409568786621,False
D,241,254,baseline,6.953324794769287,False
D,241,66,joint_oracle_injected,6.929759502410889,False
D,241,80,joint_oracle_injected,6.9491071701049805,False
D,241,156,joint_oracle_injected,6.961409568786621,False
D,241,254,joint_oracle_injected,6.953324794769287,False
D,242,64,baseline,6.9254865646362305,False
D,242,74,baseline,6.858992099761963,False
D,242,198,baseline,6.92490816116333,False
D,242,218,baseline,6.893472194671631,False
D,242,64,joint_oracle_injected,6.9254865646362305,False
D,242,74,joint_oracle_injected,6.858992099761963,False
D,242,198,joint_oracle_injected,6.92490816116333,False
D,242,218,joint_oracle_injected,6.893472194671631,False
D,243,80,baseline,6.888978481292725,False
D,243,98,baseline,6.945034027099609,False
D,243,104,baseline,6.94205379486084,False
D,243,146,baseline,6.940557479858398,False
D,243,80,joint_oracle_injected,6.888978481292725,False
D,243,98,joint_oracle_injected,6.945034027099609,False
D,243,104,joint_oracle_injected,6.94205379486084,False
D,243,146,joint_oracle_injected,6.940557479858398,False
D,244,96,baseline,6.896719455718994,False
D,244,170,baseline,6.949831008911133,False
D,244,294,baseline,6.92135763168335,False
D,244,406,baseline,6.939491271972656,False
D,244,96,joint_oracle_injected,6.896719455718994,False
D,244,170,joint_oracle_injected,6.949831008911133,False
D,244,294,joint_oracle_injected,6.92135763168335,False
D,244,406,joint_oracle_injected,6.939491271972656,False
D,245,64,baseline,6.956605911254883,False
D,245,96,baseline,6.900234699249268,False
D,245,132,baseline,6.9414215087890625,False
D,245,142,baseline,6.8589911460876465,False
D,245,64,joint_oracle_injected,6.956605911254883,False
D,245,96,joint_oracle_injected,6.900234699249268,False
D,245,132,joint_oracle_injected,6.9414215087890625,False
D,245,142,joint_oracle_injected,6.8589911460876465,False
D,246,174,baseline,6.92624568939209,False
D,246,268,baseline,6.90889310836792,False
D,246,320,baseline,6.920368671417236,False
D,246,372,baseline,6.926366329193115,False
D,246,174,joint_oracle_injected,6.92624568939209,False
D,246,268,joint_oracle_injected,6.90889310836792,False
D,246,320,joint_oracle_injected,6.920368671417236,False
D,246,372,joint_oracle_injected,6.926366329193115,False
D,247,72,baseline,6.965082168579102,False
D,247,94,baseline,6.9331841468811035,False
D,247,240,baseline,6.883519649505615,False
D,247,282,baseline,6.954505920410156,False
D,247,72,joint_oracle_injected,6.965082168579102,False
D,247,94,joint_oracle_injected,6.9331841468811035,False
D,247,240,joint_oracle_injected,6.883519649505615,False
D,247,282,joint_oracle_injected,6.954505920410156,False
D,248,72,baseline,6.939899444580078,False
D,248,98,baseline,6.928259372711182,False
D,248,126,baseline,6.957142353057861,False
D,248,418,baseline,6.953530311584473,False
D,248,72,joint_oracle_injected,6.939899444580078,False
D,248,98,joint_oracle_injected,6.928259372711182,False
D,248,126,joint_oracle_injected,6.957142353057861,False
D,248,418,joint_oracle_injected,6.953530311584473,False
D,249,92,baseline,6.903597831726074,False
D,249,154,baseline,6.95736837387085,False
D,249,230,baseline,6.879305839538574,False
D,249,460,baseline,6.886726379394531,False
D,249,92,joint_oracle_injected,6.903597831726074,False
D,249,154,joint_oracle_injected,6.95736837387085,False
D,249,230,joint_oracle_injected,6.879305839538574,False
D,249,460,joint_oracle_injected,6.886726379394531,False
D,250,108,baseline,6.945833683013916,False
D,250,152,baseline,6.9175639152526855,False
D,250,154,baseline,6.923242092132568,False
D,250,468,baseline,6.914776802062988,False
D,250,108,joint_oracle_injected,6.945833683013916,False
D,250,152,joint_oracle_injected,6.9175639152526855,False
D,250,154,joint_oracle_injected,6.923242092132568,False
D,250,468,joint_oracle_injected,6.914776802062988,False
D,251,78,baseline,6.962463855743408,False
D,251,80,baseline,6.9574666023254395,False
D,251,144,baseline,6.942773342132568,False
D,251,330,baseline,6.905832290649414,False
D,251,78,joint_oracle_injected,6.962463855743408,False
D,251,80,joint_oracle_injected,6.9574666023254395,False
D,251,144,joint_oracle_injected,6.942773342132568,False
D,251,330,joint_oracle_injected,6.905832290649414,False
D,252,66,baseline,6.896439552307129,False
D,252,152,baseline,6.948437690734863,False
D,252,176,baseline,6.961663246154785,False
D,252,200,baseline,6.951057434082031,False
D,252,66,joint_oracle_injected,6.896439552307129,False
D,252,152,joint_oracle_injected,6.948437690734863,False
D,252,176,joint_oracle_injected,6.961663246154785,False
D,252,200,joint_oracle_injected,6.951057434082031,False
D,253,90,baseline,6.964138031005859,False
D,253,112,baseline,6.95103645324707,False
D,253,252,baseline,6.966869831085205,False
D,253,428,baseline,6.956100940704346,False
D,253,90,joint_oracle_injected,6.964138031005859,False
D,253,112,joint_oracle_injected,6.95103645324707,False
D,253,252,joint_oracle_injected,6.966869831085205,False
D,253,428,joint_oracle_injected,6.956100940704346,False
D,254,78,baseline,6.928258895874023,False
D,254,86,baseline,6.872255325317383,False
D,254,128,baseline,6.918601036071777,False
D,254,280,baseline,6.922571182250977,False
D,254,78,joint_oracle_injected,6.928259372711182,False
D,254,86,joint_oracle_injected,6.872255325317383,False
D,254,128,joint_oracle_injected,6.918601036071777,False
D,254,280,joint_oracle_injected,6.922571182250977,False
D,255,80,baseline,6.971960067749023,False
D,255,186,baseline,6.911063194274902,False
D,255,408,baseline,6.934345245361328,False
D,255,414,baseline,6.923295497894287,False
D,255,80,joint_oracle_injected,6.971960067749023,False
D,255,186,joint_oracle_injected,6.911063194274902,False
D,255,408,joint_oracle_injected,6.934345245361328,False
D,255,414,joint_oracle_injected,6.923295497894287,False
