group,intervention,sample_id,query_ce,query_accuracy,query_count
M,baseline,0,1.8700121641159058,0.71875,32
M,baseline,1,2.1468005180358887,0.6875,32
M,baseline,2,2.205972671508789,0.65625,32
M,baseline,3,3.145347833633423,0.53125,32
M,baseline,4,2.7303805351257324,0.625,32
M,baseline,5,2.5649805068969727,0.65625,32
M,baseline,6,2.9673328399658203,0.5625,32
M,baseline,7,3.0280072689056396,0.5625,32
M,baseline,8,2.681300640106201,0.6875,32
M,baseline,9,3.1213631629943848,0.5625,32
M,baseline,10,2.4892425537109375,0.625,32
M,baseline,11,2.8087754249572754,0.65625,32
M,baseline,12,3.0900349617004395,0.59375,32
M,baseline,13,3.799556255340576,0.53125,32
M,baseline,14,2.7867074012756348,0.6875,32
M,baseline,15,2.566833972930908,0.625,32
M,baseline,16,3.5023193359375,0.53125,32
M,baseline,17,2.3857944011688232,0.65625,32
M,baseline,18,2.682701826095581,0.625,32
M,baseline,19,2.8630332946777344,0.59375,32
M,baseline,20,3.0049986839294434,0.65625,32
M,baseline,21,2.921830892562866,0.59375,32
M,baseline,22,3.906193256378174,0.53125,32
M,baseline,23,3.427248477935791,0.53125,32
M,baseline,24,2.7959418296813965,0.625,32
M,baseline,25,3.2807388305664062,0.5625,32
M,baseline,26,3.6403822898864746,0.59375,32
M,baseline,27,2.4198646545410156,0.6875,32
M,baseline,28,4.088048458099365,0.4375,32
M,baseline,29,2.7205748558044434,0.625,32
M,baseline,30,2.9549224376678467,0.59375,32
M,baseline,31,3.8595643043518066,0.5625,32
M,replay,0,1.8700121641159058,0.71875,32
M,replay,1,2.1468005180358887,0.6875,32
M,replay,2,2.205972671508789,0.65625,32
M,replay,3,3.145347833633423,0.53125,32
M,replay,4,2.7303805351257324,0.625,32
M,replay,5,2.5649805068969727,0.65625,32
M,replay,6,2.9673328399658203,0.5625,32
M,replay,7,3.0280072689056396,0.5625,32
M,replay,8,2.681300640106201,0.6875,32
M,replay,9,3.1213631629943848,0.5625,32
M,replay,10,2.4892425537109375,0.625,32
M,replay,11,2.8087754249572754,0.65625,32
M,replay,12,3.0900349617004395,0.59375,32
M,replay,13,3.799556255340576,0.53125,32
M,replay,14,2.7867074012756348,0.6875,32
M,replay,15,2.566833972930908,0.625,32
M,replay,16,3.5023193359375,0.53125,32
M,replay,17,2.3857944011688232,0.65625,32
M,replay,18,2.682701826095581,0.625,32
M,replay,19,2.8630332946777344,0.59375,32
M,replay,20,3.0049986839294434,0.65625,32
M,replay,21,2.921830892562866,0.59375,32
M,replay,22,3.906193256378174,0.53125,32
M,replay,23,3.427248477935791,0.53125,32
M,replay,24,2.7959418296813965,0.625,32
M,replay,25,3.2807388305664062,0.5625,32
M,replay,26,3.6403822898864746,0.59375,32
M,replay,27,2.4198646545410156,0.6875,32
M,replay,28,4.088048458099365,0.4375,32
M,replay,29,2.7205748558044434,0.625,32
M,replay,30,2.9549224376678467,0.59375,32
M,replay,31,3.8595643043518066,0.5625,32
M,source_head0,0,0.19086793065071106,1.0,32
M,source_head0,1,0.41302794218063354,0.96875,32
M,source_head0,2,0.2665258049964905,0.96875,32
M,source_head0,3,0.3167246878147125,0.96875,32
M,source_head0,4,0.2597388029098511,1.0,32
M,source_head0,5,0.5569755434989929,0.90625,32
M,source_head0,6,0.1872265338897705,1.0,32
M,source_head0,7,0.302944540977478,0.96875,32
M,source_head0,8,0.3960215449333191,0.96875,32
M,source_head0,9,0.40320393443107605,0.9375,32
M,source_head0,10,0.38007330894470215,1.0,32
M,source_head0,11,0.42976152896881104,1.0,32
M,source_head0,12,0.2932635545730591,0.96875,32
M,source_head0,13,0.41854745149612427,0.96875,32
M,source_head0,14,0.47915226221084595,0.90625,32
M,source_head0,15,0.33529871702194214,1.0,32
M,source_head0,16,0.5887647271156311,0.96875,32
M,source_head0,17,0.26573050022125244,0.96875,32
M,source_head0,18,0.29347550868988037,1.0,32
M,source_head0,19,0.38449251651763916,0.9375,32
M,source_head0,20,0.6970528364181519,0.90625,32
M,source_head0,21,0.6949036121368408,0.90625,32
M,source_head0,22,0.357708215713501,0.96875,32
M,source_head0,23,0.2119576781988144,1.0,32
M,source_head0,24,0.3539768159389496,0.96875,32
M,source_head0,25,0.48226261138916016,0.96875,32
M,source_head0,26,0.5953579545021057,0.90625,32
M,source_head0,27,0.32421502470970154,0.96875,32
M,source_head0,28,0.7972366809844971,0.9375,32
M,source_head0,29,0.40502485632896423,0.9375,32
M,source_head0,30,0.2932955026626587,0.96875,32
M,source_head0,31,0.6967122554779053,0.9375,32
M,source_head1,0,0.26679274439811707,1.0,32
M,source_head1,1,0.28349125385284424,1.0,32
M,source_head1,2,0.32852116227149963,1.0,32
M,source_head1,3,0.5834631323814392,1.0,32
M,source_head1,4,0.21516302227973938,1.0,32
M,source_head1,5,0.46439504623413086,0.9375,32
M,source_head1,6,0.3441583514213562,1.0,32
M,source_head1,7,0.41174986958503723,0.96875,32
M,source_head1,8,0.5423124432563782,0.96875,32
M,source_head1,9,0.569495439529419,0.9375,32
M,source_head1,10,0.3880164325237274,0.96875,32
M,source_head1,11,0.6135158538818359,1.0,32
M,source_head1,12,0.4874994456768036,0.96875,32
M,source_head1,13,0.6836894750595093,0.96875,32
M,source_head1,14,0.483120322227478,0.9375,32
M,source_head1,15,0.37603265047073364,1.0,32
M,source_head1,16,0.8752630949020386,0.96875,32
M,source_head1,17,0.3612971901893616,0.96875,32
M,source_head1,18,0.27143430709838867,1.0,32
M,source_head1,19,0.3592067062854767,0.96875,32
M,source_head1,20,0.7457275986671448,0.9375,32
M,source_head1,21,0.6167609691619873,0.9375,32
M,source_head1,22,0.5813098549842834,0.96875,32
M,source_head1,23,0.38701382279396057,1.0,32
M,source_head1,24,0.3857925534248352,0.96875,32
M,source_head1,25,0.519457221031189,0.9375,32
M,source_head1,26,0.5150364637374878,0.96875,32
M,source_head1,27,0.552664041519165,0.96875,32
M,source_head1,28,1.0566444396972656,0.9375,32
M,source_head1,29,0.8276604413986206,0.9375,32
M,source_head1,30,0.3896474540233612,0.96875,32
M,source_head1,31,0.8238590955734253,0.9375,32
M,source_both,0,0.02012428641319275,1.0,32
M,source_both,1,0.02090602181851864,1.0,32
M,source_both,2,0.026771623641252518,1.0,32
M,source_both,3,0.04234642535448074,1.0,32
M,source_both,4,0.01349114440381527,1.0,32
M,source_both,5,0.08473149687051773,1.0,32
M,source_both,6,0.01707148179411888,1.0,32
M,source_both,7,0.03024570643901825,1.0,32
M,source_both,8,0.02901986613869667,1.0,32
M,source_both,9,0.05383504927158356,0.96875,32
M,source_both,10,0.02216971665620804,1.0,32
M,source_both,11,0.04594283923506737,1.0,32
M,source_both,12,0.02198309823870659,1.0,32
M,source_both,13,0.024867039173841476,1.0,32
M,source_both,14,0.02500179037451744,1.0,32
M,source_both,15,0.09101938456296921,1.0,32
M,source_both,16,0.08576709777116776,0.96875,32
M,source_both,17,0.017381537705659866,1.0,32
M,source_both,18,0.027695050463080406,1.0,32
M,source_both,19,0.028122181072831154,1.0,32
M,source_both,20,0.03610751032829285,1.0,32
M,source_both,21,0.03053169883787632,1.0,32
M,source_both,22,0.028624288737773895,1.0,32
M,source_both,23,0.01963416114449501,1.0,32
M,source_both,24,0.05929764732718468,0.96875,32
M,source_both,25,0.045528244227170944,1.0,32
M,source_both,26,0.04974204674363136,1.0,32
M,source_both,27,0.021387284621596336,1.0,32
M,source_both,28,0.03732242435216904,1.0,32
M,source_both,29,0.160761296749115,0.96875,32
M,source_both,30,0.019654974341392517,1.0,32
M,source_both,31,0.05545958876609802,1.0,32
M,baseline,32,2.921053886413574,0.59375,32
M,baseline,33,3.2071163654327393,0.5625,32
M,baseline,34,1.7193145751953125,0.78125,32
M,baseline,35,2.549712896347046,0.65625,32
M,baseline,36,2.0964016914367676,0.71875,32
M,baseline,37,3.4893312454223633,0.53125,32
M,baseline,38,3.06156587600708,0.59375,32
M,baseline,39,2.463611125946045,0.65625,32
M,baseline,40,4.055839538574219,0.46875,32
M,baseline,41,3.8591065406799316,0.5,32
M,baseline,42,2.15537691116333,0.6875,32
M,baseline,43,2.8232204914093018,0.625,32
M,baseline,44,2.9876437187194824,0.53125,32
M,baseline,45,3.1070659160614014,0.5625,32
M,baseline,46,3.9276866912841797,0.5,32
M,baseline,47,1.653585433959961,0.75,32
M,baseline,48,2.4496068954467773,0.6875,32
M,baseline,49,2.714683771133423,0.625,32
M,baseline,50,2.8217341899871826,0.59375,32
M,baseline,51,2.654294013977051,0.65625,32
M,baseline,52,2.2372219562530518,0.65625,32
M,baseline,53,3.109286069869995,0.5625,32
M,baseline,54,2.711364269256592,0.625,32
M,baseline,55,2.1954309940338135,0.6875,32
M,baseline,56,2.2459802627563477,0.71875,32
M,baseline,57,2.350811004638672,0.65625,32
M,baseline,58,3.088658094406128,0.5625,32
M,baseline,59,3.127749443054199,0.59375,32
M,baseline,60,2.709383487701416,0.625,32
M,baseline,61,2.389819622039795,0.6875,32
M,baseline,62,3.1451468467712402,0.59375,32
M,baseline,63,3.311816692352295,0.59375,32
M,replay,32,2.921053886413574,0.59375,32
M,replay,33,3.2071163654327393,0.5625,32
M,replay,34,1.7193145751953125,0.78125,32
M,replay,35,2.549712896347046,0.65625,32
M,replay,36,2.0964016914367676,0.71875,32
M,replay,37,3.4893312454223633,0.53125,32
M,replay,38,3.06156587600708,0.59375,32
M,replay,39,2.463611125946045,0.65625,32
M,replay,40,4.055839538574219,0.46875,32
M,replay,41,3.8591065406799316,0.5,32
M,replay,42,2.15537691116333,0.6875,32
M,replay,43,2.8232204914093018,0.625,32
M,replay,44,2.9876437187194824,0.53125,32
M,replay,45,3.1070659160614014,0.5625,32
M,replay,46,3.9276866912841797,0.5,32
M,replay,47,1.653585433959961,0.75,32
M,replay,48,2.4496068954467773,0.6875,32
M,replay,49,2.714683771133423,0.625,32
M,replay,50,2.8217341899871826,0.59375,32
M,replay,51,2.654294013977051,0.65625,32
M,replay,52,2.2372219562530518,0.65625,32
M,replay,53,3.109286069869995,0.5625,32
M,replay,54,2.711364269256592,0.625,32
M,replay,55,2.1954309940338135,0.6875,32
M,replay,56,2.2459802627563477,0.71875,32
M,replay,57,2.350811004638672,0.65625,32
M,replay,58,3.088658094406128,0.5625,32
M,replay,59,3.127749443054199,0.59375,32
M,replay,60,2.709383487701416,0.625,32
M,replay,61,2.389819622039795,0.6875,32
M,replay,62,3.1451468467712402,0.59375,32
M,replay,63,3.311816692352295,0.59375,32
M,source_head0,32,0.2632077634334564,1.0,32
M,source_head0,33,0.47458744049072266,0.9375,32
M,source_head0,34,0.17782899737358093,1.0,32
M,source_head0,35,0.4488784670829773,1.0,32
M,source_head0,36,0.17613434791564941,1.0,32
M,source_head0,37,0.6315382122993469,0.875,32
M,source_head0,38,0.4037923216819763,1.0,32
M,source_head0,39,0.21326933801174164,1.0,32
M,source_head0,40,0.7213790416717529,0.90625,32
M,source_head0,41,0.616229772567749,0.96875,32
M,source_head0,42,0.2587882876396179,1.0,32
M,source_head0,43,0.2363033890724182,1.0,32
M,source_head0,44,0.3848898112773895,0.96875,32
M,source_head0,45,0.23776337504386902,1.0,32
M,source_head0,46,0.38577327132225037,0.96875,32
M,source_head0,47,0.08284445106983185,1.0,32
M,source_head0,48,0.329304575920105,1.0,32
M,source_head0,49,0.2746374011039734,0.96875,32
M,source_head0,50,0.4050162434577942,0.96875,32
M,source_head0,51,0.17283058166503906,1.0,32
M,source_head0,52,0.23671866953372955,1.0,32
M,source_head0,53,0.38978105783462524,1.0,32
M,source_head0,54,0.39239180088043213,1.0,32
M,source_head0,55,0.21879856288433075,1.0,32
M,source_head0,56,0.23657456040382385,1.0,32
M,source_head0,57,0.33822041749954224,0.9375,32
M,source_head0,58,0.2782174348831177,1.0,32
M,source_head0,59,0.32779958844184875,1.0,32
M,source_head0,60,0.3200085163116455,0.96875,32
M,source_head0,61,0.2708597779273987,0.9375,32
M,source_head0,62,0.40533798933029175,1.0,32
M,source_head0,63,0.3735255002975464,0.9375,32
M,source_head1,32,0.42529720067977905,0.96875,32
M,source_head1,33,0.35429248213768005,0.96875,32
M,source_head1,34,0.2754095196723938,1.0,32
M,source_head1,35,0.3134905993938446,0.96875,32
M,source_head1,36,0.29777267575263977,0.96875,32
M,source_head1,37,0.7607319355010986,0.90625,32
M,source_head1,38,0.532304048538208,1.0,32
M,source_head1,39,0.4163738787174225,1.0,32
M,source_head1,40,0.6564840078353882,0.96875,32
M,source_head1,41,0.6164710521697998,0.9375,32
M,source_head1,42,0.20975449681282043,1.0,32
M,source_head1,43,0.5585373640060425,1.0,32
M,source_head1,44,0.41686972975730896,0.96875,32
M,source_head1,45,0.4464259147644043,1.0,32
M,source_head1,46,0.5011855363845825,0.96875,32
M,source_head1,47,0.11368802189826965,1.0,32
M,source_head1,48,0.42296302318573,1.0,32
M,source_head1,49,0.42490512132644653,0.96875,32
M,source_head1,50,0.5029389262199402,0.96875,32
M,source_head1,51,0.4977110028266907,0.9375,32
M,source_head1,52,0.33215051889419556,1.0,32
M,source_head1,53,0.3476370573043823,0.96875,32
M,source_head1,54,0.42151105403900146,1.0,32
M,source_head1,55,0.4281204640865326,1.0,32
M,source_head1,56,0.5140408873558044,0.96875,32
M,source_head1,57,0.3517245650291443,0.96875,32
M,source_head1,58,0.29331424832344055,1.0,32
M,source_head1,59,0.3421201705932617,1.0,32
M,source_head1,60,0.3378280997276306,1.0,32
M,source_head1,61,0.6216579675674438,0.96875,32
M,source_head1,62,0.45804375410079956,1.0,32
M,source_head1,63,0.6568038463592529,1.0,32
M,source_both,32,0.01873067207634449,1.0,32
M,source_both,33,0.025432797148823738,1.0,32
M,source_both,34,0.04149229824542999,1.0,32
M,source_both,35,0.018533961847424507,1.0,32
M,source_both,36,0.01777012273669243,1.0,32
M,source_both,37,0.04649670049548149,1.0,32
M,source_both,38,0.05524866282939911,1.0,32
M,source_both,39,0.02740735560655594,1.0,32
M,source_both,40,0.06268463283777237,1.0,32
M,source_both,41,0.022737974300980568,1.0,32
M,source_both,42,0.02401520311832428,1.0,32
M,source_both,43,0.04601870849728584,1.0,32
M,source_both,44,0.021394915878772736,1.0,32
M,source_both,45,0.01784820482134819,1.0,32
M,source_both,46,0.03301631659269333,1.0,32
M,source_both,47,0.01701638475060463,1.0,32
M,source_both,48,0.01772751286625862,1.0,32
M,source_both,49,0.024386350065469742,1.0,32
M,source_both,50,0.03368575498461723,1.0,32
M,source_both,51,0.024104483425617218,1.0,32
M,source_both,52,0.028192833065986633,1.0,32
M,source_both,53,0.0471046008169651,1.0,32
M,source_both,54,0.02430768311023712,1.0,32
M,source_both,55,0.03230326622724533,1.0,32
M,source_both,56,0.032812342047691345,1.0,32
M,source_both,57,0.040867991745471954,1.0,32
M,source_both,58,0.01620160974562168,1.0,32
M,source_both,59,0.01788780279457569,1.0,32
M,source_both,60,0.019230898469686508,1.0,32
M,source_both,61,0.031225696206092834,1.0,32
M,source_both,62,0.03477025032043457,1.0,32
M,source_both,63,0.037891797721385956,1.0,32
M,baseline,64,3.5540544986724854,0.46875,32
M,baseline,65,3.154756546020508,0.59375,32
M,baseline,66,2.579540252685547,0.65625,32
M,baseline,67,2.244762897491455,0.71875,32
M,baseline,68,3.2535324096679688,0.5625,32
M,baseline,69,3.3458123207092285,0.5625,32
M,baseline,70,2.6542248725891113,0.65625,32
M,baseline,71,2.9742040634155273,0.59375,32
M,baseline,72,3.592722177505493,0.53125,32
M,baseline,73,3.685283899307251,0.53125,32
M,baseline,74,3.138927459716797,0.59375,32
M,baseline,75,3.167569637298584,0.625,32
M,baseline,76,2.7306041717529297,0.625,32
M,baseline,77,2.1433534622192383,0.71875,32
M,baseline,78,2.9312596321105957,0.625,32
M,baseline,79,2.4547042846679688,0.625,32
M,baseline,80,3.12259578704834,0.53125,32
M,baseline,81,3.202145576477051,0.59375,32
M,baseline,82,3.0187487602233887,0.5625,32
M,baseline,83,2.892343521118164,0.59375,32
M,baseline,84,3.750288963317871,0.5,32
M,baseline,85,3.712535858154297,0.5625,32
M,baseline,86,3.056241035461426,0.5625,32
M,baseline,87,2.8814549446105957,0.59375,32
M,baseline,88,2.4958930015563965,0.6875,32
M,baseline,89,3.7304892539978027,0.46875,32
M,baseline,90,3.0625290870666504,0.59375,32
M,baseline,91,2.1025357246398926,0.6875,32
M,baseline,92,3.9278056621551514,0.5,32
M,baseline,93,3.0902316570281982,0.59375,32
M,baseline,94,3.1965339183807373,0.5625,32
M,baseline,95,3.2167582511901855,0.5625,32
M,replay,64,3.5540544986724854,0.46875,32
M,replay,65,3.154756546020508,0.59375,32
M,replay,66,2.579540252685547,0.65625,32
M,replay,67,2.244762897491455,0.71875,32
M,replay,68,3.2535324096679688,0.5625,32
M,replay,69,3.3458123207092285,0.5625,32
M,replay,70,2.6542248725891113,0.65625,32
M,replay,71,2.9742040634155273,0.59375,32
M,replay,72,3.592722177505493,0.53125,32
M,replay,73,3.685283899307251,0.53125,32
M,replay,74,3.138927459716797,0.59375,32
M,replay,75,3.167569637298584,0.625,32
M,replay,76,2.7306041717529297,0.625,32
M,replay,77,2.1433534622192383,0.71875,32
M,replay,78,2.9312596321105957,0.625,32
M,replay,79,2.4547042846679688,0.625,32
M,replay,80,3.12259578704834,0.53125,32
M,replay,81,3.202145576477051,0.59375,32
M,replay,82,3.0187487602233887,0.5625,32
M,replay,83,2.892343521118164,0.59375,32
M,replay,84,3.750288963317871,0.5,32
M,replay,85,3.712535858154297,0.5625,32
M,replay,86,3.056241035461426,0.5625,32
M,replay,87,2.8814549446105957,0.59375,32
M,replay,88,2.4958930015563965,0.6875,32
M,replay,89,3.7304892539978027,0.46875,32
M,replay,90,3.0625290870666504,0.59375,32
M,replay,91,2.1025357246398926,0.6875,32
M,replay,92,3.9278056621551514,0.5,32
M,replay,93,3.0902316570281982,0.59375,32
M,replay,94,3.1965339183807373,0.5625,32
M,replay,95,3.2167582511901855,0.5625,32
M,source_head0,64,0.3513343334197998,0.9375,32
M,source_head0,65,0.2837435007095337,1.0,32
M,source_head0,66,0.3466559052467346,0.96875,32
M,source_head0,67,0.3363330364227295,0.9375,32
M,source_head0,68,0.7608187794685364,0.9375,32
M,source_head0,69,0.5405307412147522,0.9375,32
M,source_head0,70,0.3152405619621277,0.96875,32
M,source_head0,71,0.7265043258666992,0.90625,32
M,source_head0,72,0.5284503698348999,0.9375,32
M,source_head0,73,0.2803179919719696,1.0,32
M,source_head0,74,0.3846437335014343,0.9375,32
M,source_head0,75,0.5706114768981934,0.90625,32
M,source_head0,76,0.5154603123664856,0.90625,32
M,source_head0,77,0.20021462440490723,0.96875,32
M,source_head0,78,0.5852543115615845,0.9375,32
M,source_head0,79,0.3811489939689636,1.0,32
M,source_head0,80,0.46324265003204346,0.96875,32
M,source_head0,81,0.7727733850479126,0.9375,32
M,source_head0,82,0.39667773246765137,0.96875,32
M,source_head0,83,0.39701583981513977,0.96875,32
M,source_head0,84,0.29023462533950806,1.0,32
M,source_head0,85,0.4128444492816925,0.90625,32
M,source_head0,86,0.2202063351869583,1.0,32
M,source_head0,87,0.30041739344596863,0.96875,32
M,source_head0,88,0.21605876088142395,1.0,32
M,source_head0,89,0.4431348145008087,1.0,32
M,source_head0,90,0.5018844604492188,0.90625,32
M,source_head0,91,0.3241109848022461,1.0,32
M,source_head0,92,0.467589795589447,0.90625,32
M,source_head0,93,0.4900778830051422,0.9375,32
M,source_head0,94,0.3696574866771698,0.96875,32
M,source_head0,95,0.5092843174934387,0.96875,32
M,source_head1,64,0.7291600108146667,0.96875,32
M,source_head1,65,0.5175895094871521,1.0,32
M,source_head1,66,0.4689728021621704,0.96875,32
M,source_head1,67,0.3448821008205414,0.96875,32
M,source_head1,68,0.6837210655212402,0.9375,32
M,source_head1,69,0.6281863451004028,0.96875,32
M,source_head1,70,0.4408169388771057,0.96875,32
M,source_head1,71,0.7015659213066101,0.9375,32
M,source_head1,72,0.5211101174354553,1.0,32
M,source_head1,73,0.5555936098098755,1.0,32
M,source_head1,74,0.41487210988998413,1.0,32
M,source_head1,75,0.6018556356430054,0.9375,32
M,source_head1,76,0.4186946451663971,1.0,32
M,source_head1,77,0.26797807216644287,0.96875,32
M,source_head1,78,0.5944107174873352,0.9375,32
M,source_head1,79,0.25621241331100464,1.0,32
M,source_head1,80,0.7470057010650635,0.9375,32
M,source_head1,81,0.7469267249107361,0.90625,32
M,source_head1,82,0.47651976346969604,1.0,32
M,source_head1,83,0.4787314534187317,0.96875,32
M,source_head1,84,0.6541910767555237,0.96875,32
M,source_head1,85,0.4507352113723755,0.96875,32
M,source_head1,86,0.35313907265663147,1.0,32
M,source_head1,87,0.45251908898353577,0.96875,32
M,source_head1,88,0.2285851240158081,1.0,32
M,source_head1,89,0.41379812359809875,1.0,32
M,source_head1,90,0.6597560048103333,0.90625,32
M,source_head1,91,0.34724506735801697,1.0,32
M,source_head1,92,0.8222225308418274,0.9375,32
M,source_head1,93,0.6180546283721924,0.9375,32
M,source_head1,94,0.3186042308807373,1.0,32
M,source_head1,95,0.5486944913864136,0.96875,32
M,source_both,64,0.024730641394853592,1.0,32
M,source_both,65,0.021906889975070953,1.0,32
M,source_both,66,0.050030410289764404,1.0,32
M,source_both,67,0.02579076588153839,1.0,32
M,source_both,68,0.08126937597990036,1.0,32
M,source_both,69,0.049269046634435654,1.0,32
M,source_both,70,0.016764234751462936,1.0,32
M,source_both,71,0.05010952800512314,1.0,32
M,source_both,72,0.019473470747470856,1.0,32
M,source_both,73,0.02001836523413658,1.0,32
M,source_both,74,0.019574202597141266,1.0,32
M,source_both,75,0.023441653698682785,1.0,32
M,source_both,76,0.026287389919161797,1.0,32
M,source_both,77,0.0169307142496109,1.0,32
M,source_both,78,0.04829651862382889,1.0,32
M,source_both,79,0.017612285912036896,1.0,32
M,source_both,80,0.04537758231163025,1.0,32
M,source_both,81,0.07764037698507309,1.0,32
M,source_both,82,0.09510228037834167,1.0,32
M,source_both,83,0.02609189599752426,1.0,32
M,source_both,84,0.023105215281248093,1.0,32
M,source_both,85,0.01832425221800804,1.0,32
M,source_both,86,0.028522590175271034,1.0,32
M,source_both,87,0.026625817641615868,1.0,32
M,source_both,88,0.01646510884165764,1.0,32
M,source_both,89,0.021003855392336845,1.0,32
M,source_both,90,0.021936114877462387,1.0,32
M,source_both,91,0.023043949156999588,1.0,32
M,source_both,92,0.07140626013278961,1.0,32
M,source_both,93,0.0470237135887146,1.0,32
M,source_both,94,0.015899397432804108,1.0,32
M,source_both,95,0.0657968521118164,1.0,32
M,baseline,96,2.9288136959075928,0.59375,32
M,baseline,97,2.536038398742676,0.65625,32
M,baseline,98,3.5501227378845215,0.53125,32
M,baseline,99,3.062317132949829,0.5625,32
M,baseline,100,3.5490944385528564,0.5,32
M,baseline,101,3.147670030593872,0.59375,32
M,baseline,102,3.78914213180542,0.46875,32
M,baseline,103,3.5485689640045166,0.53125,32
M,baseline,104,2.7162625789642334,0.625,32
M,baseline,105,2.648674726486206,0.625,32
M,baseline,106,2.952672004699707,0.625,32
M,baseline,107,2.7244338989257812,0.65625,32
M,baseline,108,2.8404924869537354,0.59375,32
M,baseline,109,2.648756504058838,0.65625,32
M,baseline,110,1.6791446208953857,0.75,32
M,baseline,111,1.3152709007263184,0.8125,32
M,baseline,112,2.8590402603149414,0.71875,32
M,baseline,113,3.4873759746551514,0.5625,32
M,baseline,114,2.6947193145751953,0.625,32
M,baseline,115,2.8281118869781494,0.625,32
M,baseline,116,3.1193478107452393,0.53125,32
M,baseline,117,2.7990241050720215,0.59375,32
M,baseline,118,2.714778184890747,0.59375,32
M,baseline,119,2.207819938659668,0.6875,32
M,baseline,120,3.8472647666931152,0.5,32
M,baseline,121,2.0020248889923096,0.71875,32
M,baseline,122,2.333730936050415,0.65625,32
M,baseline,123,3.983480930328369,0.5,32
M,baseline,124,2.5128211975097656,0.65625,32
M,baseline,125,3.0657527446746826,0.59375,32
M,baseline,126,3.2241649627685547,0.59375,32
M,baseline,127,3.404892921447754,0.53125,32
M,replay,96,2.9288136959075928,0.59375,32
M,replay,97,2.536038398742676,0.65625,32
M,replay,98,3.5501227378845215,0.53125,32
M,replay,99,3.062317132949829,0.5625,32
M,replay,100,3.5490944385528564,0.5,32
M,replay,101,3.147670030593872,0.59375,32
M,replay,102,3.78914213180542,0.46875,32
M,replay,103,3.5485689640045166,0.53125,32
M,replay,104,2.7162625789642334,0.625,32
M,replay,105,2.648674726486206,0.625,32
M,replay,106,2.952672004699707,0.625,32
M,replay,107,2.7244338989257812,0.65625,32
M,replay,108,2.8404924869537354,0.59375,32
M,replay,109,2.648756504058838,0.65625,32
M,replay,110,1.6791446208953857,0.75,32
M,replay,111,1.3152709007263184,0.8125,32
M,replay,112,2.8590402603149414,0.71875,32
M,replay,113,3.4873759746551514,0.5625,32
M,replay,114,2.6947193145751953,0.625,32
M,replay,115,2.8281118869781494,0.625,32
M,replay,116,3.1193478107452393,0.53125,32
M,replay,117,2.7990241050720215,0.59375,32
M,replay,118,2.714778184890747,0.59375,32
M,replay,119,2.207819938659668,0.6875,32
M,replay,120,3.8472647666931152,0.5,32
M,replay,121,2.0020248889923096,0.71875,32
M,replay,122,2.333730936050415,0.65625,32
M,replay,123,3.983480930328369,0.5,32
M,replay,124,2.5128211975097656,0.65625,32
M,replay,125,3.0657527446746826,0.59375,32
M,replay,126,3.2241649627685547,0.59375,32
M,replay,127,3.404892921447754,0.53125,32
M,source_head0,96,0.36369115114212036,1.0,32
M,source_head0,97,0.2969304919242859,0.96875,32
M,source_head0,98,0.4665954113006592,0.9375,32
M,source_head0,99,0.4060543179512024,1.0,32
M,source_head0,100,0.46435388922691345,0.96875,32
M,source_head0,101,0.7087724208831787,0.90625,32
M,source_head0,102,0.24234497547149658,1.0,32
M,source_head0,103,0.5224646329879761,0.96875,32
M,source_head0,104,0.2718948423862457,0.96875,32
M,source_head0,105,0.2597455680370331,0.96875,32
M,source_head0,106,0.3824326992034912,0.96875,32
M,source_head0,107,0.35319575667381287,0.96875,32
M,source_head0,108,0.33278200030326843,1.0,32
M,source_head0,109,0.4308379292488098,0.9375,32
M,source_head0,110,0.2283886969089508,1.0,32
M,source_head0,111,0.1830306351184845,1.0,32
M,source_head0,112,0.4477822780609131,0.90625,32
M,source_head0,113,0.7224567532539368,0.875,32
M,source_head0,114,0.23758409917354584,1.0,32
M,source_head0,115,0.25048235058784485,0.96875,32
M,source_head0,116,0.32039734721183777,0.96875,32
M,source_head0,117,0.25488805770874023,1.0,32
M,source_head0,118,0.338262140750885,1.0,32
M,source_head0,119,0.15816175937652588,1.0,32
M,source_head0,120,0.47559764981269836,0.96875,32
M,source_head0,121,0.2900318503379822,1.0,32
M,source_head0,122,0.3541761040687561,0.9375,32
M,source_head0,123,0.5099971294403076,0.90625,32
M,source_head0,124,0.2937113344669342,0.96875,32
M,source_head0,125,0.2951725125312805,0.96875,32
M,source_head0,126,0.5317680239677429,0.9375,32
M,source_head0,127,0.6222239136695862,0.96875,32
M,source_head1,96,0.4690195322036743,0.96875,32
M,source_head1,97,0.30039581656455994,1.0,32
M,source_head1,98,0.5234418511390686,1.0,32
M,source_head1,99,0.5039280652999878,1.0,32
M,source_head1,100,0.5975348949432373,0.9375,32
M,source_head1,101,0.7254664897918701,1.0,32
M,source_head1,102,0.3642506003379822,0.96875,32
M,source_head1,103,0.5960128903388977,0.90625,32
M,source_head1,104,0.41522958874702454,0.96875,32
M,source_head1,105,0.4445427358150482,1.0,32
M,source_head1,106,0.5206128358840942,0.96875,32
M,source_head1,107,0.5323405861854553,0.96875,32
M,source_head1,108,0.3396078646183014,1.0,32
M,source_head1,109,0.6251226663589478,0.9375,32
M,source_head1,110,0.26222625374794006,0.96875,32
M,source_head1,111,0.21727396547794342,1.0,32
M,source_head1,112,0.43425843119621277,0.9375,32
M,source_head1,113,0.778860867023468,0.9375,32
M,source_head1,114,0.7313147187232971,0.96875,32
M,source_head1,115,0.4889718294143677,0.96875,32
M,source_head1,116,0.5431435108184814,0.96875,32
M,source_head1,117,0.25641122460365295,1.0,32
M,source_head1,118,0.5261907577514648,1.0,32
M,source_head1,119,0.27380165457725525,1.0,32
M,source_head1,120,0.6566943526268005,0.9375,32
M,source_head1,121,0.3393910527229309,1.0,32
M,source_head1,122,0.4026188850402832,0.96875,32
M,source_head1,123,0.5986080765724182,0.875,32
M,source_head1,124,0.5653046369552612,0.96875,32
M,source_head1,125,0.40285825729370117,0.96875,32
M,source_head1,126,0.4934939444065094,0.9375,32
M,source_head1,127,0.7217689752578735,1.0,32
M,source_both,96,0.02507687360048294,1.0,32
M,source_both,97,0.028153253719210625,1.0,32
M,source_both,98,0.029773123562335968,1.0,32
M,source_both,99,0.027834920212626457,1.0,32
M,source_both,100,0.0392550528049469,1.0,32
M,source_both,101,0.1318499743938446,1.0,32
M,source_both,102,0.023043155670166016,1.0,32
M,source_both,103,0.034342728555202484,1.0,32
M,source_both,104,0.022629961371421814,1.0,32
M,source_both,105,0.04013298451900482,1.0,32
M,source_both,106,0.10327806323766708,0.96875,32
M,source_both,107,0.029314113780856133,1.0,32
M,source_both,108,0.02193436026573181,1.0,32
M,source_both,109,0.026661233976483345,1.0,32
M,source_both,110,0.02441808581352234,1.0,32
M,source_both,111,0.0217660553753376,1.0,32
M,source_both,112,0.019372936338186264,1.0,32
M,source_both,113,0.08104680478572845,1.0,32
M,source_both,114,0.023668205365538597,1.0,32
M,source_both,115,0.018022943288087845,1.0,32
M,source_both,116,0.0431133434176445,1.0,32
M,source_both,117,0.01680007204413414,1.0,32
M,source_both,118,0.022253962233662605,1.0,32
M,source_both,119,0.017824284732341766,1.0,32
M,source_both,120,0.01653110794723034,1.0,32
M,source_both,121,0.020862890407443047,1.0,32
M,source_both,122,0.02316415309906006,1.0,32
M,source_both,123,0.02028122916817665,1.0,32
M,source_both,124,0.025016505271196365,1.0,32
M,source_both,125,0.020716998726129532,1.0,32
M,source_both,126,0.047931037843227386,1.0,32
M,source_both,127,0.11203841865062714,1.0,32
M,baseline,128,2.693350076675415,0.65625,32
M,baseline,129,3.1986656188964844,0.59375,32
M,baseline,130,2.753154754638672,0.59375,32
M,baseline,131,3.516362190246582,0.53125,32
M,baseline,132,3.857712745666504,0.46875,32
M,baseline,133,2.393407106399536,0.65625,32
M,baseline,134,2.9248604774475098,0.5625,32
M,baseline,135,3.368384599685669,0.53125,32
M,baseline,136,3.9424808025360107,0.5,32
M,baseline,137,3.594940185546875,0.53125,32
M,baseline,138,2.2090892791748047,0.6875,32
M,baseline,139,2.564816474914551,0.625,32
M,baseline,140,3.406771183013916,0.53125,32
M,baseline,141,2.1972122192382812,0.6875,32
M,baseline,142,3.3704962730407715,0.5625,32
M,baseline,143,3.0234389305114746,0.59375,32
M,baseline,144,1.7892744541168213,0.75,32
M,baseline,145,2.875882148742676,0.625,32
M,baseline,146,2.8675732612609863,0.65625,32
M,baseline,147,1.728461742401123,0.78125,32
M,baseline,148,2.09633731842041,0.71875,32
M,baseline,149,1.9646873474121094,0.75,32
M,baseline,150,3.5330264568328857,0.5625,32
M,baseline,151,3.6876463890075684,0.5625,32
M,baseline,152,3.9158775806427,0.46875,32
M,baseline,153,2.8971381187438965,0.59375,32
M,baseline,154,2.7075624465942383,0.625,32
M,baseline,155,2.537508487701416,0.59375,32
M,baseline,156,2.8864316940307617,0.625,32
M,baseline,157,2.4017832279205322,0.6875,32
M,baseline,158,3.1548876762390137,0.59375,32
M,baseline,159,4.4217987060546875,0.53125,32
M,replay,128,2.693350076675415,0.65625,32
M,replay,129,3.1986656188964844,0.59375,32
M,replay,130,2.753154754638672,0.59375,32
M,replay,131,3.516362190246582,0.53125,32
M,replay,132,3.857712745666504,0.46875,32
M,replay,133,2.393407106399536,0.65625,32
M,replay,134,2.9248604774475098,0.5625,32
M,replay,135,3.368384599685669,0.53125,32
M,replay,136,3.9424808025360107,0.5,32
M,replay,137,3.594940185546875,0.53125,32
M,replay,138,2.2090892791748047,0.6875,32
M,replay,139,2.564816474914551,0.625,32
M,replay,140,3.406771183013916,0.53125,32
M,replay,141,2.1972122192382812,0.6875,32
M,replay,142,3.3704962730407715,0.5625,32
M,replay,143,3.0234389305114746,0.59375,32
M,replay,144,1.7892744541168213,0.75,32
M,replay,145,2.875882148742676,0.625,32
M,replay,146,2.8675732612609863,0.65625,32
M,replay,147,1.728461742401123,0.78125,32
M,replay,148,2.09633731842041,0.71875,32
M,replay,149,1.9646873474121094,0.75,32
M,replay,150,3.5330264568328857,0.5625,32
M,replay,151,3.6876463890075684,0.5625,32
M,replay,152,3.9158775806427,0.46875,32
M,replay,153,2.8971381187438965,0.59375,32
M,replay,154,2.7075624465942383,0.625,32
M,replay,155,2.537508487701416,0.59375,32
M,replay,156,2.8864316940307617,0.625,32
M,replay,157,2.4017832279205322,0.6875,32
M,replay,158,3.1548876762390137,0.59375,32
M,replay,159,4.4217987060546875,0.53125,32
M,source_head0,128,0.18202060461044312,1.0,32
M,source_head0,129,0.6917337775230408,0.90625,32
M,source_head0,130,0.344718337059021,0.96875,32
M,source_head0,131,0.35551717877388,0.96875,32
M,source_head0,132,0.4790003001689911,0.9375,32
M,source_head0,133,0.29465579986572266,0.96875,32
M,source_head0,134,0.4461655020713806,1.0,32
M,source_head0,135,0.3467422425746918,1.0,32
M,source_head0,136,0.4694446623325348,0.9375,32
M,source_head0,137,0.4914098083972931,0.9375,32
M,source_head0,138,0.09492813050746918,1.0,32
M,source_head0,139,0.178880512714386,1.0,32
M,source_head0,140,0.4555121064186096,0.96875,32
M,source_head0,141,0.24245503544807434,0.96875,32
M,source_head0,142,0.40391021966934204,0.96875,32
M,source_head0,143,0.5907340049743652,0.90625,32
M,source_head0,144,0.1547677367925644,1.0,32
M,source_head0,145,0.6748970746994019,0.90625,32
M,source_head0,146,0.542620837688446,0.9375,32
M,source_head0,147,0.2761951982975006,0.96875,32
M,source_head0,148,0.17241248488426208,1.0,32
M,source_head0,149,0.3898164629936218,0.96875,32
M,source_head0,150,0.3512435555458069,0.9375,32
M,source_head0,151,0.4014465808868408,0.9375,32
M,source_head0,152,0.4067162275314331,1.0,32
M,source_head0,153,0.49406397342681885,0.9375,32
M,source_head0,154,0.5281216502189636,0.96875,32
M,source_head0,155,0.19763627648353577,0.96875,32
M,source_head0,156,0.23490308225154877,1.0,32
M,source_head0,157,0.3190150558948517,0.96875,32
M,source_head0,158,0.4065588712692261,0.9375,32
M,source_head0,159,0.5366273522377014,0.875,32
M,source_head1,128,0.269353985786438,1.0,32
M,source_head1,129,0.6384875774383545,0.9375,32
M,source_head1,130,0.33553174138069153,0.96875,32
M,source_head1,131,0.39565449953079224,1.0,32
M,source_head1,132,0.8563528060913086,0.96875,32
M,source_head1,133,0.3209671974182129,1.0,32
M,source_head1,134,0.5281995534896851,0.96875,32
M,source_head1,135,0.6472815871238708,0.96875,32
M,source_head1,136,0.673321545124054,0.9375,32
M,source_head1,137,0.9124751091003418,0.9375,32
M,source_head1,138,0.19538789987564087,1.0,32
M,source_head1,139,0.26377665996551514,1.0,32
M,source_head1,140,0.48058927059173584,0.96875,32
M,source_head1,141,0.45530277490615845,0.96875,32
M,source_head1,142,0.63640958070755,0.96875,32
M,source_head1,143,0.7546391487121582,0.90625,32
M,source_head1,144,0.2740132808685303,1.0,32
M,source_head1,145,0.6441823244094849,0.96875,32
M,source_head1,146,0.7058830261230469,0.96875,32
M,source_head1,147,0.3423469066619873,0.9375,32
M,source_head1,148,0.3164154887199402,0.96875,32
M,source_head1,149,0.263179749250412,1.0,32
M,source_head1,150,0.6937114000320435,0.9375,32
M,source_head1,151,0.430348664522171,0.9375,32
M,source_head1,152,0.5029119849205017,0.9375,32
M,source_head1,153,0.5564095973968506,0.9375,32
M,source_head1,154,0.4225538372993469,0.96875,32
M,source_head1,155,0.17000676691532135,1.0,32
M,source_head1,156,0.5724409818649292,1.0,32
M,source_head1,157,0.29076486825942993,1.0,32
M,source_head1,158,0.4820924699306488,0.96875,32
M,source_head1,159,0.865346372127533,0.90625,32
M,source_both,128,0.0190606489777565,1.0,32
M,source_both,129,0.040010564029216766,1.0,32
M,source_both,130,0.018003351986408234,1.0,32
M,source_both,131,0.017508981749415398,1.0,32
M,source_both,132,0.05621883645653725,1.0,32
M,source_both,133,0.015320342034101486,1.0,32
M,source_both,134,0.028386980295181274,1.0,32
M,source_both,135,0.07810819894075394,1.0,32
M,source_both,136,0.026804253458976746,1.0,32
M,source_both,137,0.024540383368730545,1.0,32
M,source_both,138,0.03272803872823715,1.0,32
M,source_both,139,0.014773131348192692,1.0,32
M,source_both,140,0.02142665907740593,1.0,32
M,source_both,141,0.01988460123538971,1.0,32
M,source_both,142,0.04882447049021721,1.0,32
M,source_both,143,0.03274744749069214,1.0,32
M,source_both,144,0.023235274478793144,1.0,32
M,source_both,145,0.08135680854320526,0.96875,32
M,source_both,146,0.029453156515955925,1.0,32
M,source_both,147,0.15643036365509033,1.0,32
M,source_both,148,0.026716047897934914,1.0,32
M,source_both,149,0.022304553538560867,1.0,32
M,source_both,150,0.02743707410991192,1.0,32
M,source_both,151,0.0180192980915308,1.0,32
M,source_both,152,0.03895276039838791,1.0,32
M,source_both,153,0.02186700329184532,1.0,32
M,source_both,154,0.04379188269376755,1.0,32
M,source_both,155,0.035311855375766754,1.0,32
M,source_both,156,0.01885855756700039,1.0,32
M,source_both,157,0.022869480773806572,1.0,32
M,source_both,158,0.024317439645528793,1.0,32
M,source_both,159,0.017667343840003014,1.0,32
M,baseline,160,3.0623459815979004,0.5625,32
M,baseline,161,2.618753671646118,0.625,32
M,baseline,162,3.4706196784973145,0.53125,32
M,baseline,163,2.1015548706054688,0.71875,32
M,baseline,164,3.1599864959716797,0.5625,32
M,baseline,165,2.4347472190856934,0.65625,32
M,baseline,166,3.269749164581299,0.59375,32
M,baseline,167,3.1939268112182617,0.53125,32
M,baseline,168,2.5469160079956055,0.65625,32
M,baseline,169,2.8020429611206055,0.5625,32
M,baseline,170,2.716607093811035,0.625,32
M,baseline,171,3.695812225341797,0.5,32
M,baseline,172,3.262322425842285,0.5625,32
M,baseline,173,3.092156171798706,0.625,32
M,baseline,174,3.3849549293518066,0.5625,32
M,baseline,175,3.5833592414855957,0.46875,32
M,baseline,176,3.2490358352661133,0.5625,32
M,baseline,177,2.62302565574646,0.625,32
M,baseline,178,2.4481112957000732,0.65625,32
M,baseline,179,2.297638177871704,0.65625,32
M,baseline,180,2.6375644207000732,0.6875,32
M,baseline,181,3.305459499359131,0.5625,32
M,baseline,182,2.798642158508301,0.625,32
M,baseline,183,3.0786900520324707,0.5625,32
M,baseline,184,2.6045985221862793,0.625,32
M,baseline,185,3.6211793422698975,0.5,32
M,baseline,186,2.0784714221954346,0.75,32
M,baseline,187,3.108619451522827,0.53125,32
M,baseline,188,3.029092311859131,0.5625,32
M,baseline,189,2.9587807655334473,0.53125,32
M,baseline,190,3.5821616649627686,0.5625,32
M,baseline,191,2.890310287475586,0.59375,32
M,replay,160,3.0623459815979004,0.5625,32
M,replay,161,2.618753671646118,0.625,32
M,replay,162,3.4706196784973145,0.53125,32
M,replay,163,2.1015548706054688,0.71875,32
M,replay,164,3.1599864959716797,0.5625,32
M,replay,165,2.4347472190856934,0.65625,32
M,replay,166,3.269749164581299,0.59375,32
M,replay,167,3.1939268112182617,0.53125,32
M,replay,168,2.5469160079956055,0.65625,32
M,replay,169,2.8020429611206055,0.5625,32
M,replay,170,2.716607093811035,0.625,32
M,replay,171,3.695812225341797,0.5,32
M,replay,172,3.262322425842285,0.5625,32
M,replay,173,3.092156171798706,0.625,32
M,replay,174,3.3849549293518066,0.5625,32
M,replay,175,3.5833592414855957,0.46875,32
M,replay,176,3.2490358352661133,0.5625,32
M,replay,177,2.62302565574646,0.625,32
M,replay,178,2.4481112957000732,0.65625,32
M,replay,179,2.297638177871704,0.65625,32
M,replay,180,2.6375644207000732,0.6875,32
M,replay,181,3.305459499359131,0.5625,32
M,replay,182,2.798642158508301,0.625,32
M,replay,183,3.0786900520324707,0.5625,32
M,replay,184,2.6045985221862793,0.625,32
M,replay,185,3.6211793422698975,0.5,32
M,replay,186,2.0784714221954346,0.75,32
M,replay,187,3.108619451522827,0.53125,32
M,replay,188,3.029092311859131,0.5625,32
M,replay,189,2.9587807655334473,0.53125,32
M,replay,190,3.5821616649627686,0.5625,32
M,replay,191,2.890310287475586,0.59375,32
M,source_head0,160,0.5661036372184753,0.9375,32
M,source_head0,161,0.3907315135002136,0.9375,32
M,source_head0,162,0.534140944480896,0.9375,32
M,source_head0,163,0.20644180476665497,1.0,32
M,source_head0,164,0.27661609649658203,1.0,32
M,source_head0,165,0.156354621052742,1.0,32
M,source_head0,166,0.6197531819343567,0.90625,32
M,source_head0,167,0.4401977062225342,1.0,32
M,source_head0,168,0.47191667556762695,0.96875,32
M,source_head0,169,0.343963086605072,0.96875,32
M,source_head0,170,0.3470208942890167,0.9375,32
M,source_head0,171,0.48631295561790466,0.9375,32
M,source_head0,172,0.437198281288147,1.0,32
M,source_head0,173,0.45048561692237854,0.96875,32
M,source_head0,174,0.4791821837425232,0.96875,32
M,source_head0,175,0.36698442697525024,1.0,32
M,source_head0,176,0.31224748492240906,1.0,32
M,source_head0,177,0.586777925491333,0.90625,32
M,source_head0,178,0.5537460446357727,0.9375,32
M,source_head0,179,0.2070034146308899,1.0,32
M,source_head0,180,0.2098861187696457,0.96875,32
M,source_head0,181,0.31832683086395264,0.96875,32
M,source_head0,182,0.38429245352745056,0.96875,32
M,source_head0,183,0.3730865716934204,1.0,32
M,source_head0,184,0.30650603771209717,1.0,32
M,source_head0,185,0.3787863552570343,0.9375,32
M,source_head0,186,0.1270061731338501,1.0,32
M,source_head0,187,0.5617079138755798,0.96875,32
M,source_head0,188,0.540829598903656,0.90625,32
M,source_head0,189,0.4576237201690674,0.96875,32
M,source_head0,190,0.38270798325538635,0.96875,32
M,source_head0,191,0.34940391778945923,0.96875,32
M,source_head1,160,0.6742252111434937,0.96875,32
M,source_head1,161,0.3718259334564209,1.0,32
M,source_head1,162,0.4257030487060547,0.96875,32
M,source_head1,163,0.41315579414367676,1.0,32
M,source_head1,164,0.360813707113266,1.0,32
M,source_head1,165,0.36673635244369507,1.0,32
M,source_head1,166,0.6755619049072266,0.9375,32
M,source_head1,167,0.490724116563797,1.0,32
M,source_head1,168,0.4444006383419037,0.96875,32
M,source_head1,169,0.21560966968536377,1.0,32
M,source_head1,170,0.36348891258239746,1.0,32
M,source_head1,171,0.6535528898239136,0.9375,32
M,source_head1,172,0.6516141891479492,0.96875,32
M,source_head1,173,0.6042188405990601,0.96875,32
M,source_head1,174,0.7594953775405884,0.90625,32
M,source_head1,175,0.30347195267677307,1.0,32
M,source_head1,176,0.3075343370437622,1.0,32
M,source_head1,177,0.4157294034957886,0.96875,32
M,source_head1,178,0.6028696298599243,0.9375,32
M,source_head1,179,0.43504956364631653,1.0,32
M,source_head1,180,0.36699655652046204,0.9375,32
M,source_head1,181,0.4040594696998596,0.96875,32
M,source_head1,182,0.3917502164840698,0.96875,32
M,source_head1,183,0.545332670211792,1.0,32
M,source_head1,184,0.5956696271896362,1.0,32
M,source_head1,185,0.43470942974090576,0.96875,32
M,source_head1,186,0.47046583890914917,1.0,32
M,source_head1,187,0.785239577293396,0.90625,32
M,source_head1,188,0.7031553387641907,0.9375,32
M,source_head1,189,0.7350208163261414,1.0,32
M,source_head1,190,0.7921808958053589,0.9375,32
M,source_head1,191,0.4543762803077698,0.9375,32
M,source_both,160,0.023343050852417946,1.0,32
M,source_both,161,0.01822156086564064,1.0,32
M,source_both,162,0.1854167878627777,0.96875,32
M,source_both,163,0.06995510309934616,0.96875,32
M,source_both,164,0.018275823444128036,1.0,32
M,source_both,165,0.017724644392728806,1.0,32
M,source_both,166,0.04793522134423256,1.0,32
M,source_both,167,0.052843645215034485,1.0,32
M,source_both,168,0.028657356277108192,1.0,32
M,source_both,169,0.016019530594348907,1.0,32
M,source_both,170,0.03276689350605011,1.0,32
M,source_both,171,0.03266012668609619,1.0,32
M,source_both,172,0.025755885988473892,1.0,32
M,source_both,173,0.031351614743471146,1.0,32
M,source_both,174,0.02896873652935028,1.0,32
M,source_both,175,0.019463349133729935,1.0,32
M,source_both,176,0.038287967443466187,1.0,32
M,source_both,177,0.0186403077095747,1.0,32
M,source_both,178,0.1313702017068863,0.96875,32
M,source_both,179,0.02127671055495739,1.0,32
M,source_both,180,0.01855294033885002,1.0,32
M,source_both,181,0.025347307324409485,1.0,32
M,source_both,182,0.03472576290369034,1.0,32
M,source_both,183,0.021786227822303772,1.0,32
M,source_both,184,0.025819329544901848,1.0,32
M,source_both,185,0.020962927490472794,1.0,32
M,source_both,186,0.030259761959314346,1.0,32
M,source_both,187,0.0648643970489502,1.0,32
M,source_both,188,0.02912253700196743,1.0,32
M,source_both,189,0.044674236327409744,1.0,32
M,source_both,190,0.017939094454050064,1.0,32
M,source_both,191,0.03473935276269913,1.0,32
M,baseline,192,2.6537723541259766,0.59375,32
M,baseline,193,2.0216073989868164,0.6875,32
M,baseline,194,2.2866218090057373,0.6875,32
M,baseline,195,3.835916519165039,0.46875,32
M,baseline,196,2.679636001586914,0.65625,32
M,baseline,197,2.8827595710754395,0.625,32
M,baseline,198,3.3037338256835938,0.53125,32
M,baseline,199,2.4752607345581055,0.65625,32
M,baseline,200,2.251399517059326,0.6875,32
M,baseline,201,2.649552583694458,0.625,32
M,baseline,202,3.2200984954833984,0.5625,32
M,baseline,203,3.090381383895874,0.59375,32
M,baseline,204,3.28715181350708,0.5625,32
M,baseline,205,1.6436283588409424,0.75,32
M,baseline,206,2.399608612060547,0.65625,32
M,baseline,207,3.403552770614624,0.53125,32
M,baseline,208,3.1727845668792725,0.5625,32
M,baseline,209,2.461508274078369,0.65625,32
M,baseline,210,2.442333698272705,0.65625,32
M,baseline,211,2.818530559539795,0.59375,32
M,baseline,212,3.6577253341674805,0.53125,32
M,baseline,213,2.21942138671875,0.6875,32
M,baseline,214,3.2266592979431152,0.5625,32
M,baseline,215,2.604494571685791,0.65625,32
M,baseline,216,3.548114061355591,0.5,32
M,baseline,217,2.6719279289245605,0.65625,32
M,baseline,218,1.3977620601654053,0.8125,32
M,baseline,219,3.112154483795166,0.59375,32
M,baseline,220,2.9633917808532715,0.59375,32
M,baseline,221,3.0364460945129395,0.59375,32
M,baseline,222,3.516327381134033,0.59375,32
M,baseline,223,2.8509252071380615,0.5625,32
M,replay,192,2.6537723541259766,0.59375,32
M,replay,193,2.0216073989868164,0.6875,32
M,replay,194,2.2866218090057373,0.6875,32
M,replay,195,3.835916519165039,0.46875,32
M,replay,196,2.679636001586914,0.65625,32
M,replay,197,2.8827595710754395,0.625,32
M,replay,198,3.3037338256835938,0.53125,32
M,replay,199,2.4752607345581055,0.65625,32
M,replay,200,2.251399517059326,0.6875,32
M,replay,201,2.649552583694458,0.625,32
M,replay,202,3.2200984954833984,0.5625,32
M,replay,203,3.090381383895874,0.59375,32
M,replay,204,3.28715181350708,0.5625,32
M,replay,205,1.6436283588409424,0.75,32
M,replay,206,2.399608612060547,0.65625,32
M,replay,207,3.403552770614624,0.53125,32
M,replay,208,3.1727845668792725,0.5625,32
M,replay,209,2.461508274078369,0.65625,32
M,replay,210,2.442333698272705,0.65625,32
M,replay,211,2.818530559539795,0.59375,32
M,replay,212,3.6577253341674805,0.53125,32
M,replay,213,2.21942138671875,0.6875,32
M,replay,214,3.2266592979431152,0.5625,32
M,replay,215,2.604494571685791,0.65625,32
M,replay,216,3.548114061355591,0.5,32
M,replay,217,2.6719279289245605,0.65625,32
M,replay,218,1.3977620601654053,0.8125,32
M,replay,219,3.112154483795166,0.59375,32
M,replay,220,2.9633917808532715,0.59375,32
M,replay,221,3.0364460945129395,0.59375,32
M,replay,222,3.516327381134033,0.59375,32
M,replay,223,2.8509252071380615,0.5625,32
M,source_head0,192,0.18931442499160767,1.0,32
M,source_head0,193,0.21447691321372986,1.0,32
M,source_head0,194,0.3736914098262787,0.96875,32
M,source_head0,195,0.157478466629982,1.0,32
M,source_head0,196,0.21948018670082092,1.0,32
M,source_head0,197,0.2153293341398239,1.0,32
M,source_head0,198,0.2444593906402588,1.0,32
M,source_head0,199,0.1399870067834854,1.0,32
M,source_head0,200,0.2866462767124176,0.96875,32
M,source_head0,201,0.3030308485031128,1.0,32
M,source_head0,202,0.4579222798347473,0.9375,32
M,source_head0,203,0.4958963394165039,0.9375,32
M,source_head0,204,0.3235263526439667,0.96875,32
M,source_head0,205,0.1901518702507019,1.0,32
M,source_head0,206,0.13428737223148346,1.0,32
M,source_head0,207,0.30391088128089905,0.96875,32
M,source_head0,208,0.3594225347042084,1.0,32
M,source_head0,209,0.4190495014190674,0.90625,32
M,source_head0,210,0.20978504419326782,1.0,32
M,source_head0,211,0.5599421262741089,0.9375,32
M,source_head0,212,0.40241438150405884,0.96875,32
M,source_head0,213,0.26863640546798706,1.0,32
M,source_head0,214,0.3584367632865906,0.96875,32
M,source_head0,215,0.19200536608695984,1.0,32
M,source_head0,216,0.36097317934036255,0.96875,32
M,source_head0,217,0.1833454966545105,1.0,32
M,source_head0,218,0.19502338767051697,1.0,32
M,source_head0,219,0.3670550584793091,1.0,32
M,source_head0,220,0.5170469284057617,0.96875,32
M,source_head0,221,0.4792338013648987,0.96875,32
M,source_head0,222,0.5699740648269653,0.90625,32
M,source_head0,223,0.3507499098777771,1.0,32
M,source_head1,192,0.49639105796813965,1.0,32
M,source_head1,193,0.2651338577270508,1.0,32
M,source_head1,194,0.392741858959198,0.96875,32
M,source_head1,195,0.45885545015335083,1.0,32
M,source_head1,196,0.28893306851387024,1.0,32
M,source_head1,197,0.4351581335067749,0.96875,32
M,source_head1,198,0.2186175286769867,1.0,32
M,source_head1,199,0.24359485507011414,1.0,32
M,source_head1,200,0.4471248388290405,0.96875,32
M,source_head1,201,0.4815591871738434,1.0,32
M,source_head1,202,0.3212968707084656,0.96875,32
M,source_head1,203,0.4498303532600403,0.9375,32
M,source_head1,204,0.30633223056793213,0.96875,32
M,source_head1,205,0.1356911063194275,1.0,32
M,source_head1,206,0.29312002658843994,1.0,32
M,source_head1,207,0.7406100034713745,0.9375,32
M,source_head1,208,0.622559130191803,0.96875,32
M,source_head1,209,0.48757827281951904,0.96875,32
M,source_head1,210,0.35757243633270264,1.0,32
M,source_head1,211,0.4214686453342438,0.96875,32
M,source_head1,212,0.6145047545433044,0.96875,32
M,source_head1,213,0.38516509532928467,1.0,32
M,source_head1,214,0.6814393997192383,0.90625,32
M,source_head1,215,0.24377945065498352,1.0,32
M,source_head1,216,0.5675454139709473,0.96875,32
M,source_head1,217,0.2602531611919403,1.0,32
M,source_head1,218,0.19259309768676758,1.0,32
M,source_head1,219,0.4903644323348999,1.0,32
M,source_head1,220,0.6002480983734131,0.96875,32
M,source_head1,221,0.5384477972984314,0.9375,32
M,source_head1,222,0.610252857208252,0.9375,32
M,source_head1,223,0.4173099398612976,0.96875,32
M,source_both,192,0.017094533890485764,1.0,32
M,source_both,193,0.018204975873231888,1.0,32
M,source_both,194,0.024798963218927383,1.0,32
M,source_both,195,0.02091038227081299,1.0,32
M,source_both,196,0.018371477723121643,1.0,32
M,source_both,197,0.020980753004550934,1.0,32
M,source_both,198,0.016794908791780472,1.0,32
M,source_both,199,0.018379751592874527,1.0,32
M,source_both,200,0.0441758818924427,1.0,32
M,source_both,201,0.0567161925137043,1.0,32
M,source_both,202,0.0376998707652092,1.0,32
M,source_both,203,0.01964837685227394,1.0,32
M,source_both,204,0.018736373633146286,1.0,32
M,source_both,205,0.022524865344166756,1.0,32
M,source_both,206,0.023786291480064392,1.0,32
M,source_both,207,0.03089194744825363,1.0,32
M,source_both,208,0.0295188557356596,1.0,32
M,source_both,209,0.1010752022266388,0.96875,32
M,source_both,210,0.01784508116543293,1.0,32
M,source_both,211,0.02972971461713314,1.0,32
M,source_both,212,0.017215803265571594,1.0,32
M,source_both,213,0.020533721894025803,1.0,32
M,source_both,214,0.027273844927549362,1.0,32
M,source_both,215,0.01882759854197502,1.0,32
M,source_both,216,0.016358789056539536,1.0,32
M,source_both,217,0.02654358185827732,1.0,32
M,source_both,218,0.022624293342232704,1.0,32
M,source_both,219,0.03622164577245712,1.0,32
M,source_both,220,0.0672091543674469,1.0,32
M,source_both,221,0.02248525619506836,1.0,32
M,source_both,222,0.10722287744283676,0.96875,32
M,source_both,223,0.03713943064212799,1.0,32
M,baseline,224,2.8641915321350098,0.5625,32
M,baseline,225,2.113976001739502,0.75,32
M,baseline,226,3.1436386108398438,0.5625,32
M,baseline,227,2.8012478351593018,0.625,32
M,baseline,228,2.9120993614196777,0.59375,32
M,baseline,229,1.9059321880340576,0.71875,32
M,baseline,230,3.4554646015167236,0.5625,32
M,baseline,231,3.0263864994049072,0.625,32
M,baseline,232,3.48874568939209,0.5,32
M,baseline,233,3.211552858352661,0.53125,32
M,baseline,234,2.6340737342834473,0.625,32
M,baseline,235,3.4426441192626953,0.53125,32
M,baseline,236,2.5323827266693115,0.65625,32
M,baseline,237,3.9414103031158447,0.5,32
M,baseline,238,2.3189244270324707,0.6875,32
M,baseline,239,2.8748528957366943,0.5625,32
M,baseline,240,3.329806327819824,0.5625,32
M,baseline,241,3.315614938735962,0.53125,32
M,baseline,242,3.264223098754883,0.5625,32
M,baseline,243,2.081010103225708,0.6875,32
M,baseline,244,2.5766468048095703,0.625,32
M,baseline,245,3.454242706298828,0.5625,32
M,baseline,246,3.4404072761535645,0.53125,32
M,baseline,247,3.0276126861572266,0.5625,32
M,baseline,248,2.3652517795562744,0.6875,32
M,baseline,249,2.404773473739624,0.6875,32
M,baseline,250,3.398298978805542,0.5625,32
M,baseline,251,3.605170726776123,0.53125,32
M,baseline,252,3.2213077545166016,0.625,32
M,baseline,253,2.156559467315674,0.75,32
M,baseline,254,3.1872353553771973,0.59375,32
M,baseline,255,2.57442045211792,0.625,32
M,replay,224,2.8641915321350098,0.5625,32
M,replay,225,2.113976001739502,0.75,32
M,replay,226,3.1436386108398438,0.5625,32
M,replay,227,2.8012478351593018,0.625,32
M,replay,228,2.9120993614196777,0.59375,32
M,replay,229,1.9059321880340576,0.71875,32
M,replay,230,3.4554646015167236,0.5625,32
M,replay,231,3.0263864994049072,0.625,32
M,replay,232,3.48874568939209,0.5,32
M,replay,233,3.211552858352661,0.53125,32
M,replay,234,2.6340737342834473,0.625,32
M,replay,235,3.4426441192626953,0.53125,32
M,replay,236,2.5323827266693115,0.65625,32
M,replay,237,3.9414103031158447,0.5,32
M,replay,238,2.3189244270324707,0.6875,32
M,replay,239,2.8748528957366943,0.5625,32
M,replay,240,3.329806327819824,0.5625,32
M,replay,241,3.315614938735962,0.53125,32
M,replay,242,3.264223098754883,0.5625,32
M,replay,243,2.081010103225708,0.6875,32
M,replay,244,2.5766468048095703,0.625,32
M,replay,245,3.454242706298828,0.5625,32
M,replay,246,3.4404072761535645,0.53125,32
M,replay,247,3.0276126861572266,0.5625,32
M,replay,248,2.3652517795562744,0.6875,32
M,replay,249,2.404773473739624,0.6875,32
M,replay,250,3.398298978805542,0.5625,32
M,replay,251,3.605170726776123,0.53125,32
M,replay,252,3.2213077545166016,0.625,32
M,replay,253,2.156559467315674,0.75,32
M,replay,254,3.1872353553771973,0.59375,32
M,replay,255,2.57442045211792,0.625,32
M,source_head0,224,0.3906373977661133,1.0,32
M,source_head0,225,0.40209025144577026,0.9375,32
M,source_head0,226,0.2794971466064453,1.0,32
M,source_head0,227,0.5322896838188171,0.96875,32
M,source_head0,228,0.31918853521347046,0.96875,32
M,source_head0,229,0.45218002796173096,0.96875,32
M,source_head0,230,0.2775953412055969,0.96875,32
M,source_head0,231,0.2559591233730316,1.0,32
M,source_head0,232,0.39849725365638733,0.96875,32
M,source_head0,233,0.3737182915210724,1.0,32
M,source_head0,234,0.5176385641098022,0.9375,32
M,source_head0,235,0.30047672986984253,1.0,32
M,source_head0,236,0.20392729341983795,1.0,32
M,source_head0,237,0.5801483392715454,0.9375,32
M,source_head0,238,0.18851295113563538,1.0,32
M,source_head0,239,0.19020406901836395,1.0,32
M,source_head0,240,0.3798368573188782,0.96875,32
M,source_head0,241,0.36593180894851685,0.96875,32
M,source_head0,242,0.355637788772583,1.0,32
M,source_head0,243,0.24220576882362366,1.0,32
M,source_head0,244,0.5289328098297119,0.9375,32
M,source_head0,245,0.5799961090087891,0.90625,32
M,source_head0,246,0.5582623481750488,0.90625,32
M,source_head0,247,0.5524986982345581,0.9375,32
M,source_head0,248,0.34526997804641724,1.0,32
M,source_head0,249,0.19119799137115479,0.96875,32
M,source_head0,250,0.5771161913871765,0.9375,32
M,source_head0,251,0.401457816362381,0.9375,32
M,source_head0,252,0.3149081766605377,0.96875,32
M,source_head0,253,0.2218213826417923,1.0,32
M,source_head0,254,0.6373547911643982,0.9375,32
M,source_head0,255,0.26786792278289795,1.0,32
M,source_head1,224,0.4703841209411621,1.0,32
M,source_head1,225,0.3354003429412842,0.96875,32
M,source_head1,226,0.24943217635154724,1.0,32
M,source_head1,227,0.49546369910240173,0.96875,32
M,source_head1,228,0.6532003879547119,0.96875,32
M,source_head1,229,0.5513924360275269,0.9375,32
M,source_head1,230,0.5045076608657837,0.96875,32
M,source_head1,231,0.4352344274520874,0.96875,32
M,source_head1,232,0.5722460746765137,0.96875,32
M,source_head1,233,0.47121500968933105,0.9375,32
M,source_head1,234,0.670655369758606,0.9375,32
M,source_head1,235,0.3739635944366455,1.0,32
M,source_head1,236,0.26425701379776,0.96875,32
M,source_head1,237,0.6284998655319214,0.96875,32
M,source_head1,238,0.5257320404052734,1.0,32
M,source_head1,239,0.5068750381469727,1.0,32
M,source_head1,240,0.42566901445388794,1.0,32
M,source_head1,241,0.5914591550827026,0.9375,32
M,source_head1,242,0.45363929867744446,0.9375,32
M,source_head1,243,0.2025831639766693,1.0,32
M,source_head1,244,0.517075777053833,0.96875,32
M,source_head1,245,0.6065590381622314,0.9375,32
M,source_head1,246,0.9143322706222534,0.90625,32
M,source_head1,247,0.7564701437950134,0.9375,32
M,source_head1,248,0.40729832649230957,1.0,32
M,source_head1,249,0.35436275601387024,1.0,32
M,source_head1,250,0.705842912197113,0.90625,32
M,source_head1,251,0.6528115272521973,0.9375,32
M,source_head1,252,0.3402211666107178,0.9375,32
M,source_head1,253,0.29533523321151733,0.96875,32
M,source_head1,254,0.6291409134864807,0.9375,32
M,source_head1,255,0.2767347991466522,1.0,32
M,source_both,224,0.015849849209189415,1.0,32
M,source_both,225,0.2206469476222992,0.96875,32
M,source_both,226,0.014262760989367962,1.0,32
M,source_both,227,0.03335060551762581,1.0,32
M,source_both,228,0.023208383470773697,1.0,32
M,source_both,229,0.039866380393505096,1.0,32
M,source_both,230,0.020334871485829353,1.0,32
M,source_both,231,0.020253242924809456,1.0,32
M,source_both,232,0.021431121975183487,1.0,32
M,source_both,233,0.02839629352092743,1.0,32
M,source_both,234,0.1336911916732788,1.0,32
M,source_both,235,0.01439167931675911,1.0,32
M,source_both,236,0.015930797904729843,1.0,32
M,source_both,237,0.022484024986624718,1.0,32
M,source_both,238,0.02071259170770645,1.0,32
M,source_both,239,0.01812046952545643,1.0,32
M,source_both,240,0.019051900133490562,1.0,32
M,source_both,241,0.017336245626211166,1.0,32
M,source_both,242,0.027159610763192177,1.0,32
M,source_both,243,0.017684007063508034,1.0,32
M,source_both,244,0.041726063936948776,1.0,32
M,source_both,245,0.02690979838371277,1.0,32
M,source_both,246,0.02847324311733246,1.0,32
M,source_both,247,0.19615888595581055,0.9375,32
M,source_both,248,0.047792743891477585,1.0,32
M,source_both,249,0.019036993384361267,1.0,32
M,source_both,250,0.023160476237535477,1.0,32
M,source_both,251,0.020029481500387192,1.0,32
M,source_both,252,0.014178925193846226,1.0,32
M,source_both,253,0.05816272273659706,1.0,32
M,source_both,254,0.08881475776433945,1.0,32
M,source_both,255,0.022862255573272705,1.0,32
B,baseline,0,2.1174185276031494,0.6875,32
B,baseline,1,2.563678503036499,0.5625,32
B,baseline,2,2.4992568492889404,0.625,32
B,baseline,3,1.8809324502944946,0.6875,32
B,baseline,4,3.5674896240234375,0.5,32
B,baseline,5,2.5579395294189453,0.625,32
B,baseline,6,1.8431726694107056,0.75,32
B,baseline,7,3.6720614433288574,0.46875,32
B,baseline,8,3.1462368965148926,0.5,32
B,baseline,9,2.935028076171875,0.59375,32
B,baseline,10,2.9644775390625,0.53125,32
B,baseline,11,1.9953477382659912,0.65625,32
B,baseline,12,2.3039278984069824,0.65625,32
B,baseline,13,3.1460442543029785,0.53125,32
B,baseline,14,2.88724946975708,0.53125,32
B,baseline,15,2.953460693359375,0.53125,32
B,baseline,16,2.219244956970215,0.65625,32
B,baseline,17,2.9723615646362305,0.625,32
B,baseline,18,3.551515579223633,0.53125,32
B,baseline,19,1.9866738319396973,0.6875,32
B,baseline,20,2.544127941131592,0.625,32
B,baseline,21,2.8527371883392334,0.59375,32
B,baseline,22,3.126523494720459,0.59375,32
B,baseline,23,3.0279183387756348,0.53125,32
B,baseline,24,1.7180317640304565,0.75,32
B,baseline,25,3.1405370235443115,0.5625,32
B,baseline,26,2.859165668487549,0.53125,32
B,baseline,27,2.3155910968780518,0.625,32
B,baseline,28,2.2151639461517334,0.6875,32
B,baseline,29,3.887862205505371,0.40625,32
B,baseline,30,2.9931769371032715,0.53125,32
B,baseline,31,2.0976901054382324,0.65625,32
B,replay,0,2.1174185276031494,0.6875,32
B,replay,1,2.563678503036499,0.5625,32
B,replay,2,2.4992568492889404,0.625,32
B,replay,3,1.8809324502944946,0.6875,32
B,replay,4,3.5674896240234375,0.5,32
B,replay,5,2.5579395294189453,0.625,32
B,replay,6,1.8431726694107056,0.75,32
B,replay,7,3.6720614433288574,0.46875,32
B,replay,8,3.1462368965148926,0.5,32
B,replay,9,2.935028076171875,0.59375,32
B,replay,10,2.9644775390625,0.53125,32
B,replay,11,1.9953477382659912,0.65625,32
B,replay,12,2.3039278984069824,0.65625,32
B,replay,13,3.1460442543029785,0.53125,32
B,replay,14,2.88724946975708,0.53125,32
B,replay,15,2.953460693359375,0.53125,32
B,replay,16,2.219244956970215,0.65625,32
B,replay,17,2.9723615646362305,0.625,32
B,replay,18,3.551515579223633,0.53125,32
B,replay,19,1.9866738319396973,0.6875,32
B,replay,20,2.544127941131592,0.625,32
B,replay,21,2.8527371883392334,0.59375,32
B,replay,22,3.126523494720459,0.59375,32
B,replay,23,3.0279183387756348,0.53125,32
B,replay,24,1.7180317640304565,0.75,32
B,replay,25,3.1405370235443115,0.5625,32
B,replay,26,2.859165668487549,0.53125,32
B,replay,27,2.3155910968780518,0.625,32
B,replay,28,2.2151639461517334,0.6875,32
B,replay,29,3.887862205505371,0.40625,32
B,replay,30,2.9931769371032715,0.53125,32
B,replay,31,2.0976901054382324,0.65625,32
B,source_head0,0,0.33698752522468567,1.0,32
B,source_head0,1,0.38722291588783264,0.96875,32
B,source_head0,2,0.7474870681762695,0.9375,32
B,source_head0,3,0.42281875014305115,1.0,32
B,source_head0,4,1.484950304031372,0.84375,32
B,source_head0,5,0.7571309804916382,0.90625,32
B,source_head0,6,0.49759161472320557,0.96875,32
B,source_head0,7,0.9452489614486694,0.90625,32
B,source_head0,8,0.6754491329193115,0.90625,32
B,source_head0,9,0.7259706258773804,0.96875,32
B,source_head0,10,0.6179925203323364,0.96875,32
B,source_head0,11,0.6826227307319641,0.90625,32
B,source_head0,12,0.4345967471599579,1.0,32
B,source_head0,13,0.7881634831428528,0.90625,32
B,source_head0,14,0.6531087160110474,0.96875,32
B,source_head0,15,0.5913621783256531,0.9375,32
B,source_head0,16,0.9513898491859436,0.875,32
B,source_head0,17,0.5389705896377563,0.9375,32
B,source_head0,18,1.1820565462112427,0.90625,32
B,source_head0,19,0.3876163363456726,1.0,32
B,source_head0,20,0.6974974870681763,0.9375,32
B,source_head0,21,0.7127880454063416,0.9375,32
B,source_head0,22,0.7388296127319336,0.90625,32
B,source_head0,23,0.6808576583862305,0.9375,32
B,source_head0,24,0.5105910301208496,0.96875,32
B,source_head0,25,0.7013647556304932,0.9375,32
B,source_head0,26,0.6549420356750488,1.0,32
B,source_head0,27,0.5647544860839844,0.96875,32
B,source_head0,28,0.49710148572921753,0.96875,32
B,source_head0,29,0.7958673238754272,1.0,32
B,source_head0,30,0.6803792119026184,0.96875,32
B,source_head0,31,0.37753891944885254,1.0,32
B,source_head1,0,0.3757179379463196,0.96875,32
B,source_head1,1,0.4453745484352112,0.96875,32
B,source_head1,2,0.3314529061317444,0.9375,32
B,source_head1,3,0.24089933931827545,1.0,32
B,source_head1,4,0.6259170770645142,0.875,32
B,source_head1,5,0.6374794244766235,0.9375,32
B,source_head1,6,0.5533143877983093,0.9375,32
B,source_head1,7,0.6890163421630859,0.9375,32
B,source_head1,8,0.8975820541381836,0.84375,32
B,source_head1,9,0.6057471036911011,0.90625,32
B,source_head1,10,0.5956517457962036,0.96875,32
B,source_head1,11,0.6576050519943237,0.84375,32
B,source_head1,12,0.26222503185272217,0.96875,32
B,source_head1,13,0.3927096128463745,0.90625,32
B,source_head1,14,0.3722790479660034,0.96875,32
B,source_head1,15,0.3768351972103119,0.9375,32
B,source_head1,16,0.7518005967140198,0.84375,32
B,source_head1,17,0.7504642009735107,0.9375,32
B,source_head1,18,0.8905649185180664,0.84375,32
B,source_head1,19,0.5216913819313049,0.90625,32
B,source_head1,20,0.5679621696472168,0.9375,32
B,source_head1,21,0.460109144449234,0.9375,32
B,source_head1,22,0.7261958122253418,0.90625,32
B,source_head1,23,0.4678262174129486,0.96875,32
B,source_head1,24,0.5456568598747253,0.96875,32
B,source_head1,25,0.6599377989768982,0.9375,32
B,source_head1,26,0.4682793915271759,1.0,32
B,source_head1,27,0.5495116114616394,0.90625,32
B,source_head1,28,0.3296321630477905,0.9375,32
B,source_head1,29,0.5306547284126282,0.9375,32
B,source_head1,30,0.694515585899353,0.9375,32
B,source_head1,31,0.4115194082260132,0.9375,32
B,source_both,0,0.10142350196838379,1.0,32
B,source_both,1,0.1582641303539276,0.96875,32
B,source_both,2,0.21842873096466064,0.96875,32
B,source_both,3,0.17880743741989136,1.0,32
B,source_both,4,0.26718905568122864,0.90625,32
B,source_both,5,0.3958437144756317,0.96875,32
B,source_both,6,0.17135405540466309,0.96875,32
B,source_both,7,0.2802931070327759,0.96875,32
B,source_both,8,0.21764667332172394,0.96875,32
B,source_both,9,0.18707475066184998,1.0,32
B,source_both,10,0.2565767467021942,0.96875,32
B,source_both,11,0.32112374901771545,0.90625,32
B,source_both,12,0.14973020553588867,0.96875,32
B,source_both,13,0.12603524327278137,1.0,32
B,source_both,14,0.1441260725259781,1.0,32
B,source_both,15,0.09273846447467804,1.0,32
B,source_both,16,0.3717575669288635,0.9375,32
B,source_both,17,0.16188646852970123,0.96875,32
B,source_both,18,0.5512662529945374,0.90625,32
B,source_both,19,0.13070647418498993,1.0,32
B,source_both,20,0.16236191987991333,0.96875,32
B,source_both,21,0.2555873692035675,0.96875,32
B,source_both,22,0.4478403925895691,0.96875,32
B,source_both,23,0.10585564374923706,1.0,32
B,source_both,24,0.37588733434677124,0.96875,32
B,source_both,25,0.13875123858451843,1.0,32
B,source_both,26,0.15341293811798096,1.0,32
B,source_both,27,0.09805013239383698,1.0,32
B,source_both,28,0.11194239556789398,1.0,32
B,source_both,29,0.13718517124652863,1.0,32
B,source_both,30,0.12082717567682266,1.0,32
B,source_both,31,0.14553557336330414,1.0,32
B,baseline,32,3.859361171722412,0.46875,32
B,baseline,33,2.388396739959717,0.65625,32
B,baseline,34,3.3637657165527344,0.5625,32
B,baseline,35,3.0127320289611816,0.53125,32
B,baseline,36,2.879916191101074,0.625,32
B,baseline,37,1.9012210369110107,0.71875,32
B,baseline,38,2.0629448890686035,0.6875,32
B,baseline,39,2.5728628635406494,0.625,32
B,baseline,40,3.7115578651428223,0.4375,32
B,baseline,41,2.3531100749969482,0.59375,32
B,baseline,42,2.2513365745544434,0.71875,32
B,baseline,43,2.9611237049102783,0.5625,32
B,baseline,44,1.829681634902954,0.78125,32
B,baseline,45,2.5161261558532715,0.625,32
B,baseline,46,2.6415653228759766,0.59375,32
B,baseline,47,3.020561456680298,0.53125,32
B,baseline,48,2.5629611015319824,0.65625,32
B,baseline,49,2.514326810836792,0.59375,32
B,baseline,50,3.0132734775543213,0.5625,32
B,baseline,51,2.4055213928222656,0.625,32
B,baseline,52,2.426046371459961,0.6875,32
B,baseline,53,1.6003692150115967,0.75,32
B,baseline,54,2.882018566131592,0.5625,32
B,baseline,55,2.001432180404663,0.6875,32
B,baseline,56,3.381216526031494,0.5,32
B,baseline,57,2.282083749771118,0.71875,32
B,baseline,58,2.90975022315979,0.5625,32
B,baseline,59,2.2487635612487793,0.65625,32
B,baseline,60,2.114935874938965,0.6875,32
B,baseline,61,2.184957981109619,0.6875,32
B,baseline,62,2.753919839859009,0.59375,32
B,baseline,63,2.5253214836120605,0.625,32
B,replay,32,3.859361171722412,0.46875,32
B,replay,33,2.388396739959717,0.65625,32
B,replay,34,3.3637657165527344,0.5625,32
B,replay,35,3.0127320289611816,0.53125,32
B,replay,36,2.879916191101074,0.625,32
B,replay,37,1.9012210369110107,0.71875,32
B,replay,38,2.0629448890686035,0.6875,32
B,replay,39,2.5728628635406494,0.625,32
B,replay,40,3.7115578651428223,0.4375,32
B,replay,41,2.3531100749969482,0.59375,32
B,replay,42,2.2513365745544434,0.71875,32
B,replay,43,2.9611237049102783,0.5625,32
B,replay,44,1.829681634902954,0.78125,32
B,replay,45,2.5161261558532715,0.625,32
B,replay,46,2.6415653228759766,0.59375,32
B,replay,47,3.020561456680298,0.53125,32
B,replay,48,2.5629611015319824,0.65625,32
B,replay,49,2.514326810836792,0.59375,32
B,replay,50,3.0132734775543213,0.5625,32
B,replay,51,2.4055213928222656,0.625,32
B,replay,52,2.426046371459961,0.6875,32
B,replay,53,1.6003692150115967,0.75,32
B,replay,54,2.882018566131592,0.5625,32
B,replay,55,2.001432180404663,0.6875,32
B,replay,56,3.381216526031494,0.5,32
B,replay,57,2.282083749771118,0.71875,32
B,replay,58,2.90975022315979,0.5625,32
B,replay,59,2.2487635612487793,0.65625,32
B,replay,60,2.114935874938965,0.6875,32
B,replay,61,2.184957981109619,0.6875,32
B,replay,62,2.753919839859009,0.59375,32
B,replay,63,2.5253214836120605,0.625,32
B,source_head0,32,1.0752103328704834,0.9375,32
B,source_head0,33,0.5234437584877014,0.9375,32
B,source_head0,34,1.2263550758361816,0.875,32
B,source_head0,35,0.7455224990844727,0.90625,32
B,source_head0,36,0.9907068014144897,0.84375,32
B,source_head0,37,0.7979432344436646,0.875,32
B,source_head0,38,0.38257282972335815,1.0,32
B,source_head0,39,0.7440763711929321,0.9375,32
B,source_head0,40,0.8418596386909485,0.96875,32
B,source_head0,41,0.8840369582176208,0.9375,32
B,source_head0,42,0.5314513444900513,0.96875,32
B,source_head0,43,0.7703366875648499,0.9375,32
B,source_head0,44,0.39699825644493103,0.96875,32
B,source_head0,45,0.6051983833312988,0.9375,32
B,source_head0,46,0.39922550320625305,1.0,32
B,source_head0,47,0.7352917194366455,0.9375,32
B,source_head0,48,0.5299643278121948,0.9375,32
B,source_head0,49,0.7212585806846619,0.90625,32
B,source_head0,50,0.6155440807342529,0.90625,32
B,source_head0,51,0.6874822378158569,0.96875,32
B,source_head0,52,0.7936515808105469,0.9375,32
B,source_head0,53,0.42152726650238037,0.96875,32
B,source_head0,54,0.5973318815231323,0.96875,32
B,source_head0,55,0.38677531480789185,1.0,32
B,source_head0,56,1.0475618839263916,0.9375,32
B,source_head0,57,0.8621039986610413,0.90625,32
B,source_head0,58,0.6194971799850464,0.90625,32
B,source_head0,59,0.5101982355117798,0.96875,32
B,source_head0,60,0.6492877006530762,0.96875,32
B,source_head0,61,0.39273589849472046,1.0,32
B,source_head0,62,0.5593515038490295,0.96875,32
B,source_head0,63,0.44577518105506897,0.96875,32
B,source_head1,32,0.8694372773170471,0.90625,32
B,source_head1,33,0.41741156578063965,0.9375,32
B,source_head1,34,0.9541641473770142,0.875,32
B,source_head1,35,0.5689232349395752,0.90625,32
B,source_head1,36,1.0207371711730957,0.8125,32
B,source_head1,37,0.4633927345275879,0.90625,32
B,source_head1,38,0.22790074348449707,1.0,32
B,source_head1,39,0.8318624496459961,0.875,32
B,source_head1,40,0.4768534302711487,0.96875,32
B,source_head1,41,0.9208845496177673,0.84375,32
B,source_head1,42,0.4475885033607483,0.96875,32
B,source_head1,43,0.5042083263397217,0.875,32
B,source_head1,44,0.31341636180877686,1.0,32
B,source_head1,45,0.5256991386413574,0.96875,32
B,source_head1,46,0.27715831995010376,0.9375,32
B,source_head1,47,0.7273998260498047,0.875,32
B,source_head1,48,0.41089269518852234,0.9375,32
B,source_head1,49,0.5871683359146118,0.90625,32
B,source_head1,50,0.43860507011413574,0.90625,32
B,source_head1,51,0.3682282865047455,1.0,32
B,source_head1,52,1.0364627838134766,0.90625,32
B,source_head1,53,0.2625061869621277,1.0,32
B,source_head1,54,0.48020464181900024,1.0,32
B,source_head1,55,0.5315883159637451,0.96875,32
B,source_head1,56,0.7115545272827148,0.9375,32
B,source_head1,57,0.614682137966156,0.875,32
B,source_head1,58,0.4152945876121521,0.96875,32
B,source_head1,59,0.3616897463798523,0.9375,32
B,source_head1,60,0.5480045676231384,0.9375,32
B,source_head1,61,0.3156936764717102,0.96875,32
B,source_head1,62,0.5688725113868713,0.90625,32
B,source_head1,63,0.47012799978256226,0.96875,32
B,source_both,32,0.27797582745552063,0.96875,32
B,source_both,33,0.10110127925872803,1.0,32
B,source_both,34,0.4043613076210022,0.90625,32
B,source_both,35,0.09937770664691925,1.0,32
B,source_both,36,0.36517012119293213,0.96875,32
B,source_both,37,0.17524707317352295,1.0,32
B,source_both,38,0.11911875009536743,1.0,32
B,source_both,39,0.34445542097091675,0.9375,32
B,source_both,40,0.08844003081321716,1.0,32
B,source_both,41,0.3408196270465851,0.96875,32
B,source_both,42,0.235319584608078,1.0,32
B,source_both,43,0.17552074790000916,0.96875,32
B,source_both,44,0.12717077136039734,1.0,32
B,source_both,45,0.1877095103263855,0.96875,32
B,source_both,46,0.08829870820045471,1.0,32
B,source_both,47,0.2464521825313568,0.96875,32
B,source_both,48,0.09719692170619965,1.0,32
B,source_both,49,0.2310328334569931,0.96875,32
B,source_both,50,0.09094255417585373,1.0,32
B,source_both,51,0.08140143752098083,1.0,32
B,source_both,52,0.28087589144706726,1.0,32
B,source_both,53,0.09364733099937439,1.0,32
B,source_both,54,0.11896815896034241,1.0,32
B,source_both,55,0.2385677695274353,1.0,32
B,source_both,56,0.18572363257408142,1.0,32
B,source_both,57,0.334264874458313,0.96875,32
B,source_both,58,0.1272100806236267,1.0,32
B,source_both,59,0.21128574013710022,0.96875,32
B,source_both,60,0.27845245599746704,1.0,32
B,source_both,61,0.07439760118722916,1.0,32
B,source_both,62,0.13224613666534424,1.0,32
B,source_both,63,0.09390048682689667,1.0,32
B,baseline,64,2.048497438430786,0.71875,32
B,baseline,65,1.8124241828918457,0.71875,32
B,baseline,66,1.4599778652191162,0.78125,32
B,baseline,67,2.400327682495117,0.65625,32
B,baseline,68,2.7037265300750732,0.59375,32
B,baseline,69,2.8781914710998535,0.5625,32
B,baseline,70,3.6052074432373047,0.46875,32
B,baseline,71,3.214709758758545,0.5,32
B,baseline,72,2.949985980987549,0.53125,32
B,baseline,73,2.8754711151123047,0.625,32
B,baseline,74,2.8382034301757812,0.5625,32
B,baseline,75,3.060044765472412,0.5,32
B,baseline,76,2.2611942291259766,0.71875,32
B,baseline,77,2.7810652256011963,0.5625,32
B,baseline,78,2.134439468383789,0.65625,32
B,baseline,79,2.2278103828430176,0.65625,32
B,baseline,80,2.049126386642456,0.75,32
B,baseline,81,1.820939302444458,0.71875,32
B,baseline,82,2.711632251739502,0.5625,32
B,baseline,83,3.1707725524902344,0.5,32
B,baseline,84,2.6645655632019043,0.59375,32
B,baseline,85,2.4878673553466797,0.59375,32
B,baseline,86,1.850307583808899,0.75,32
B,baseline,87,2.218839168548584,0.6875,32
B,baseline,88,2.5435500144958496,0.625,32
B,baseline,89,3.0735530853271484,0.53125,32
B,baseline,90,3.2540879249572754,0.5,32
B,baseline,91,3.3144736289978027,0.46875,32
B,baseline,92,3.6495442390441895,0.5,32
B,baseline,93,2.8807263374328613,0.53125,32
B,baseline,94,1.9304580688476562,0.71875,32
B,baseline,95,2.427258014678955,0.625,32
B,replay,64,2.048497438430786,0.71875,32
B,replay,65,1.8124241828918457,0.71875,32
B,replay,66,1.4599778652191162,0.78125,32
B,replay,67,2.400327682495117,0.65625,32
B,replay,68,2.7037265300750732,0.59375,32
B,replay,69,2.8781914710998535,0.5625,32
B,replay,70,3.6052074432373047,0.46875,32
B,replay,71,3.214709758758545,0.5,32
B,replay,72,2.949985980987549,0.53125,32
B,replay,73,2.8754711151123047,0.625,32
B,replay,74,2.8382034301757812,0.5625,32
B,replay,75,3.060044765472412,0.5,32
B,replay,76,2.2611942291259766,0.71875,32
B,replay,77,2.7810652256011963,0.5625,32
B,replay,78,2.134439468383789,0.65625,32
B,replay,79,2.2278103828430176,0.65625,32
B,replay,80,2.049126386642456,0.75,32
B,replay,81,1.820939302444458,0.71875,32
B,replay,82,2.711632251739502,0.5625,32
B,replay,83,3.1707725524902344,0.5,32
B,replay,84,2.6645655632019043,0.59375,32
B,replay,85,2.4878673553466797,0.59375,32
B,replay,86,1.850307583808899,0.75,32
B,replay,87,2.218839168548584,0.6875,32
B,replay,88,2.5435500144958496,0.625,32
B,replay,89,3.0735530853271484,0.53125,32
B,replay,90,3.2540879249572754,0.5,32
B,replay,91,3.3144736289978027,0.46875,32
B,replay,92,3.6495442390441895,0.5,32
B,replay,93,2.8807263374328613,0.53125,32
B,replay,94,1.9304580688476562,0.71875,32
B,replay,95,2.427258014678955,0.625,32
B,source_head0,64,0.42562443017959595,0.96875,32
B,source_head0,65,0.4150022864341736,1.0,32
B,source_head0,66,0.38503482937812805,0.96875,32
B,source_head0,67,0.4906981289386749,1.0,32
B,source_head0,68,0.6610956192016602,0.96875,32
B,source_head0,69,0.6689724922180176,0.9375,32
B,source_head0,70,0.6077766418457031,0.96875,32
B,source_head0,71,0.8273440003395081,0.9375,32
B,source_head0,72,0.6030035614967346,0.96875,32
B,source_head0,73,0.7269432544708252,0.96875,32
B,source_head0,74,0.5440776348114014,0.96875,32
B,source_head0,75,0.9432141184806824,0.875,32
B,source_head0,76,0.42006587982177734,0.96875,32
B,source_head0,77,0.7666977047920227,0.90625,32
B,source_head0,78,0.4761188328266144,0.96875,32
B,source_head0,79,0.4521874487400055,1.0,32
B,source_head0,80,0.4341427683830261,0.96875,32
B,source_head0,81,0.3589007556438446,1.0,32
B,source_head0,82,0.38522982597351074,1.0,32
B,source_head0,83,0.6713935136795044,0.96875,32
B,source_head0,84,0.5280579924583435,0.96875,32
B,source_head0,85,0.6380184888839722,0.9375,32
B,source_head0,86,0.5362442135810852,1.0,32
B,source_head0,87,0.6409674882888794,0.9375,32
B,source_head0,88,0.7302783727645874,0.90625,32
B,source_head0,89,0.9196470975875854,0.90625,32
B,source_head0,90,0.5490953922271729,0.96875,32
B,source_head0,91,0.5641690492630005,1.0,32
B,source_head0,92,0.8913628458976746,0.9375,32
B,source_head0,93,0.6320325136184692,0.9375,32
B,source_head0,94,0.6177501678466797,0.9375,32
B,source_head0,95,0.4870147109031677,1.0,32
B,source_head1,64,0.4497981369495392,0.9375,32
B,source_head1,65,0.4474056363105774,0.9375,32
B,source_head1,66,0.23708483576774597,0.96875,32
B,source_head1,67,0.7110438346862793,0.9375,32
B,source_head1,68,0.46629053354263306,0.96875,32
B,source_head1,69,0.5614269971847534,0.9375,32
B,source_head1,70,0.5797837376594543,0.875,32
B,source_head1,71,0.5462366938591003,0.90625,32
B,source_head1,72,0.6664011478424072,0.90625,32
B,source_head1,73,0.4075503647327423,0.96875,32
B,source_head1,74,0.46299171447753906,0.96875,32
B,source_head1,75,0.7851537466049194,0.8125,32
B,source_head1,76,0.35551124811172485,0.96875,32
B,source_head1,77,0.5154933929443359,0.90625,32
B,source_head1,78,0.4468666911125183,0.96875,32
B,source_head1,79,0.30427461862564087,0.96875,32
B,source_head1,80,0.4712674021720886,0.90625,32
B,source_head1,81,0.6220300197601318,0.90625,32
B,source_head1,82,0.5599144101142883,0.90625,32
B,source_head1,83,0.3347257673740387,0.9375,32
B,source_head1,84,0.5055750608444214,0.9375,32
B,source_head1,85,0.3834109902381897,0.96875,32
B,source_head1,86,0.4243234694004059,0.96875,32
B,source_head1,87,0.6144528985023499,0.9375,32
B,source_head1,88,0.35221391916275024,0.9375,32
B,source_head1,89,0.7895950078964233,0.90625,32
B,source_head1,90,0.55964595079422,0.9375,32
B,source_head1,91,0.25012004375457764,0.96875,32
B,source_head1,92,0.4625183045864105,1.0,32
B,source_head1,93,0.9082015752792358,0.84375,32
B,source_head1,94,0.4456159472465515,0.9375,32
B,source_head1,95,0.30340713262557983,0.96875,32
B,source_both,64,0.13934417068958282,1.0,32
B,source_both,65,0.13342031836509705,1.0,32
B,source_both,66,0.10388299822807312,1.0,32
B,source_both,67,0.19983913004398346,1.0,32
B,source_both,68,0.2078959047794342,0.96875,32
B,source_both,69,0.11125461012125015,1.0,32
B,source_both,70,0.10439418256282806,1.0,32
B,source_both,71,0.20109856128692627,0.96875,32
B,source_both,72,0.11044854670763016,1.0,32
B,source_both,73,0.11492826044559479,1.0,32
B,source_both,74,0.11447684466838837,1.0,32
B,source_both,75,0.27160999178886414,0.96875,32
B,source_both,76,0.07948584854602814,1.0,32
B,source_both,77,0.2547667920589447,0.9375,32
B,source_both,78,0.15276548266410828,1.0,32
B,source_both,79,0.08286047726869583,1.0,32
B,source_both,80,0.06645937263965607,1.0,32
B,source_both,81,0.1494579166173935,1.0,32
B,source_both,82,0.10624956339597702,1.0,32
B,source_both,83,0.18951863050460815,0.96875,32
B,source_both,84,0.18748390674591064,1.0,32
B,source_both,85,0.1703704446554184,0.96875,32
B,source_both,86,0.30150169134140015,1.0,32
B,source_both,87,0.23572424054145813,1.0,32
B,source_both,88,0.11470348387956619,1.0,32
B,source_both,89,0.36592188477516174,0.9375,32
B,source_both,90,0.09172551333904266,1.0,32
B,source_both,91,0.08751116693019867,1.0,32
B,source_both,92,0.1607404351234436,1.0,32
B,source_both,93,0.17741276323795319,0.96875,32
B,source_both,94,0.20519158244132996,0.96875,32
B,source_both,95,0.10951752960681915,1.0,32
B,baseline,96,3.489670991897583,0.5,32
B,baseline,97,2.41872239112854,0.59375,32
B,baseline,98,3.1620829105377197,0.5625,32
B,baseline,99,2.529646396636963,0.65625,32
B,baseline,100,2.174910545349121,0.71875,32
B,baseline,101,1.6941213607788086,0.71875,32
B,baseline,102,2.0256552696228027,0.71875,32
B,baseline,103,2.300029754638672,0.65625,32
B,baseline,104,3.099762439727783,0.53125,32
B,baseline,105,2.772221803665161,0.59375,32
B,baseline,106,2.196277141571045,0.6875,32
B,baseline,107,2.5617218017578125,0.5625,32
B,baseline,108,2.4590342044830322,0.625,32
B,baseline,109,2.6514344215393066,0.625,32
B,baseline,110,1.5512754917144775,0.71875,32
B,baseline,111,2.206096649169922,0.6875,32
B,baseline,112,1.8674286603927612,0.6875,32
B,baseline,113,1.9382095336914062,0.6875,32
B,baseline,114,2.4410579204559326,0.65625,32
B,baseline,115,2.5611987113952637,0.59375,32
B,baseline,116,2.150811195373535,0.6875,32
B,baseline,117,1.155316948890686,0.8125,32
B,baseline,118,1.5188603401184082,0.78125,32
B,baseline,119,2.861118793487549,0.59375,32
B,baseline,120,2.0313422679901123,0.6875,32
B,baseline,121,2.8909945487976074,0.5625,32
B,baseline,122,1.5840986967086792,0.78125,32
B,baseline,123,2.551100730895996,0.5625,32
B,baseline,124,2.762023448944092,0.59375,32
B,baseline,125,2.7279858589172363,0.59375,32
B,baseline,126,2.0287413597106934,0.75,32
B,baseline,127,2.347409248352051,0.65625,32
B,replay,96,3.489670991897583,0.5,32
B,replay,97,2.41872239112854,0.59375,32
B,replay,98,3.1620829105377197,0.5625,32
B,replay,99,2.529646396636963,0.65625,32
B,replay,100,2.174910545349121,0.71875,32
B,replay,101,1.6941213607788086,0.71875,32
B,replay,102,2.0256552696228027,0.71875,32
B,replay,103,2.300029754638672,0.65625,32
B,replay,104,3.099762439727783,0.53125,32
B,replay,105,2.772221803665161,0.59375,32
B,replay,106,2.196277141571045,0.6875,32
B,replay,107,2.5617218017578125,0.5625,32
B,replay,108,2.4590342044830322,0.625,32
B,replay,109,2.6514344215393066,0.625,32
B,replay,110,1.5512754917144775,0.71875,32
B,replay,111,2.206096649169922,0.6875,32
B,replay,112,1.8674286603927612,0.6875,32
B,replay,113,1.9382095336914062,0.6875,32
B,replay,114,2.4410579204559326,0.65625,32
B,replay,115,2.5611987113952637,0.59375,32
B,replay,116,2.150811195373535,0.6875,32
B,replay,117,1.155316948890686,0.8125,32
B,replay,118,1.5188603401184082,0.78125,32
B,replay,119,2.861118793487549,0.59375,32
B,replay,120,2.0313422679901123,0.6875,32
B,replay,121,2.8909945487976074,0.5625,32
B,replay,122,1.5840986967086792,0.78125,32
B,replay,123,2.551100730895996,0.5625,32
B,replay,124,2.762023448944092,0.59375,32
B,replay,125,2.7279858589172363,0.59375,32
B,replay,126,2.0287413597106934,0.75,32
B,replay,127,2.347409248352051,0.65625,32
B,source_head0,96,0.7332531213760376,0.96875,32
B,source_head0,97,0.3807339668273926,1.0,32
B,source_head0,98,0.5144762396812439,0.96875,32
B,source_head0,99,0.8366482853889465,0.9375,32
B,source_head0,100,0.4251381754875183,1.0,32
B,source_head0,101,0.2953933775424957,1.0,32
B,source_head0,102,0.4902798533439636,1.0,32
B,source_head0,103,0.6459718942642212,0.96875,32
B,source_head0,104,0.5020525455474854,0.96875,32
B,source_head0,105,0.45555180311203003,1.0,32
B,source_head0,106,0.6982921957969666,0.90625,32
B,source_head0,107,0.5254291892051697,1.0,32
B,source_head0,108,0.4625293016433716,0.96875,32
B,source_head0,109,0.8498231172561646,0.90625,32
B,source_head0,110,0.398659884929657,0.96875,32
B,source_head0,111,0.5904198288917542,1.0,32
B,source_head0,112,0.4423576593399048,0.96875,32
B,source_head0,113,0.5952593088150024,0.9375,32
B,source_head0,114,0.5364676713943481,0.96875,32
B,source_head0,115,0.4569726586341858,1.0,32
B,source_head0,116,0.5551623702049255,0.9375,32
B,source_head0,117,0.3475438952445984,0.9375,32
B,source_head0,118,0.5276466608047485,0.9375,32
B,source_head0,119,0.7734595537185669,0.90625,32
B,source_head0,120,0.35537776350975037,0.96875,32
B,source_head0,121,0.5293545722961426,0.9375,32
B,source_head0,122,0.3538545072078705,1.0,32
B,source_head0,123,0.5700907707214355,0.96875,32
B,source_head0,124,0.5105739831924438,1.0,32
B,source_head0,125,0.7895532250404358,0.9375,32
B,source_head0,126,0.5118769407272339,0.96875,32
B,source_head0,127,0.4458484947681427,1.0,32
B,source_head1,96,0.5789819955825806,0.875,32
B,source_head1,97,0.5286692380905151,0.96875,32
B,source_head1,98,0.39310523867607117,0.90625,32
B,source_head1,99,0.5655385255813599,0.96875,32
B,source_head1,100,0.3623892068862915,0.96875,32
B,source_head1,101,0.4732252359390259,0.96875,32
B,source_head1,102,0.1957360953092575,1.0,32
B,source_head1,103,0.43338605761528015,0.96875,32
B,source_head1,104,0.619140625,0.875,32
B,source_head1,105,0.4907737970352173,0.96875,32
B,source_head1,106,0.6005663871765137,0.875,32
B,source_head1,107,0.37637948989868164,0.96875,32
B,source_head1,108,0.726405143737793,0.90625,32
B,source_head1,109,0.378265380859375,0.96875,32
B,source_head1,110,0.5350731611251831,0.96875,32
B,source_head1,111,0.43591925501823425,0.9375,32
B,source_head1,112,0.3866957128047943,0.96875,32
B,source_head1,113,0.46683529019355774,0.9375,32
B,source_head1,114,0.6282292008399963,0.9375,32
B,source_head1,115,0.3831125497817993,0.96875,32
B,source_head1,116,0.38926756381988525,0.9375,32
B,source_head1,117,0.42897284030914307,0.9375,32
B,source_head1,118,0.607670783996582,0.9375,32
B,source_head1,119,0.6390849947929382,0.9375,32
B,source_head1,120,0.27402636408805847,0.96875,32
B,source_head1,121,0.45939546823501587,0.9375,32
B,source_head1,122,0.468899130821228,0.96875,32
B,source_head1,123,0.6742854118347168,0.90625,32
B,source_head1,124,0.22955285012722015,1.0,32
B,source_head1,125,0.6860643625259399,0.90625,32
B,source_head1,126,0.33922260999679565,0.96875,32
B,source_head1,127,0.4549381732940674,0.96875,32
B,source_both,96,0.15071706473827362,1.0,32
B,source_both,97,0.13242310285568237,1.0,32
B,source_both,98,0.17895269393920898,0.96875,32
B,source_both,99,0.3458476662635803,0.96875,32
B,source_both,100,0.09138339012861252,1.0,32
B,source_both,101,0.1809978485107422,0.96875,32
B,source_both,102,0.11660220474004745,1.0,32
B,source_both,103,0.17526879906654358,1.0,32
B,source_both,104,0.1880212128162384,0.96875,32
B,source_both,105,0.08233170956373215,1.0,32
B,source_both,106,0.23367619514465332,0.9375,32
B,source_both,107,0.11922699213027954,1.0,32
B,source_both,108,0.16926459968090057,1.0,32
B,source_both,109,0.274075984954834,0.96875,32
B,source_both,110,0.23156282305717468,0.96875,32
B,source_both,111,0.13205403089523315,1.0,32
B,source_both,112,0.15007144212722778,1.0,32
B,source_both,113,0.2642325758934021,0.96875,32
B,source_both,114,0.1943402886390686,1.0,32
B,source_both,115,0.14383015036582947,1.0,32
B,source_both,116,0.20739199221134186,0.96875,32
B,source_both,117,0.19787810742855072,0.96875,32
B,source_both,118,0.3446301817893982,0.9375,32
B,source_both,119,0.20697711408138275,1.0,32
B,source_both,120,0.08242344856262207,1.0,32
B,source_both,121,0.11897300183773041,0.96875,32
B,source_both,122,0.10686638206243515,1.0,32
B,source_both,123,0.19171391427516937,1.0,32
B,source_both,124,0.07670900225639343,1.0,32
B,source_both,125,0.15693798661231995,0.96875,32
B,source_both,126,0.19250541925430298,0.96875,32
B,source_both,127,0.1381339132785797,1.0,32
B,baseline,128,2.838489055633545,0.5625,32
B,baseline,129,3.0530223846435547,0.5,32
B,baseline,130,2.3451151847839355,0.6875,32
B,baseline,131,2.822418689727783,0.65625,32
B,baseline,132,2.752711772918701,0.59375,32
B,baseline,133,2.1115708351135254,0.71875,32
B,baseline,134,2.9726617336273193,0.5625,32
B,baseline,135,2.8497815132141113,0.5625,32
B,baseline,136,2.4068119525909424,0.65625,32
B,baseline,137,3.3474607467651367,0.46875,32
B,baseline,138,2.709625244140625,0.625,32
B,baseline,139,3.4428751468658447,0.40625,32
B,baseline,140,3.47601318359375,0.46875,32
B,baseline,141,2.487776279449463,0.625,32
B,baseline,142,1.7202045917510986,0.75,32
B,baseline,143,2.4796218872070312,0.5625,32
B,baseline,144,2.2813830375671387,0.6875,32
B,baseline,145,2.454488754272461,0.625,32
B,baseline,146,2.4805474281311035,0.59375,32
B,baseline,147,3.0771796703338623,0.5,32
B,baseline,148,2.430131435394287,0.65625,32
B,baseline,149,1.8977420330047607,0.71875,32
B,baseline,150,1.7440122365951538,0.71875,32
B,baseline,151,2.686995506286621,0.5625,32
B,baseline,152,1.997421145439148,0.71875,32
B,baseline,153,2.94392991065979,0.5625,32
B,baseline,154,2.7574329376220703,0.5625,32
B,baseline,155,2.951672315597534,0.59375,32
B,baseline,156,2.6786155700683594,0.5625,32
B,baseline,157,2.653750419616699,0.5625,32
B,baseline,158,2.7920608520507812,0.59375,32
B,baseline,159,2.206474781036377,0.65625,32
B,replay,128,2.838489055633545,0.5625,32
B,replay,129,3.0530223846435547,0.5,32
B,replay,130,2.3451151847839355,0.6875,32
B,replay,131,2.822418689727783,0.65625,32
B,replay,132,2.752711772918701,0.59375,32
B,replay,133,2.1115708351135254,0.71875,32
B,replay,134,2.9726617336273193,0.5625,32
B,replay,135,2.8497815132141113,0.5625,32
B,replay,136,2.4068119525909424,0.65625,32
B,replay,137,3.3474607467651367,0.46875,32
B,replay,138,2.709625244140625,0.625,32
B,replay,139,3.4428751468658447,0.40625,32
B,replay,140,3.47601318359375,0.46875,32
B,replay,141,2.487776279449463,0.625,32
B,replay,142,1.7202045917510986,0.75,32
B,replay,143,2.4796218872070312,0.5625,32
B,replay,144,2.2813830375671387,0.6875,32
B,replay,145,2.454488754272461,0.625,32
B,replay,146,2.4805474281311035,0.59375,32
B,replay,147,3.0771796703338623,0.5,32
B,replay,148,2.430131435394287,0.65625,32
B,replay,149,1.8977420330047607,0.71875,32
B,replay,150,1.7440122365951538,0.71875,32
B,replay,151,2.686995506286621,0.5625,32
B,replay,152,1.997421145439148,0.71875,32
B,replay,153,2.94392991065979,0.5625,32
B,replay,154,2.7574329376220703,0.5625,32
B,replay,155,2.951672315597534,0.59375,32
B,replay,156,2.6786155700683594,0.5625,32
B,replay,157,2.653750419616699,0.5625,32
B,replay,158,2.7920608520507812,0.59375,32
B,replay,159,2.206474781036377,0.65625,32
B,source_head0,128,0.775903582572937,0.84375,32
B,source_head0,129,0.6178197860717773,0.96875,32
B,source_head0,130,0.7668728828430176,0.90625,32
B,source_head0,131,0.637691080570221,0.9375,32
B,source_head0,132,0.6904548406600952,0.90625,32
B,source_head0,133,0.5454957485198975,0.96875,32
B,source_head0,134,0.6304382085800171,0.96875,32
B,source_head0,135,0.7100439071655273,0.9375,32
B,source_head0,136,0.5164402723312378,1.0,32
B,source_head0,137,0.6938700079917908,0.9375,32
B,source_head0,138,0.7042837142944336,0.96875,32
B,source_head0,139,0.8422776460647583,0.875,32
B,source_head0,140,0.8409591913223267,0.9375,32
B,source_head0,141,0.6738356351852417,0.9375,32
B,source_head0,142,0.538791298866272,0.9375,32
B,source_head0,143,0.6832971572875977,0.875,32
B,source_head0,144,0.3956480622291565,1.0,32
B,source_head0,145,0.7881736755371094,0.9375,32
B,source_head0,146,0.49336516857147217,1.0,32
B,source_head0,147,0.8709797859191895,0.9375,32
B,source_head0,148,0.6295084953308105,0.9375,32
B,source_head0,149,0.40653693675994873,0.96875,32
B,source_head0,150,0.3251967430114746,1.0,32
B,source_head0,151,0.574074387550354,1.0,32
B,source_head0,152,0.7399246692657471,0.9375,32
B,source_head0,153,0.6730759739875793,0.90625,32
B,source_head0,154,0.5478616952896118,0.9375,32
B,source_head0,155,0.8243042230606079,0.9375,32
B,source_head0,156,0.5370252132415771,0.9375,32
B,source_head0,157,1.4398176670074463,0.84375,32
B,source_head0,158,0.7331094741821289,0.9375,32
B,source_head0,159,0.44906339049339294,0.96875,32
B,source_head1,128,0.6152921319007874,0.84375,32
B,source_head1,129,0.3648350238800049,0.9375,32
B,source_head1,130,0.7843375205993652,0.875,32
B,source_head1,131,0.5381292700767517,0.9375,32
B,source_head1,132,0.6672416925430298,0.90625,32
B,source_head1,133,0.3833235204219818,0.96875,32
B,source_head1,134,0.5677947402000427,0.96875,32
B,source_head1,135,0.6019268035888672,0.875,32
B,source_head1,136,0.5435739755630493,0.96875,32
B,source_head1,137,0.5565705299377441,0.875,32
B,source_head1,138,0.6557694673538208,0.90625,32
B,source_head1,139,1.0343430042266846,0.8125,32
B,source_head1,140,0.529782235622406,0.90625,32
B,source_head1,141,0.7629692554473877,0.90625,32
B,source_head1,142,0.5981478691101074,0.90625,32
B,source_head1,143,0.9144316911697388,0.84375,32
B,source_head1,144,0.4487230181694031,0.96875,32
B,source_head1,145,0.43609994649887085,0.9375,32
B,source_head1,146,0.3777201175689697,0.96875,32
B,source_head1,147,0.4982311427593231,0.9375,32
B,source_head1,148,0.5082789659500122,0.9375,32
B,source_head1,149,0.398002028465271,0.96875,32
B,source_head1,150,0.27995893359184265,0.96875,32
B,source_head1,151,0.16552020609378815,1.0,32
B,source_head1,152,0.5628815293312073,0.9375,32
B,source_head1,153,0.5185322761535645,0.90625,32
B,source_head1,154,0.5496392846107483,0.90625,32
B,source_head1,155,0.588725209236145,0.90625,32
B,source_head1,156,0.5174499750137329,0.9375,32
B,source_head1,157,0.8420594930648804,0.875,32
B,source_head1,158,0.9943030476570129,0.875,32
B,source_head1,159,0.404837429523468,0.96875,32
B,source_both,128,0.21370652318000793,0.96875,32
B,source_both,129,0.16217286884784698,0.96875,32
B,source_both,130,0.2936316430568695,0.96875,32
B,source_both,131,0.14435043931007385,1.0,32
B,source_both,132,0.20605888962745667,0.96875,32
B,source_both,133,0.21409499645233154,0.96875,32
B,source_both,134,0.2762034833431244,0.96875,32
B,source_both,135,0.20066209137439728,0.96875,32
B,source_both,136,0.1588898003101349,1.0,32
B,source_both,137,0.1887284517288208,0.96875,32
B,source_both,138,0.15164193511009216,1.0,32
B,source_both,139,0.3010755181312561,0.9375,32
B,source_both,140,0.21803972125053406,0.9375,32
B,source_both,141,0.3157135546207428,0.96875,32
B,source_both,142,0.3287999629974365,0.9375,32
B,source_both,143,0.3683159351348877,0.90625,32
B,source_both,144,0.09608982503414154,1.0,32
B,source_both,145,0.2985691428184509,0.90625,32
B,source_both,146,0.10107585787773132,1.0,32
B,source_both,147,0.1315338909626007,1.0,32
B,source_both,148,0.18464379012584686,0.96875,32
B,source_both,149,0.12904268503189087,1.0,32
B,source_both,150,0.12873366475105286,1.0,32
B,source_both,151,0.08903801441192627,1.0,32
B,source_both,152,0.29461702704429626,1.0,32
B,source_both,153,0.18010790646076202,0.96875,32
B,source_both,154,0.1789805293083191,0.9375,32
B,source_both,155,0.1465749442577362,1.0,32
B,source_both,156,0.24476253986358643,0.96875,32
B,source_both,157,0.662021815776825,0.84375,32
B,source_both,158,0.4545411467552185,0.9375,32
B,source_both,159,0.25021788477897644,0.9375,32
B,baseline,160,2.2206363677978516,0.71875,32
B,baseline,161,2.4417202472686768,0.75,32
B,baseline,162,3.3151469230651855,0.5,32
B,baseline,163,1.987255334854126,0.6875,32
B,baseline,164,2.2559332847595215,0.625,32
B,baseline,165,1.6255346536636353,0.78125,32
B,baseline,166,3.8026461601257324,0.46875,32
B,baseline,167,3.4797182083129883,0.53125,32
B,baseline,168,2.425048589706421,0.625,32
B,baseline,169,2.4376258850097656,0.65625,32
B,baseline,170,2.7408881187438965,0.59375,32
B,baseline,171,3.2287538051605225,0.53125,32
B,baseline,172,2.1630187034606934,0.65625,32
B,baseline,173,2.366210460662842,0.625,32
B,baseline,174,2.427992105484009,0.65625,32
B,baseline,175,1.9670886993408203,0.71875,32
B,baseline,176,3.1022441387176514,0.5625,32
B,baseline,177,1.5870617628097534,0.78125,32
B,baseline,178,2.1966817378997803,0.625,32
B,baseline,179,2.449843406677246,0.65625,32
B,baseline,180,1.8042662143707275,0.6875,32
B,baseline,181,1.7611010074615479,0.71875,32
B,baseline,182,3.2063722610473633,0.53125,32
B,baseline,183,2.3479909896850586,0.65625,32
B,baseline,184,3.946002721786499,0.40625,32
B,baseline,185,2.8546950817108154,0.53125,32
B,baseline,186,2.424112319946289,0.59375,32
B,baseline,187,1.8663678169250488,0.71875,32
B,baseline,188,2.373537302017212,0.6875,32
B,baseline,189,3.8910279273986816,0.46875,32
B,baseline,190,3.9720077514648438,0.40625,32
B,baseline,191,1.8911267518997192,0.71875,32
B,replay,160,2.2206363677978516,0.71875,32
B,replay,161,2.4417202472686768,0.75,32
B,replay,162,3.3151469230651855,0.5,32
B,replay,163,1.987255334854126,0.6875,32
B,replay,164,2.2559332847595215,0.625,32
B,replay,165,1.6255346536636353,0.78125,32
B,replay,166,3.8026461601257324,0.46875,32
B,replay,167,3.4797182083129883,0.53125,32
B,replay,168,2.425048589706421,0.625,32
B,replay,169,2.4376258850097656,0.65625,32
B,replay,170,2.7408881187438965,0.59375,32
B,replay,171,3.2287538051605225,0.53125,32
B,replay,172,2.1630187034606934,0.65625,32
B,replay,173,2.366210460662842,0.625,32
B,replay,174,2.427992105484009,0.65625,32
B,replay,175,1.9670886993408203,0.71875,32
B,replay,176,3.1022441387176514,0.5625,32
B,replay,177,1.5870617628097534,0.78125,32
B,replay,178,2.1966817378997803,0.625,32
B,replay,179,2.449843406677246,0.65625,32
B,replay,180,1.8042662143707275,0.6875,32
B,replay,181,1.7611010074615479,0.71875,32
B,replay,182,3.2063722610473633,0.53125,32
B,replay,183,2.3479909896850586,0.65625,32
B,replay,184,3.946002721786499,0.40625,32
B,replay,185,2.8546950817108154,0.53125,32
B,replay,186,2.424112319946289,0.59375,32
B,replay,187,1.8663678169250488,0.71875,32
B,replay,188,2.373537302017212,0.6875,32
B,replay,189,3.8910279273986816,0.46875,32
B,replay,190,3.9720077514648438,0.40625,32
B,replay,191,1.8911267518997192,0.71875,32
B,source_head0,160,0.5404411554336548,1.0,32
B,source_head0,161,0.8068736791610718,0.96875,32
B,source_head0,162,0.6333673000335693,0.96875,32
B,source_head0,163,0.6892847418785095,0.875,32
B,source_head0,164,0.6093755960464478,0.90625,32
B,source_head0,165,0.42140355706214905,1.0,32
B,source_head0,166,1.0791741609573364,0.90625,32
B,source_head0,167,0.6564403772354126,0.96875,32
B,source_head0,168,0.6913143992424011,0.9375,32
B,source_head0,169,0.5274224877357483,0.90625,32
B,source_head0,170,1.0604747533798218,0.875,32
B,source_head0,171,0.8393657207489014,0.875,32
B,source_head0,172,0.44190722703933716,0.96875,32
B,source_head0,173,0.4163739085197449,1.0,32
B,source_head0,174,0.8505383729934692,0.875,32
B,source_head0,175,0.4769710600376129,0.96875,32
B,source_head0,176,0.6552301049232483,0.96875,32
B,source_head0,177,0.4349678158760071,0.96875,32
B,source_head0,178,0.7169996500015259,0.9375,32
B,source_head0,179,0.6693109273910522,0.90625,32
B,source_head0,180,0.3017233610153198,1.0,32
B,source_head0,181,0.4597482979297638,0.96875,32
B,source_head0,182,0.5177966356277466,1.0,32
B,source_head0,183,0.37498313188552856,1.0,32
B,source_head0,184,1.1299327611923218,0.84375,32
B,source_head0,185,0.42073094844818115,1.0,32
B,source_head0,186,0.553078293800354,0.96875,32
B,source_head0,187,0.5174651741981506,0.90625,32
B,source_head0,188,0.4155433773994446,0.9375,32
B,source_head0,189,0.7695935368537903,0.90625,32
B,source_head0,190,1.0399836301803589,0.90625,32
B,source_head0,191,0.43733662366867065,0.96875,32
B,source_head1,160,0.5609959363937378,0.96875,32
B,source_head1,161,0.6701383590698242,0.90625,32
B,source_head1,162,0.584047794342041,0.96875,32
B,source_head1,163,0.5416144132614136,0.90625,32
B,source_head1,164,0.6186912059783936,0.875,32
B,source_head1,165,0.38215091824531555,0.96875,32
B,source_head1,166,1.1183784008026123,0.84375,32
B,source_head1,167,0.5166669487953186,0.9375,32
B,source_head1,168,0.4364892244338989,0.96875,32
B,source_head1,169,0.8672398328781128,0.84375,32
B,source_head1,170,0.8994554877281189,0.875,32
B,source_head1,171,0.7827786207199097,0.875,32
B,source_head1,172,0.554569661617279,0.9375,32
B,source_head1,173,0.19587519764900208,1.0,32
B,source_head1,174,0.7464874982833862,0.90625,32
B,source_head1,175,0.3368065357208252,0.96875,32
B,source_head1,176,0.7523443698883057,0.875,32
B,source_head1,177,0.35431715846061707,0.96875,32
B,source_head1,178,0.5779801607131958,0.96875,32
B,source_head1,179,0.5937184691429138,0.90625,32
B,source_head1,180,0.24032127857208252,1.0,32
B,source_head1,181,0.33625492453575134,0.96875,32
B,source_head1,182,0.5371894836425781,0.90625,32
B,source_head1,183,0.38864222168922424,0.96875,32
B,source_head1,184,0.8540617227554321,0.8125,32
B,source_head1,185,0.6904968619346619,0.90625,32
B,source_head1,186,0.5586106777191162,0.9375,32
B,source_head1,187,0.6119425892829895,0.90625,32
B,source_head1,188,0.38868987560272217,0.90625,32
B,source_head1,189,0.528704047203064,0.96875,32
B,source_head1,190,0.9872050285339355,0.84375,32
B,source_head1,191,0.4849284291267395,0.9375,32
B,source_both,160,0.21953202784061432,1.0,32
B,source_both,161,0.17066483199596405,1.0,32
B,source_both,162,0.12138966470956802,1.0,32
B,source_both,163,0.254040002822876,0.96875,32
B,source_both,164,0.3082205057144165,0.9375,32
B,source_both,165,0.13317936658859253,1.0,32
B,source_both,166,0.4841806888580322,0.90625,32
B,source_both,167,0.08811046928167343,1.0,32
B,source_both,168,0.2938710153102875,0.96875,32
B,source_both,169,0.2632445991039276,0.96875,32
B,source_both,170,0.5632433295249939,0.90625,32
B,source_both,171,0.16785551607608795,1.0,32
B,source_both,172,0.1136775091290474,1.0,32
B,source_both,173,0.12612450122833252,1.0,32
B,source_both,174,0.4331018328666687,0.9375,32
B,source_both,175,0.2032807469367981,0.96875,32
B,source_both,176,0.12501373887062073,1.0,32
B,source_both,177,0.15925705432891846,0.96875,32
B,source_both,178,0.21678510308265686,0.96875,32
B,source_both,179,0.16243863105773926,1.0,32
B,source_both,180,0.0845569521188736,1.0,32
B,source_both,181,0.2725803852081299,0.96875,32
B,source_both,182,0.10749803483486176,1.0,32
B,source_both,183,0.09359848499298096,1.0,32
B,source_both,184,0.3541526794433594,0.9375,32
B,source_both,185,0.1487138420343399,1.0,32
B,source_both,186,0.20720282196998596,1.0,32
B,source_both,187,0.31389784812927246,0.96875,32
B,source_both,188,0.13156089186668396,0.96875,32
B,source_both,189,0.14038117229938507,0.96875,32
B,source_both,190,0.17959290742874146,1.0,32
B,source_both,191,0.19401909410953522,0.96875,32
B,baseline,192,1.8006031513214111,0.71875,32
B,baseline,193,2.592501163482666,0.59375,32
B,baseline,194,2.4633264541625977,0.625,32
B,baseline,195,2.844794511795044,0.5625,32
B,baseline,196,2.7022008895874023,0.5625,32
B,baseline,197,3.2215890884399414,0.5625,32
B,baseline,198,2.068093776702881,0.65625,32
B,baseline,199,2.5686213970184326,0.59375,32
B,baseline,200,2.305415153503418,0.71875,32
B,baseline,201,1.4347624778747559,0.78125,32
B,baseline,202,2.0137646198272705,0.6875,32
B,baseline,203,2.419290065765381,0.625,32
B,baseline,204,3.8521666526794434,0.5,32
B,baseline,205,1.8402628898620605,0.6875,32
B,baseline,206,2.5882961750030518,0.5625,32
B,baseline,207,3.1912925243377686,0.5,32
B,baseline,208,2.389723062515259,0.625,32
B,baseline,209,1.6744279861450195,0.78125,32
B,baseline,210,2.6548869609832764,0.625,32
B,baseline,211,2.6852612495422363,0.625,32
B,baseline,212,3.049124002456665,0.5625,32
B,baseline,213,2.9903736114501953,0.59375,32
B,baseline,214,2.412869453430176,0.6875,32
B,baseline,215,3.061413049697876,0.5625,32
B,baseline,216,2.7974002361297607,0.59375,32
B,baseline,217,1.7957878112792969,0.6875,32
B,baseline,218,1.7961052656173706,0.6875,32
B,baseline,219,2.506324291229248,0.59375,32
B,baseline,220,3.690629482269287,0.4375,32
B,baseline,221,1.8877415657043457,0.65625,32
B,baseline,222,2.57458233833313,0.59375,32
B,baseline,223,1.9521480798721313,0.6875,32
B,replay,192,1.8006031513214111,0.71875,32
B,replay,193,2.592501163482666,0.59375,32
B,replay,194,2.4633264541625977,0.625,32
B,replay,195,2.844794511795044,0.5625,32
B,replay,196,2.7022008895874023,0.5625,32
B,replay,197,3.2215890884399414,0.5625,32
B,replay,198,2.068093776702881,0.65625,32
B,replay,199,2.5686213970184326,0.59375,32
B,replay,200,2.305415153503418,0.71875,32
B,replay,201,1.4347624778747559,0.78125,32
B,replay,202,2.0137646198272705,0.6875,32
B,replay,203,2.419290065765381,0.625,32
B,replay,204,3.8521666526794434,0.5,32
B,replay,205,1.8402628898620605,0.6875,32
B,replay,206,2.5882961750030518,0.5625,32
B,replay,207,3.1912925243377686,0.5,32
B,replay,208,2.389723062515259,0.625,32
B,replay,209,1.6744279861450195,0.78125,32
B,replay,210,2.6548869609832764,0.625,32
B,replay,211,2.6852612495422363,0.625,32
B,replay,212,3.049124002456665,0.5625,32
B,replay,213,2.9903736114501953,0.59375,32
B,replay,214,2.412869453430176,0.6875,32
B,replay,215,3.061413049697876,0.5625,32
B,replay,216,2.7974002361297607,0.59375,32
B,replay,217,1.7957878112792969,0.6875,32
B,replay,218,1.7961052656173706,0.6875,32
B,replay,219,2.506324291229248,0.59375,32
B,replay,220,3.690629482269287,0.4375,32
B,replay,221,1.8877415657043457,0.65625,32
B,replay,222,2.57458233833313,0.59375,32
B,replay,223,1.9521480798721313,0.6875,32
B,source_head0,192,0.28186967968940735,0.9375,32
B,source_head0,193,0.4958535432815552,1.0,32
B,source_head0,194,0.560878574848175,0.9375,32
B,source_head0,195,0.7943441271781921,0.90625,32
B,source_head0,196,0.7530900239944458,0.90625,32
B,source_head0,197,0.8795858025550842,0.90625,32
B,source_head0,198,0.2649616003036499,1.0,32
B,source_head0,199,1.0008630752563477,0.84375,32
B,source_head0,200,0.7251322269439697,0.9375,32
B,source_head0,201,0.3488840162754059,1.0,32
B,source_head0,202,0.4971556067466736,1.0,32
B,source_head0,203,0.4892769753932953,1.0,32
B,source_head0,204,0.9385737776756287,0.9375,32
B,source_head0,205,0.5899778604507446,0.96875,32
B,source_head0,206,0.6989943981170654,0.90625,32
B,source_head0,207,0.6175094842910767,0.96875,32
B,source_head0,208,0.6008582711219788,0.96875,32
B,source_head0,209,0.4325565695762634,0.96875,32
B,source_head0,210,0.48523589968681335,0.96875,32
B,source_head0,211,0.7482476830482483,0.90625,32
B,source_head0,212,0.9352729320526123,0.875,32
B,source_head0,213,0.8765869140625,0.875,32
B,source_head0,214,0.4729192554950714,0.96875,32
B,source_head0,215,0.6089785099029541,0.96875,32
B,source_head0,216,0.42271241545677185,0.96875,32
B,source_head0,217,0.3708125352859497,0.96875,32
B,source_head0,218,0.6094471216201782,0.9375,32
B,source_head0,219,0.4926292896270752,0.96875,32
B,source_head0,220,0.9210636019706726,0.9375,32
B,source_head0,221,0.635897159576416,0.875,32
B,source_head0,222,0.5455926656723022,0.9375,32
B,source_head0,223,0.4990520775318146,0.90625,32
B,source_head1,192,0.4608723819255829,0.9375,32
B,source_head1,193,0.2945905029773712,1.0,32
B,source_head1,194,0.3623005449771881,0.9375,32
B,source_head1,195,0.7961490154266357,0.90625,32
B,source_head1,196,0.5245282649993896,0.9375,32
B,source_head1,197,0.5015618205070496,0.96875,32
B,source_head1,198,0.2969707250595093,1.0,32
B,source_head1,199,0.6829909682273865,0.875,32
B,source_head1,200,0.6084713935852051,0.90625,32
B,source_head1,201,0.24583803117275238,1.0,32
B,source_head1,202,0.4829957187175751,0.96875,32
B,source_head1,203,0.36782974004745483,1.0,32
B,source_head1,204,0.524065375328064,0.96875,32
B,source_head1,205,0.33057570457458496,1.0,32
B,source_head1,206,0.5122983455657959,0.9375,32
B,source_head1,207,0.5024694204330444,0.96875,32
B,source_head1,208,0.39398249983787537,0.96875,32
B,source_head1,209,0.47095388174057007,0.9375,32
B,source_head1,210,0.42425966262817383,0.96875,32
B,source_head1,211,0.8560147285461426,0.90625,32
B,source_head1,212,0.8970783948898315,0.875,32
B,source_head1,213,0.7955664992332458,0.875,32
B,source_head1,214,0.4987856149673462,0.96875,32
B,source_head1,215,0.4754090905189514,0.9375,32
B,source_head1,216,0.35188230872154236,0.96875,32
B,source_head1,217,0.34344109892845154,0.96875,32
B,source_head1,218,0.5462422966957092,0.9375,32
B,source_head1,219,0.2555864155292511,0.96875,32
B,source_head1,220,0.7192355394363403,0.9375,32
B,source_head1,221,0.5361447930335999,0.90625,32
B,source_head1,222,0.4833623170852661,0.96875,32
B,source_head1,223,0.46086251735687256,0.875,32
B,source_both,192,0.1148955374956131,0.96875,32
B,source_both,193,0.09555794298648834,1.0,32
B,source_both,194,0.14071966707706451,0.96875,32
B,source_both,195,0.32745978236198425,0.9375,32
B,source_both,196,0.19352124631404877,1.0,32
B,source_both,197,0.17723220586776733,1.0,32
B,source_both,198,0.07510310411453247,1.0,32
B,source_both,199,0.4119599163532257,0.875,32
B,source_both,200,0.12321260571479797,0.96875,32
B,source_both,201,0.10977579653263092,1.0,32
B,source_both,202,0.12812641263008118,1.0,32
B,source_both,203,0.11481636017560959,1.0,32
B,source_both,204,0.1509799063205719,0.96875,32
B,source_both,205,0.20237892866134644,1.0,32
B,source_both,206,0.18452247977256775,0.96875,32
B,source_both,207,0.22624066472053528,0.9375,32
B,source_both,208,0.12073979526758194,1.0,32
B,source_both,209,0.19291658699512482,0.96875,32
B,source_both,210,0.09044703841209412,1.0,32
B,source_both,211,0.21741259098052979,1.0,32
B,source_both,212,0.28832417726516724,0.96875,32
B,source_both,213,0.24655824899673462,0.96875,32
B,source_both,214,0.14071398973464966,1.0,32
B,source_both,215,0.1385958045721054,1.0,32
B,source_both,216,0.06543014943599701,1.0,32
B,source_both,217,0.158636674284935,0.96875,32
B,source_both,218,0.2776961326599121,0.96875,32
B,source_both,219,0.2522454261779785,0.96875,32
B,source_both,220,0.2694212794303894,1.0,32
B,source_both,221,0.40085214376449585,0.90625,32
B,source_both,222,0.1346360445022583,0.96875,32
B,source_both,223,0.2233722060918808,0.9375,32
B,baseline,224,3.2372026443481445,0.5,32
B,baseline,225,1.5676159858703613,0.75,32
B,baseline,226,2.3647146224975586,0.6875,32
B,baseline,227,2.9192118644714355,0.5625,32
B,baseline,228,3.8119747638702393,0.53125,32
B,baseline,229,2.3634777069091797,0.6875,32
B,baseline,230,2.9210996627807617,0.59375,32
B,baseline,231,3.1267261505126953,0.5625,32
B,baseline,232,2.4237470626831055,0.625,32
B,baseline,233,2.080777645111084,0.71875,32
B,baseline,234,2.0325565338134766,0.6875,32
B,baseline,235,2.033116102218628,0.6875,32
B,baseline,236,2.6124377250671387,0.59375,32
B,baseline,237,2.689971446990967,0.6875,32
B,baseline,238,3.6528408527374268,0.4375,32
B,baseline,239,3.0213193893432617,0.59375,32
B,baseline,240,2.3190834522247314,0.75,32
B,baseline,241,2.369410276412964,0.65625,32
B,baseline,242,1.9487797021865845,0.75,32
B,baseline,243,2.823394298553467,0.59375,32
B,baseline,244,2.1122212409973145,0.6875,32
B,baseline,245,1.8995188474655151,0.71875,32
B,baseline,246,3.0555734634399414,0.625,32
B,baseline,247,2.272193431854248,0.71875,32
B,baseline,248,2.9833977222442627,0.625,32
B,baseline,249,2.040408134460449,0.6875,32
B,baseline,250,3.0027711391448975,0.59375,32
B,baseline,251,1.845097303390503,0.75,32
B,baseline,252,1.6442914009094238,0.71875,32
B,baseline,253,1.942258596420288,0.71875,32
B,baseline,254,2.74216890335083,0.65625,32
B,baseline,255,1.8814783096313477,0.6875,32
B,replay,224,3.2372026443481445,0.5,32
B,replay,225,1.5676159858703613,0.75,32
B,replay,226,2.3647146224975586,0.6875,32
B,replay,227,2.9192118644714355,0.5625,32
B,replay,228,3.8119747638702393,0.53125,32
B,replay,229,2.3634777069091797,0.6875,32
B,replay,230,2.9210996627807617,0.59375,32
B,replay,231,3.1267261505126953,0.5625,32
B,replay,232,2.4237470626831055,0.625,32
B,replay,233,2.080777645111084,0.71875,32
B,replay,234,2.0325565338134766,0.6875,32
B,replay,235,2.033116102218628,0.6875,32
B,replay,236,2.6124377250671387,0.59375,32
B,replay,237,2.689971446990967,0.6875,32
B,replay,238,3.6528408527374268,0.4375,32
B,replay,239,3.0213193893432617,0.59375,32
B,replay,240,2.3190834522247314,0.75,32
B,replay,241,2.369410276412964,0.65625,32
B,replay,242,1.9487797021865845,0.75,32
B,replay,243,2.823394298553467,0.59375,32
B,replay,244,2.1122212409973145,0.6875,32
B,replay,245,1.8995188474655151,0.71875,32
B,replay,246,3.0555734634399414,0.625,32
B,replay,247,2.272193431854248,0.71875,32
B,replay,248,2.9833977222442627,0.625,32
B,replay,249,2.040408134460449,0.6875,32
B,replay,250,3.0027711391448975,0.59375,32
B,replay,251,1.845097303390503,0.75,32
B,replay,252,1.6442914009094238,0.71875,32
B,replay,253,1.942258596420288,0.71875,32
B,replay,254,2.74216890335083,0.65625,32
B,replay,255,1.8814783096313477,0.6875,32
B,source_head0,224,0.8187095522880554,0.96875,32
B,source_head0,225,0.3754989802837372,0.9375,32
B,source_head0,226,0.651044487953186,0.96875,32
B,source_head0,227,0.5869844555854797,0.96875,32
B,source_head0,228,0.7962000966072083,0.9375,32
B,source_head0,229,0.6273189783096313,0.9375,32
B,source_head0,230,0.9527978897094727,0.875,32
B,source_head0,231,0.8994051814079285,0.9375,32
B,source_head0,232,0.5105695724487305,1.0,32
B,source_head0,233,0.6219357252120972,0.96875,32
B,source_head0,234,0.5015753507614136,0.96875,32
B,source_head0,235,0.4041534662246704,1.0,32
B,source_head0,236,0.8301147222518921,0.875,32
B,source_head0,237,0.4536495506763458,0.96875,32
B,source_head0,238,0.6054320335388184,0.96875,32
B,source_head0,239,0.6188862919807434,0.96875,32
B,source_head0,240,0.7357484102249146,0.9375,32
B,source_head0,241,0.7296969294548035,1.0,32
B,source_head0,242,0.4220523238182068,0.9375,32
B,source_head0,243,0.8038143515586853,0.9375,32
B,source_head0,244,0.38628751039505005,1.0,32
B,source_head0,245,0.5334382653236389,0.9375,32
B,source_head0,246,1.5719410181045532,0.75,32
B,source_head0,247,0.6017941236495972,0.96875,32
B,source_head0,248,1.1249570846557617,0.8125,32
B,source_head0,249,0.4131639003753662,0.96875,32
B,source_head0,250,0.6705502867698669,0.96875,32
B,source_head0,251,0.6557835936546326,0.90625,32
B,source_head0,252,0.4916504919528961,0.9375,32
B,source_head0,253,0.6634085774421692,0.90625,32
B,source_head0,254,0.831648588180542,0.9375,32
B,source_head0,255,0.409994900226593,1.0,32
B,source_head1,224,0.5397597551345825,0.9375,32
B,source_head1,225,0.5315189957618713,0.875,32
B,source_head1,226,0.463244765996933,0.90625,32
B,source_head1,227,0.538171648979187,0.9375,32
B,source_head1,228,0.893652617931366,0.875,32
B,source_head1,229,0.603706955909729,0.90625,32
B,source_head1,230,1.0100454092025757,0.75,32
B,source_head1,231,0.8274374604225159,0.90625,32
B,source_head1,232,0.5241353511810303,0.90625,32
B,source_head1,233,0.4762308895587921,0.9375,32
B,source_head1,234,0.46344614028930664,0.9375,32
B,source_head1,235,0.6234099864959717,0.9375,32
B,source_head1,236,0.8421241044998169,0.8125,32
B,source_head1,237,0.45811179280281067,0.96875,32
B,source_head1,238,0.3852159082889557,0.96875,32
B,source_head1,239,0.3859979212284088,0.96875,32
B,source_head1,240,0.6936294436454773,0.90625,32
B,source_head1,241,0.5631209015846252,0.90625,32
B,source_head1,242,0.44455552101135254,0.9375,32
B,source_head1,243,0.49701353907585144,0.9375,32
B,source_head1,244,0.423740953207016,0.96875,32
B,source_head1,245,0.40805530548095703,0.9375,32
B,source_head1,246,1.4372949600219727,0.78125,32
B,source_head1,247,0.5404052734375,0.9375,32
B,source_head1,248,0.9343754053115845,0.84375,32
B,source_head1,249,0.2977536618709564,0.96875,32
B,source_head1,250,0.3723701238632202,0.9375,32
B,source_head1,251,0.4492735266685486,0.9375,32
B,source_head1,252,0.3816070556640625,0.9375,32
B,source_head1,253,0.40835148096084595,0.90625,32
B,source_head1,254,0.696505069732666,0.90625,32
B,source_head1,255,0.4175054132938385,0.96875,32
B,source_both,224,0.11636637151241302,1.0,32
B,source_both,225,0.20769807696342468,0.9375,32
B,source_both,226,0.16507360339164734,1.0,32
B,source_both,227,0.10886598378419876,1.0,32
B,source_both,228,0.25425469875335693,0.9375,32
B,source_both,229,0.4012153148651123,0.9375,32
B,source_both,230,0.45551127195358276,0.90625,32
B,source_both,231,0.42700573801994324,0.9375,32
B,source_both,232,0.12865835428237915,1.0,32
B,source_both,233,0.272622287273407,1.0,32
B,source_both,234,0.3008992075920105,0.96875,32
B,source_both,235,0.1163901686668396,1.0,32
B,source_both,236,0.34809964895248413,0.90625,32
B,source_both,237,0.06924545764923096,1.0,32
B,source_both,238,0.12668345868587494,0.96875,32
B,source_both,239,0.1196884959936142,1.0,32
B,source_both,240,0.19392839074134827,1.0,32
B,source_both,241,0.26089203357696533,1.0,32
B,source_both,242,0.09683391451835632,1.0,32
B,source_both,243,0.22183802723884583,0.96875,32
B,source_both,244,0.15709346532821655,0.96875,32
B,source_both,245,0.15925224125385284,0.96875,32
B,source_both,246,0.6951526403427124,0.875,32
B,source_both,247,0.15992943942546844,1.0,32
B,source_both,248,0.350068598985672,0.90625,32
B,source_both,249,0.17719043791294098,0.96875,32
B,source_both,250,0.1002635806798935,1.0,32
B,source_both,251,0.2223677933216095,0.96875,32
B,source_both,252,0.15356020629405975,0.96875,32
B,source_both,253,0.21073374152183533,0.96875,32
B,source_both,254,0.2046343982219696,1.0,32
B,source_both,255,0.12653540074825287,1.0,32
C,baseline,0,1.6600638628005981,0.75,32
C,baseline,1,1.9399020671844482,0.6875,32
C,baseline,2,1.9683971405029297,0.625,32
C,baseline,3,1.674210786819458,0.6875,32
C,baseline,4,2.26190185546875,0.65625,32
C,baseline,5,2.2023749351501465,0.6875,32
C,baseline,6,2.150951862335205,0.71875,32
C,baseline,7,1.736417293548584,0.71875,32
C,baseline,8,2.420109748840332,0.5625,32
C,baseline,9,2.0076019763946533,0.6875,32
C,baseline,10,2.085951566696167,0.8125,32
C,baseline,11,2.1500658988952637,0.6875,32
C,baseline,12,2.170393466949463,0.65625,32
C,baseline,13,1.8845853805541992,0.6875,32
C,baseline,14,1.777008056640625,0.71875,32
C,baseline,15,2.7771120071411133,0.53125,32
C,baseline,16,2.12553071975708,0.625,32
C,baseline,17,1.7864797115325928,0.71875,32
C,baseline,18,2.0729873180389404,0.71875,32
C,baseline,19,2.510077476501465,0.625,32
C,baseline,20,2.1358399391174316,0.65625,32
C,baseline,21,2.605098009109497,0.59375,32
C,baseline,22,2.4196364879608154,0.625,32
C,baseline,23,2.3435657024383545,0.6875,32
C,baseline,24,1.6052099466323853,0.71875,32
C,baseline,25,2.0922939777374268,0.6875,32
C,baseline,26,2.701200485229492,0.5625,32
C,baseline,27,2.9413628578186035,0.53125,32
C,baseline,28,1.8180336952209473,0.71875,32
C,baseline,29,1.6298118829727173,0.71875,32
C,baseline,30,1.6658987998962402,0.75,32
C,baseline,31,1.3816152811050415,0.75,32
C,replay,0,1.6600638628005981,0.75,32
C,replay,1,1.9399020671844482,0.6875,32
C,replay,2,1.9683971405029297,0.625,32
C,replay,3,1.674210786819458,0.6875,32
C,replay,4,2.26190185546875,0.65625,32
C,replay,5,2.2023749351501465,0.6875,32
C,replay,6,2.150951862335205,0.71875,32
C,replay,7,1.736417293548584,0.71875,32
C,replay,8,2.420109748840332,0.5625,32
C,replay,9,2.0076019763946533,0.6875,32
C,replay,10,2.085951566696167,0.8125,32
C,replay,11,2.1500658988952637,0.6875,32
C,replay,12,2.170393466949463,0.65625,32
C,replay,13,1.8845853805541992,0.6875,32
C,replay,14,1.777008056640625,0.71875,32
C,replay,15,2.7771120071411133,0.53125,32
C,replay,16,2.12553071975708,0.625,32
C,replay,17,1.7864797115325928,0.71875,32
C,replay,18,2.0729873180389404,0.71875,32
C,replay,19,2.510077476501465,0.625,32
C,replay,20,2.1358399391174316,0.65625,32
C,replay,21,2.605098009109497,0.59375,32
C,replay,22,2.4196364879608154,0.625,32
C,replay,23,2.3435657024383545,0.6875,32
C,replay,24,1.6052099466323853,0.71875,32
C,replay,25,2.0922939777374268,0.6875,32
C,replay,26,2.701200485229492,0.5625,32
C,replay,27,2.9413628578186035,0.53125,32
C,replay,28,1.8180336952209473,0.71875,32
C,replay,29,1.6298118829727173,0.71875,32
C,replay,30,1.6658987998962402,0.75,32
C,replay,31,1.3816152811050415,0.75,32
C,source_head0,0,0.2838418483734131,0.96875,32
C,source_head0,1,0.1727685034275055,1.0,32
C,source_head0,2,0.2838299870491028,1.0,32
C,source_head0,3,0.34612950682640076,0.9375,32
C,source_head0,4,0.3651435375213623,1.0,32
C,source_head0,5,0.6284210681915283,0.96875,32
C,source_head0,6,0.3405452072620392,0.96875,32
C,source_head0,7,0.6878029108047485,0.90625,32
C,source_head0,8,0.15520983934402466,1.0,32
C,source_head0,9,0.18284127116203308,1.0,32
C,source_head0,10,0.8634663820266724,0.875,32
C,source_head0,11,0.6279203295707703,0.90625,32
C,source_head0,12,0.7413231134414673,0.9375,32
C,source_head0,13,0.3372499644756317,0.9375,32
C,source_head0,14,0.2746829390525818,1.0,32
C,source_head0,15,0.30369120836257935,0.96875,32
C,source_head0,16,0.5399543642997742,0.875,32
C,source_head0,17,0.4087027311325073,0.9375,32
C,source_head0,18,0.5355892181396484,0.9375,32
C,source_head0,19,0.45293498039245605,0.96875,32
C,source_head0,20,0.28971290588378906,1.0,32
C,source_head0,21,0.28077974915504456,1.0,32
C,source_head0,22,0.22779762744903564,1.0,32
C,source_head0,23,0.29292434453964233,0.9375,32
C,source_head0,24,0.12460258603096008,1.0,32
C,source_head0,25,0.37304818630218506,1.0,32
C,source_head0,26,0.3974783420562744,0.9375,32
C,source_head0,27,0.3000260293483734,1.0,32
C,source_head0,28,0.3464643061161041,0.96875,32
C,source_head0,29,0.4827626049518585,0.9375,32
C,source_head0,30,0.5435376763343811,0.90625,32
C,source_head0,31,0.22105294466018677,1.0,32
C,source_head1,0,0.28539514541625977,1.0,32
C,source_head1,1,0.15872693061828613,1.0,32
C,source_head1,2,0.22067880630493164,1.0,32
C,source_head1,3,0.31345319747924805,0.96875,32
C,source_head1,4,0.3743014633655548,1.0,32
C,source_head1,5,0.5773942470550537,0.96875,32
C,source_head1,6,0.43988528847694397,0.96875,32
C,source_head1,7,0.5715094804763794,0.875,32
C,source_head1,8,0.21640008687973022,1.0,32
C,source_head1,9,0.14046096801757812,1.0,32
C,source_head1,10,0.9338295459747314,0.90625,32
C,source_head1,11,0.5895625948905945,0.9375,32
C,source_head1,12,0.6822108030319214,0.96875,32
C,source_head1,13,0.33512651920318604,0.96875,32
C,source_head1,14,0.2851342558860779,1.0,32
C,source_head1,15,0.29527971148490906,0.96875,32
C,source_head1,16,0.3696923553943634,1.0,32
C,source_head1,17,0.3718110918998718,0.9375,32
C,source_head1,18,0.5496877431869507,0.9375,32
C,source_head1,19,0.48696136474609375,0.9375,32
C,source_head1,20,0.2894459366798401,1.0,32
C,source_head1,21,0.42517516016960144,0.96875,32
C,source_head1,22,0.24352435767650604,1.0,32
C,source_head1,23,0.3529841899871826,0.9375,32
C,source_head1,24,0.1464642435312271,1.0,32
C,source_head1,25,0.3239702582359314,1.0,32
C,source_head1,26,0.41647040843963623,0.9375,32
C,source_head1,27,0.2794020175933838,1.0,32
C,source_head1,28,0.3400213122367859,1.0,32
C,source_head1,29,0.40326768159866333,0.9375,32
C,source_head1,30,0.47315385937690735,0.9375,32
C,source_head1,31,0.28464165329933167,1.0,32
C,source_both,0,0.06796567142009735,1.0,32
C,source_both,1,0.036970339715480804,1.0,32
C,source_both,2,0.1196037232875824,1.0,32
C,source_both,3,0.33243048191070557,0.9375,32
C,source_both,4,0.1273302286863327,1.0,32
C,source_both,5,0.35908737778663635,0.96875,32
C,source_both,6,0.20038028061389923,0.96875,32
C,source_both,7,0.35454875230789185,0.9375,32
C,source_both,8,0.02883714810013771,1.0,32
C,source_both,9,0.019096937030553818,1.0,32
C,source_both,10,0.2930702567100525,0.96875,32
C,source_both,11,0.18881842494010925,1.0,32
C,source_both,12,0.5163867473602295,0.96875,32
C,source_both,13,0.05940070375800133,1.0,32
C,source_both,14,0.06750528514385223,1.0,32
C,source_both,15,0.07701299339532852,1.0,32
C,source_both,16,0.181868314743042,1.0,32
C,source_both,17,0.1292780488729477,0.96875,32
C,source_both,18,0.18515485525131226,1.0,32
C,source_both,19,0.15823647379875183,0.96875,32
C,source_both,20,0.15708154439926147,1.0,32
C,source_both,21,0.07446358352899551,1.0,32
C,source_both,22,0.06638490408658981,1.0,32
C,source_both,23,0.1261419802904129,0.96875,32
C,source_both,24,0.2086593359708786,0.96875,32
C,source_both,25,0.14927083253860474,1.0,32
C,source_both,26,0.11621015518903732,1.0,32
C,source_both,27,0.0392681285738945,1.0,32
C,source_both,28,0.07028308510780334,1.0,32
C,source_both,29,0.2735779285430908,0.9375,32
C,source_both,30,0.2275141179561615,0.96875,32
C,source_both,31,0.10637439042329788,1.0,32
C,baseline,32,2.4166626930236816,0.53125,32
C,baseline,33,2.97910737991333,0.59375,32
C,baseline,34,1.448233962059021,0.71875,32
C,baseline,35,1.9587942361831665,0.65625,32
C,baseline,36,2.1419661045074463,0.65625,32
C,baseline,37,2.687244415283203,0.5625,32
C,baseline,38,1.8563799858093262,0.71875,32
C,baseline,39,1.714348554611206,0.75,32
C,baseline,40,2.5552892684936523,0.625,32
C,baseline,41,2.7900896072387695,0.59375,32
C,baseline,42,1.9595661163330078,0.75,32
C,baseline,43,1.9363179206848145,0.71875,32
C,baseline,44,2.105410099029541,0.625,32
C,baseline,45,2.4234914779663086,0.625,32
C,baseline,46,2.0588393211364746,0.75,32
C,baseline,47,2.8879823684692383,0.59375,32
C,baseline,48,1.5985865592956543,0.71875,32
C,baseline,49,1.7486417293548584,0.6875,32
C,baseline,50,1.5078235864639282,0.75,32
C,baseline,51,1.919334888458252,0.75,32
C,baseline,52,1.948849081993103,0.6875,32
C,baseline,53,1.5645920038223267,0.75,32
C,baseline,54,2.048882007598877,0.65625,32
C,baseline,55,2.874009609222412,0.5625,32
C,baseline,56,1.9684672355651855,0.6875,32
C,baseline,57,2.1025373935699463,0.6875,32
C,baseline,58,2.531876802444458,0.59375,32
C,baseline,59,2.7773356437683105,0.59375,32
C,baseline,60,2.805436849594116,0.59375,32
C,baseline,61,1.3822745084762573,0.8125,32
C,baseline,62,2.3786139488220215,0.59375,32
C,baseline,63,2.2897682189941406,0.625,32
C,replay,32,2.4166626930236816,0.53125,32
C,replay,33,2.97910737991333,0.59375,32
C,replay,34,1.448233962059021,0.71875,32
C,replay,35,1.9587942361831665,0.65625,32
C,replay,36,2.1419661045074463,0.65625,32
C,replay,37,2.687244415283203,0.5625,32
C,replay,38,1.8563799858093262,0.71875,32
C,replay,39,1.714348554611206,0.75,32
C,replay,40,2.5552892684936523,0.625,32
C,replay,41,2.7900896072387695,0.59375,32
C,replay,42,1.9595661163330078,0.75,32
C,replay,43,1.9363179206848145,0.71875,32
C,replay,44,2.105410099029541,0.625,32
C,replay,45,2.4234914779663086,0.625,32
C,replay,46,2.0588393211364746,0.75,32
C,replay,47,2.8879823684692383,0.59375,32
C,replay,48,1.5985865592956543,0.71875,32
C,replay,49,1.7486417293548584,0.6875,32
C,replay,50,1.5078235864639282,0.75,32
C,replay,51,1.919334888458252,0.75,32
C,replay,52,1.948849081993103,0.6875,32
C,replay,53,1.5645920038223267,0.75,32
C,replay,54,2.048882007598877,0.65625,32
C,replay,55,2.874009609222412,0.5625,32
C,replay,56,1.9684672355651855,0.6875,32
C,replay,57,2.1025373935699463,0.6875,32
C,replay,58,2.531876802444458,0.59375,32
C,replay,59,2.7773356437683105,0.59375,32
C,replay,60,2.805436849594116,0.59375,32
C,replay,61,1.3822745084762573,0.8125,32
C,replay,62,2.3786139488220215,0.59375,32
C,replay,63,2.2897682189941406,0.625,32
C,source_head0,32,0.41963744163513184,0.96875,32
C,source_head0,33,0.21077914535999298,1.0,32
C,source_head0,34,0.17599672079086304,1.0,32
C,source_head0,35,0.08810800313949585,1.0,32
C,source_head0,36,0.6250590085983276,0.96875,32
C,source_head0,37,0.437680721282959,1.0,32
C,source_head0,38,0.13306134939193726,1.0,32
C,source_head0,39,0.2645719051361084,0.96875,32
C,source_head0,40,0.24104146659374237,1.0,32
C,source_head0,41,0.5240793228149414,0.9375,32
C,source_head0,42,0.3821755051612854,1.0,32
C,source_head0,43,0.4701436161994934,1.0,32
C,source_head0,44,0.1569776087999344,1.0,32
C,source_head0,45,0.34182798862457275,0.96875,32
C,source_head0,46,0.8944592475891113,0.90625,32
C,source_head0,47,0.5220582485198975,0.9375,32
C,source_head0,48,0.08224783837795258,1.0,32
C,source_head0,49,0.30635353922843933,0.96875,32
C,source_head0,50,0.3869656026363373,0.9375,32
C,source_head0,51,0.181742325425148,1.0,32
C,source_head0,52,0.20649705827236176,0.96875,32
C,source_head0,53,0.06945814937353134,1.0,32
C,source_head0,54,0.19441838562488556,0.96875,32
C,source_head0,55,0.5416492223739624,0.9375,32
C,source_head0,56,0.12920856475830078,1.0,32
C,source_head0,57,0.12090002000331879,1.0,32
C,source_head0,58,0.11644609272480011,1.0,32
C,source_head0,59,0.26522141695022583,0.96875,32
C,source_head0,60,0.39200517535209656,0.96875,32
C,source_head0,61,0.15650030970573425,1.0,32
C,source_head0,62,0.17606285214424133,1.0,32
C,source_head0,63,0.6149572134017944,0.96875,32
C,source_head1,32,0.3254201412200928,1.0,32
C,source_head1,33,0.3033604919910431,0.96875,32
C,source_head1,34,0.1637578010559082,1.0,32
C,source_head1,35,0.1699899435043335,1.0,32
C,source_head1,36,0.5783027410507202,0.96875,32
C,source_head1,37,0.48024556040763855,1.0,32
C,source_head1,38,0.17030182480812073,1.0,32
C,source_head1,39,0.24925997853279114,1.0,32
C,source_head1,40,0.2427109032869339,1.0,32
C,source_head1,41,0.44464296102523804,0.96875,32
C,source_head1,42,0.3632586598396301,1.0,32
C,source_head1,43,0.49375665187835693,0.96875,32
C,source_head1,44,0.17728495597839355,1.0,32
C,source_head1,45,0.4913383722305298,0.96875,32
C,source_head1,46,0.892200767993927,0.90625,32
C,source_head1,47,0.5895147323608398,0.96875,32
C,source_head1,48,0.10008306056261063,1.0,32
C,source_head1,49,0.2652076482772827,1.0,32
C,source_head1,50,0.43580329418182373,0.9375,32
C,source_head1,51,0.3331354260444641,1.0,32
C,source_head1,52,0.2858923077583313,0.9375,32
C,source_head1,53,0.11860991269350052,1.0,32
C,source_head1,54,0.2231203317642212,0.96875,32
C,source_head1,55,0.46285733580589294,0.9375,32
C,source_head1,56,0.1500190943479538,1.0,32
C,source_head1,57,0.15234917402267456,1.0,32
C,source_head1,58,0.11788066476583481,1.0,32
C,source_head1,59,0.42352694272994995,0.96875,32
C,source_head1,60,0.48066189885139465,0.96875,32
C,source_head1,61,0.17386236786842346,1.0,32
C,source_head1,62,0.1643669307231903,1.0,32
C,source_head1,63,0.5904542803764343,0.96875,32
C,source_both,32,0.10350015014410019,1.0,32
C,source_both,33,0.036377813667058945,1.0,32
C,source_both,34,0.12610536813735962,1.0,32
C,source_both,35,0.043383415788412094,1.0,32
C,source_both,36,0.4672640264034271,0.96875,32
C,source_both,37,0.13072431087493896,1.0,32
C,source_both,38,0.040093861520290375,1.0,32
C,source_both,39,0.11880253255367279,1.0,32
C,source_both,40,0.08133970201015472,1.0,32
C,source_both,41,0.0731607973575592,1.0,32
C,source_both,42,0.19004008173942566,1.0,32
C,source_both,43,0.274467408657074,1.0,32
C,source_both,44,0.02446058765053749,1.0,32
C,source_both,45,0.09373887628316879,0.96875,32
C,source_both,46,0.638390064239502,0.90625,32
C,source_both,47,0.09622400999069214,1.0,32
C,source_both,48,0.02717231586575508,1.0,32
C,source_both,49,0.06714606285095215,1.0,32
C,source_both,50,0.3119429349899292,0.96875,32
C,source_both,51,0.18197683990001678,1.0,32
C,source_both,52,0.048623256385326385,1.0,32
C,source_both,53,0.02465573325753212,1.0,32
C,source_both,54,0.05749225988984108,1.0,32
C,source_both,55,0.11927135288715363,1.0,32
C,source_both,56,0.0464947372674942,1.0,32
C,source_both,57,0.03595677390694618,1.0,32
C,source_both,58,0.018475936725735664,1.0,32
C,source_both,59,0.0544746071100235,1.0,32
C,source_both,60,0.04660883545875549,1.0,32
C,source_both,61,0.07444258779287338,1.0,32
C,source_both,62,0.030994128435850143,1.0,32
C,source_both,63,0.23765048384666443,0.96875,32
C,baseline,64,1.959618091583252,0.65625,32
C,baseline,65,1.8493633270263672,0.65625,32
C,baseline,66,2.510573387145996,0.5625,32
C,baseline,67,3.106656074523926,0.53125,32
C,baseline,68,2.422083854675293,0.65625,32
C,baseline,69,2.6377453804016113,0.5625,32
C,baseline,70,2.864684581756592,0.53125,32
C,baseline,71,2.3596701622009277,0.65625,32
C,baseline,72,2.5154552459716797,0.625,32
C,baseline,73,2.411064624786377,0.625,32
C,baseline,74,1.3935487270355225,0.78125,32
C,baseline,75,2.679957389831543,0.5625,32
C,baseline,76,2.2363314628601074,0.625,32
C,baseline,77,2.5492589473724365,0.5625,32
C,baseline,78,2.477860927581787,0.5625,32
C,baseline,79,1.5605348348617554,0.75,32
C,baseline,80,0.9346106052398682,0.84375,32
C,baseline,81,1.5256845951080322,0.71875,32
C,baseline,82,2.7909886837005615,0.59375,32
C,baseline,83,1.8474026918411255,0.6875,32
C,baseline,84,3.055659055709839,0.5,32
C,baseline,85,2.454772710800171,0.5625,32
C,baseline,86,2.094723701477051,0.65625,32
C,baseline,87,2.7297210693359375,0.53125,32
C,baseline,88,1.8961949348449707,0.71875,32
C,baseline,89,1.8359723091125488,0.6875,32
C,baseline,90,2.0048727989196777,0.65625,32
C,baseline,91,2.068345308303833,0.71875,32
C,baseline,92,2.2022743225097656,0.6875,32
C,baseline,93,2.910820960998535,0.5,32
C,baseline,94,1.0906254053115845,0.8125,32
C,baseline,95,2.310225486755371,0.59375,32
C,replay,64,1.959618091583252,0.65625,32
C,replay,65,1.8493633270263672,0.65625,32
C,replay,66,2.510573387145996,0.5625,32
C,replay,67,3.106656074523926,0.53125,32
C,replay,68,2.422083854675293,0.65625,32
C,replay,69,2.6377453804016113,0.5625,32
C,replay,70,2.864684581756592,0.53125,32
C,replay,71,2.3596701622009277,0.65625,32
C,replay,72,2.5154552459716797,0.625,32
C,replay,73,2.411064624786377,0.625,32
C,replay,74,1.3935487270355225,0.78125,32
C,replay,75,2.679957389831543,0.5625,32
C,replay,76,2.2363314628601074,0.625,32
C,replay,77,2.5492589473724365,0.5625,32
C,replay,78,2.477860927581787,0.5625,32
C,replay,79,1.5605348348617554,0.75,32
C,replay,80,0.9346106052398682,0.84375,32
C,replay,81,1.5256845951080322,0.71875,32
C,replay,82,2.7909886837005615,0.59375,32
C,replay,83,1.8474026918411255,0.6875,32
C,replay,84,3.055659055709839,0.5,32
C,replay,85,2.454772710800171,0.5625,32
C,replay,86,2.094723701477051,0.65625,32
C,replay,87,2.7297210693359375,0.53125,32
C,replay,88,1.8961949348449707,0.71875,32
C,replay,89,1.8359723091125488,0.6875,32
C,replay,90,2.0048727989196777,0.65625,32
C,replay,91,2.068345308303833,0.71875,32
C,replay,92,2.2022743225097656,0.6875,32
C,replay,93,2.910820960998535,0.5,32
C,replay,94,1.0906254053115845,0.8125,32
C,replay,95,2.310225486755371,0.59375,32
C,source_head0,64,0.20704084634780884,1.0,32
C,source_head0,65,0.4488619565963745,0.96875,32
C,source_head0,66,0.3474630117416382,1.0,32
C,source_head0,67,0.6346637010574341,0.875,32
C,source_head0,68,0.783067524433136,0.90625,32
C,source_head0,69,0.10569293797016144,1.0,32
C,source_head0,70,0.3147091865539551,0.9375,32
C,source_head0,71,0.9507102966308594,0.90625,32
C,source_head0,72,0.23193466663360596,1.0,32
C,source_head0,73,0.23848998546600342,1.0,32
C,source_head0,74,0.1649112105369568,1.0,32
C,source_head0,75,0.5006924271583557,0.90625,32
C,source_head0,76,0.24265366792678833,1.0,32
C,source_head0,77,0.2750336825847626,1.0,32
C,source_head0,78,0.2731567621231079,1.0,32
C,source_head0,79,0.2832040786743164,1.0,32
C,source_head0,80,0.08002345263957977,1.0,32
C,source_head0,81,0.13138800859451294,1.0,32
C,source_head0,82,0.43286144733428955,0.9375,32
C,source_head0,83,0.23371967673301697,0.96875,32
C,source_head0,84,0.14859551191329956,1.0,32
C,source_head0,85,0.31419968605041504,1.0,32
C,source_head0,86,0.16790151596069336,1.0,32
C,source_head0,87,0.20914795994758606,1.0,32
C,source_head0,88,0.5006013512611389,0.96875,32
C,source_head0,89,0.13028430938720703,1.0,32
C,source_head0,90,0.25966280698776245,1.0,32
C,source_head0,91,0.6906871795654297,0.96875,32
C,source_head0,92,0.134618878364563,1.0,32
C,source_head0,93,0.4084434509277344,0.96875,32
C,source_head0,94,0.2085556983947754,0.96875,32
C,source_head0,95,0.27573534846305847,0.96875,32
C,source_head1,64,0.2603589594364166,0.96875,32
C,source_head1,65,0.4690854847431183,0.9375,32
C,source_head1,66,0.3993288278579712,0.96875,32
C,source_head1,67,0.6205637454986572,0.90625,32
C,source_head1,68,0.7537654638290405,0.90625,32
C,source_head1,69,0.1634419709444046,1.0,32
C,source_head1,70,0.41094970703125,0.90625,32
C,source_head1,71,0.8052467107772827,0.90625,32
C,source_head1,72,0.3104480803012848,1.0,32
C,source_head1,73,0.25672033429145813,1.0,32
C,source_head1,74,0.2019537091255188,1.0,32
C,source_head1,75,0.7270511388778687,0.875,32
C,source_head1,76,0.2148590385913849,1.0,32
C,source_head1,77,0.282504677772522,1.0,32
C,source_head1,78,0.398251473903656,0.96875,32
C,source_head1,79,0.23888733983039856,0.96875,32
C,source_head1,80,0.09854312241077423,1.0,32
C,source_head1,81,0.19743990898132324,1.0,32
C,source_head1,82,0.5422991514205933,0.90625,32
C,source_head1,83,0.27287471294403076,0.96875,32
C,source_head1,84,0.272113174200058,1.0,32
C,source_head1,85,0.221901535987854,1.0,32
C,source_head1,86,0.30437755584716797,0.96875,32
C,source_head1,87,0.3212067484855652,1.0,32
C,source_head1,88,0.4423360824584961,0.96875,32
C,source_head1,89,0.14217567443847656,1.0,32
C,source_head1,90,0.3243526518344879,0.96875,32
C,source_head1,91,0.7384377717971802,0.9375,32
C,source_head1,92,0.19063280522823334,1.0,32
C,source_head1,93,0.467285692691803,0.96875,32
C,source_head1,94,0.22997397184371948,0.96875,32
C,source_head1,95,0.3429456353187561,0.96875,32
C,source_both,64,0.10051113367080688,1.0,32
C,source_both,65,0.35787147283554077,0.96875,32
C,source_both,66,0.16558095812797546,1.0,32
C,source_both,67,0.24861279129981995,0.9375,32
C,source_both,68,0.5420815348625183,0.9375,32
C,source_both,69,0.019321374595165253,1.0,32
C,source_both,70,0.1998966932296753,0.9375,32
C,source_both,71,0.6329018473625183,0.9375,32
C,source_both,72,0.08911961317062378,1.0,32
C,source_both,73,0.07436702400445938,1.0,32
C,source_both,74,0.08385245501995087,1.0,32
C,source_both,75,0.18201684951782227,1.0,32
C,source_both,76,0.09057225286960602,1.0,32
C,source_both,77,0.06156187132000923,1.0,32
C,source_both,78,0.0894719660282135,1.0,32
C,source_both,79,0.055045634508132935,1.0,32
C,source_both,80,0.031985510140657425,1.0,32
C,source_both,81,0.10502474009990692,1.0,32
C,source_both,82,0.3095704913139343,0.9375,32
C,source_both,83,0.16539713740348816,1.0,32
C,source_both,84,0.032799817621707916,1.0,32
C,source_both,85,0.03627105429768562,1.0,32
C,source_both,86,0.05300811678171158,1.0,32
C,source_both,87,0.05635622888803482,1.0,32
C,source_both,88,0.2543727457523346,0.96875,32
C,source_both,89,0.030278600752353668,1.0,32
C,source_both,90,0.0706619918346405,1.0,32
C,source_both,91,0.6212691068649292,0.9375,32
C,source_both,92,0.03373750299215317,1.0,32
C,source_both,93,0.15899139642715454,1.0,32
C,source_both,94,0.08701719343662262,1.0,32
C,source_both,95,0.09634015709161758,0.96875,32
C,baseline,96,3.087852716445923,0.53125,32
C,baseline,97,1.4657524824142456,0.75,32
C,baseline,98,1.8434138298034668,0.71875,32
C,baseline,99,2.0465712547302246,0.6875,32
C,baseline,100,2.6177220344543457,0.59375,32
C,baseline,101,2.297006607055664,0.65625,32
C,baseline,102,2.6376090049743652,0.5625,32
C,baseline,103,1.2290911674499512,0.78125,32
C,baseline,104,2.162912368774414,0.625,32
C,baseline,105,1.8142727613449097,0.65625,32
C,baseline,106,2.844883918762207,0.5625,32
C,baseline,107,2.6683921813964844,0.5625,32
C,baseline,108,1.3929271697998047,0.78125,32
C,baseline,109,2.5772788524627686,0.625,32
C,baseline,110,2.1183977127075195,0.625,32
C,baseline,111,2.039142608642578,0.71875,32
C,baseline,112,1.976914644241333,0.6875,32
C,baseline,113,2.450773239135742,0.59375,32
C,baseline,114,2.007206916809082,0.6875,32
C,baseline,115,2.4957520961761475,0.59375,32
C,baseline,116,2.012648105621338,0.71875,32
C,baseline,117,2.771702766418457,0.59375,32
C,baseline,118,1.7683240175247192,0.65625,32
C,baseline,119,2.7530479431152344,0.65625,32
C,baseline,120,2.184298038482666,0.625,32
C,baseline,121,2.3734023571014404,0.59375,32
C,baseline,122,1.6840698719024658,0.75,32
C,baseline,123,2.670172929763794,0.59375,32
C,baseline,124,1.9295690059661865,0.6875,32
C,baseline,125,2.502467632293701,0.59375,32
C,baseline,126,2.3475942611694336,0.625,32
C,baseline,127,3.2696237564086914,0.5,32
C,replay,96,3.087852716445923,0.53125,32
C,replay,97,1.4657524824142456,0.75,32
C,replay,98,1.8434138298034668,0.71875,32
C,replay,99,2.0465712547302246,0.6875,32
C,replay,100,2.6177220344543457,0.59375,32
C,replay,101,2.297006607055664,0.65625,32
C,replay,102,2.6376090049743652,0.5625,32
C,replay,103,1.2290911674499512,0.78125,32
C,replay,104,2.162912368774414,0.625,32
C,replay,105,1.8142727613449097,0.65625,32
C,replay,106,2.844883918762207,0.5625,32
C,replay,107,2.6683921813964844,0.5625,32
C,replay,108,1.3929271697998047,0.78125,32
C,replay,109,2.5772788524627686,0.625,32
C,replay,110,2.1183977127075195,0.625,32
C,replay,111,2.039142608642578,0.71875,32
C,replay,112,1.976914644241333,0.6875,32
C,replay,113,2.450773239135742,0.59375,32
C,replay,114,2.007206916809082,0.6875,32
C,replay,115,2.4957520961761475,0.59375,32
C,replay,116,2.012648105621338,0.71875,32
C,replay,117,2.771702766418457,0.59375,32
C,replay,118,1.7683240175247192,0.65625,32
C,replay,119,2.7530479431152344,0.65625,32
C,replay,120,2.184298038482666,0.625,32
C,replay,121,2.3734023571014404,0.59375,32
C,replay,122,1.6840698719024658,0.75,32
C,replay,123,2.670172929763794,0.59375,32
C,replay,124,1.9295690059661865,0.6875,32
C,replay,125,2.502467632293701,0.59375,32
C,replay,126,2.3475942611694336,0.625,32
C,replay,127,3.2696237564086914,0.5,32
C,source_head0,96,0.2106224000453949,0.96875,32
C,source_head0,97,0.07513640820980072,1.0,32
C,source_head0,98,0.3369944095611572,1.0,32
C,source_head0,99,0.7299418449401855,0.875,32
C,source_head0,100,0.47519901394844055,0.9375,32
C,source_head0,101,0.1948637217283249,0.96875,32
C,source_head0,102,0.33457159996032715,1.0,32
C,source_head0,103,0.1741463840007782,1.0,32
C,source_head0,104,0.2433706372976303,1.0,32
C,source_head0,105,0.20507916808128357,1.0,32
C,source_head0,106,0.29367876052856445,0.9375,32
C,source_head0,107,0.3453614115715027,0.96875,32
C,source_head0,108,0.24509835243225098,1.0,32
C,source_head0,109,0.2949488162994385,1.0,32
C,source_head0,110,0.23181354999542236,0.96875,32
C,source_head0,111,0.23010259866714478,0.96875,32
C,source_head0,112,0.25755465030670166,1.0,32
C,source_head0,113,0.27372753620147705,0.96875,32
C,source_head0,114,0.31837499141693115,1.0,32
C,source_head0,115,0.2398989498615265,1.0,32
C,source_head0,116,0.06998316943645477,1.0,32
C,source_head0,117,0.33730870485305786,0.90625,32
C,source_head0,118,0.20400884747505188,1.0,32
C,source_head0,119,0.6875767707824707,0.90625,32
C,source_head0,120,0.35277649760246277,0.9375,32
C,source_head0,121,0.4111616015434265,0.9375,32
C,source_head0,122,0.2269459366798401,1.0,32
C,source_head0,123,0.2760528326034546,1.0,32
C,source_head0,124,0.5789452791213989,0.9375,32
C,source_head0,125,0.3469412922859192,0.96875,32
C,source_head0,126,0.13216325640678406,0.96875,32
C,source_head0,127,0.6663193106651306,0.90625,32
C,source_head1,96,0.2835735082626343,0.96875,32
C,source_head1,97,0.09861456602811813,1.0,32
C,source_head1,98,0.33906346559524536,1.0,32
C,source_head1,99,0.6535226702690125,0.90625,32
C,source_head1,100,0.5784904360771179,0.90625,32
C,source_head1,101,0.2318330556154251,1.0,32
C,source_head1,102,0.36494147777557373,1.0,32
C,source_head1,103,0.24363332986831665,0.96875,32
C,source_head1,104,0.2580239176750183,1.0,32
C,source_head1,105,0.2698948383331299,1.0,32
C,source_head1,106,0.4137797951698303,0.9375,32
C,source_head1,107,0.6359426975250244,0.9375,32
C,source_head1,108,0.27990391850471497,1.0,32
C,source_head1,109,0.40206292271614075,0.96875,32
C,source_head1,110,0.27378135919570923,1.0,32
C,source_head1,111,0.279957115650177,1.0,32
C,source_head1,112,0.3199974596500397,0.96875,32
C,source_head1,113,0.27469348907470703,0.96875,32
C,source_head1,114,0.39242085814476013,1.0,32
C,source_head1,115,0.37295883893966675,1.0,32
C,source_head1,116,0.09863415360450745,1.0,32
C,source_head1,117,0.4736119508743286,0.9375,32
C,source_head1,118,0.2210475504398346,1.0,32
C,source_head1,119,0.7271019816398621,0.90625,32
C,source_head1,120,0.30820220708847046,0.9375,32
C,source_head1,121,0.45623132586479187,0.96875,32
C,source_head1,122,0.31812793016433716,1.0,32
C,source_head1,123,0.270674467086792,1.0,32
C,source_head1,124,0.5988828539848328,0.9375,32
C,source_head1,125,0.3826828598976135,0.96875,32
C,source_head1,126,0.23656514286994934,0.96875,32
C,source_head1,127,0.704755425453186,0.90625,32
C,source_both,96,0.04221860691905022,1.0,32
C,source_both,97,0.031103454530239105,1.0,32
C,source_both,98,0.15581516921520233,0.96875,32
C,source_both,99,0.48809778690338135,0.90625,32
C,source_both,100,0.16901329159736633,1.0,32
C,source_both,101,0.05293100327253342,1.0,32
C,source_both,102,0.07433711737394333,1.0,32
C,source_both,103,0.04465018957853317,1.0,32
C,source_both,104,0.07508727163076401,1.0,32
C,source_both,105,0.09860588610172272,1.0,32
C,source_both,106,0.1491754949092865,0.96875,32
C,source_both,107,0.14071035385131836,1.0,32
C,source_both,108,0.05145731195807457,1.0,32
C,source_both,109,0.14213994145393372,1.0,32
C,source_both,110,0.07210483402013779,1.0,32
C,source_both,111,0.04157216101884842,1.0,32
C,source_both,112,0.05938360095024109,1.0,32
C,source_both,113,0.06257502734661102,1.0,32
C,source_both,114,0.26120027899742126,0.96875,32
C,source_both,115,0.08251815289258957,1.0,32
C,source_both,116,0.02029459923505783,1.0,32
C,source_both,117,0.08148369193077087,1.0,32
C,source_both,118,0.07334114611148834,1.0,32
C,source_both,119,0.11988133192062378,0.96875,32
C,source_both,120,0.23019728064537048,0.9375,32
C,source_both,121,0.17737245559692383,1.0,32
C,source_both,122,0.22853264212608337,1.0,32
C,source_both,123,0.04466291889548302,1.0,32
C,source_both,124,0.47872722148895264,0.9375,32
C,source_both,125,0.05956307798624039,1.0,32
C,source_both,126,0.029040757566690445,1.0,32
C,source_both,127,0.22452974319458008,0.96875,32
C,baseline,128,2.295217990875244,0.59375,32
C,baseline,129,2.5380711555480957,0.5625,32
C,baseline,130,1.8926087617874146,0.65625,32
C,baseline,131,1.8109140396118164,0.6875,32
C,baseline,132,2.442561626434326,0.59375,32
C,baseline,133,2.9272494316101074,0.625,32
C,baseline,134,3.1355085372924805,0.5,32
C,baseline,135,2.3735861778259277,0.65625,32
C,baseline,136,2.6788058280944824,0.5625,32
C,baseline,137,2.6969828605651855,0.53125,32
C,baseline,138,3.1103885173797607,0.5,32
C,baseline,139,1.5966835021972656,0.71875,32
C,baseline,140,2.054032802581787,0.65625,32
C,baseline,141,2.428142547607422,0.65625,32
C,baseline,142,2.146547317504883,0.65625,32
C,baseline,143,2.317063093185425,0.65625,32
C,baseline,144,2.2031185626983643,0.6875,32
C,baseline,145,2.9455344676971436,0.5,32
C,baseline,146,1.370048999786377,0.75,32
C,baseline,147,1.7937209606170654,0.75,32
C,baseline,148,1.054103136062622,0.78125,32
C,baseline,149,1.1368393898010254,0.8125,32
C,baseline,150,1.9329938888549805,0.65625,32
C,baseline,151,3.1364705562591553,0.5625,32
C,baseline,152,1.8975318670272827,0.65625,32
C,baseline,153,2.3682608604431152,0.65625,32
C,baseline,154,2.321357250213623,0.625,32
C,baseline,155,3.0716421604156494,0.53125,32
C,baseline,156,1.108886480331421,0.75,32
C,baseline,157,1.9299737215042114,0.6875,32
C,baseline,158,1.4420132637023926,0.78125,32
C,baseline,159,1.5036141872406006,0.75,32
C,replay,128,2.295217990875244,0.59375,32
C,replay,129,2.5380711555480957,0.5625,32
C,replay,130,1.8926087617874146,0.65625,32
C,replay,131,1.8109140396118164,0.6875,32
C,replay,132,2.442561626434326,0.59375,32
C,replay,133,2.9272494316101074,0.625,32
C,replay,134,3.1355085372924805,0.5,32
C,replay,135,2.3735861778259277,0.65625,32
C,replay,136,2.6788058280944824,0.5625,32
C,replay,137,2.6969828605651855,0.53125,32
C,replay,138,3.1103885173797607,0.5,32
C,replay,139,1.5966835021972656,0.71875,32
C,replay,140,2.054032802581787,0.65625,32
C,replay,141,2.428142547607422,0.65625,32
C,replay,142,2.146547317504883,0.65625,32
C,replay,143,2.317063093185425,0.65625,32
C,replay,144,2.2031185626983643,0.6875,32
C,replay,145,2.9455344676971436,0.5,32
C,replay,146,1.370048999786377,0.75,32
C,replay,147,1.7937209606170654,0.75,32
C,replay,148,1.054103136062622,0.78125,32
C,replay,149,1.1368393898010254,0.8125,32
C,replay,150,1.9329938888549805,0.65625,32
C,replay,151,3.1364705562591553,0.5625,32
C,replay,152,1.8975318670272827,0.65625,32
C,replay,153,2.3682608604431152,0.65625,32
C,replay,154,2.321357250213623,0.625,32
C,replay,155,3.0716421604156494,0.53125,32
C,replay,156,1.108886480331421,0.75,32
C,replay,157,1.9299737215042114,0.6875,32
C,replay,158,1.4420132637023926,0.78125,32
C,replay,159,1.5036141872406006,0.75,32
C,source_head0,128,0.5610409379005432,0.96875,32
C,source_head0,129,0.3991799056529999,0.96875,32
C,source_head0,130,0.6457195281982422,0.90625,32
C,source_head0,131,0.210103377699852,1.0,32
C,source_head0,132,0.3523840010166168,0.9375,32
C,source_head0,133,0.20628103613853455,1.0,32
C,source_head0,134,0.30371445417404175,1.0,32
C,source_head0,135,0.3019360899925232,0.9375,32
C,source_head0,136,0.16660690307617188,1.0,32
C,source_head0,137,0.38760870695114136,0.96875,32
C,source_head0,138,0.33912158012390137,0.96875,32
C,source_head0,139,0.20190560817718506,1.0,32
C,source_head0,140,0.35295605659484863,1.0,32
C,source_head0,141,0.4837230145931244,0.9375,32
C,source_head0,142,0.2571163773536682,0.96875,32
C,source_head0,143,0.06311680376529694,1.0,32
C,source_head0,144,0.3761419355869293,1.0,32
C,source_head0,145,0.3684021532535553,1.0,32
C,source_head0,146,0.17818334698677063,1.0,32
C,source_head0,147,0.3937622308731079,1.0,32
C,source_head0,148,0.23347662389278412,0.96875,32
C,source_head0,149,0.15143170952796936,1.0,32
C,source_head0,150,0.2925475239753723,1.0,32
C,source_head0,151,0.3281880021095276,0.96875,32
C,source_head0,152,0.25241947174072266,1.0,32
C,source_head0,153,0.1989108771085739,1.0,32
C,source_head0,154,0.25044357776641846,1.0,32
C,source_head0,155,0.2986454963684082,1.0,32
C,source_head0,156,0.1195109561085701,1.0,32
C,source_head0,157,0.19137990474700928,1.0,32
C,source_head0,158,0.24931976199150085,1.0,32
C,source_head0,159,0.15873569250106812,1.0,32
C,source_head1,128,0.3889579176902771,0.96875,32
C,source_head1,129,0.3765673339366913,0.96875,32
C,source_head1,130,0.7022738456726074,0.875,32
C,source_head1,131,0.247209832072258,1.0,32
C,source_head1,132,0.37454354763031006,1.0,32
C,source_head1,133,0.35540857911109924,0.9375,32
C,source_head1,134,0.30833178758621216,1.0,32
C,source_head1,135,0.37384194135665894,0.9375,32
C,source_head1,136,0.29420655965805054,0.96875,32
C,source_head1,137,0.39189162850379944,0.9375,32
C,source_head1,138,0.34019777178764343,0.9375,32
C,source_head1,139,0.29173219203948975,1.0,32
C,source_head1,140,0.34903472661972046,1.0,32
C,source_head1,141,0.5290706157684326,0.9375,32
C,source_head1,142,0.34540125727653503,1.0,32
C,source_head1,143,0.09415334463119507,1.0,32
C,source_head1,144,0.33710068464279175,1.0,32
C,source_head1,145,0.40093404054641724,1.0,32
C,source_head1,146,0.13089855015277863,1.0,32
C,source_head1,147,0.31170952320098877,1.0,32
C,source_head1,148,0.20856139063835144,1.0,32
C,source_head1,149,0.17867891490459442,1.0,32
C,source_head1,150,0.23105353116989136,1.0,32
C,source_head1,151,0.41618025302886963,0.9375,32
C,source_head1,152,0.3333140015602112,1.0,32
C,source_head1,153,0.3654247224330902,1.0,32
C,source_head1,154,0.24350760877132416,1.0,32
C,source_head1,155,0.28367412090301514,1.0,32
C,source_head1,156,0.09992630034685135,1.0,32
C,source_head1,157,0.1981087028980255,1.0,32
C,source_head1,158,0.23915641009807587,1.0,32
C,source_head1,159,0.21774642169475555,0.96875,32
C,source_both,128,0.39231276512145996,0.96875,32
C,source_both,129,0.15539522469043732,1.0,32
C,source_both,130,0.5681747794151306,0.90625,32
C,source_both,131,0.0996837466955185,1.0,32
C,source_both,132,0.12507927417755127,1.0,32
C,source_both,133,0.03527400270104408,1.0,32
C,source_both,134,0.04638614505529404,1.0,32
C,source_both,135,0.2141331285238266,0.9375,32
C,source_both,136,0.03816858306527138,1.0,32
C,source_both,137,0.20081204175949097,0.96875,32
C,source_both,138,0.08374582231044769,1.0,32
C,source_both,139,0.07344643771648407,1.0,32
C,source_both,140,0.27519384026527405,1.0,32
C,source_both,141,0.1376585215330124,1.0,32
C,source_both,142,0.0731060802936554,1.0,32
C,source_both,143,0.024038532748818398,1.0,32
C,source_both,144,0.11478777229785919,1.0,32
C,source_both,145,0.05529283732175827,1.0,32
C,source_both,146,0.042220935225486755,1.0,32
C,source_both,147,0.06407340615987778,1.0,32
C,source_both,148,0.18721047043800354,0.96875,32
C,source_both,149,0.09932686388492584,1.0,32
C,source_both,150,0.08744160830974579,1.0,32
C,source_both,151,0.06532301753759384,1.0,32
C,source_both,152,0.0559513196349144,1.0,32
C,source_both,153,0.053476184606552124,1.0,32
C,source_both,154,0.03867368400096893,1.0,32
C,source_both,155,0.060993492603302,1.0,32
C,source_both,156,0.09004463255405426,1.0,32
C,source_both,157,0.054936736822128296,1.0,32
C,source_both,158,0.05125296488404274,1.0,32
C,source_both,159,0.1411321759223938,1.0,32
C,baseline,160,2.253878593444824,0.625,32
C,baseline,161,1.001875638961792,0.8125,32
C,baseline,162,2.723906993865967,0.5625,32
C,baseline,163,2.00773286819458,0.71875,32
C,baseline,164,2.490352153778076,0.5625,32
C,baseline,165,1.40040123462677,0.78125,32
C,baseline,166,2.4687321186065674,0.59375,32
C,baseline,167,2.9107847213745117,0.5625,32
C,baseline,168,1.894238829612732,0.6875,32
C,baseline,169,2.3111093044281006,0.59375,32
C,baseline,170,1.519589900970459,0.71875,32
C,baseline,171,1.36869215965271,0.71875,32
C,baseline,172,2.4834280014038086,0.5625,32
C,baseline,173,2.4960479736328125,0.6875,32
C,baseline,174,2.1894688606262207,0.65625,32
C,baseline,175,1.7387155294418335,0.6875,32
C,baseline,176,2.0930016040802,0.625,32
C,baseline,177,2.9506983757019043,0.46875,32
C,baseline,178,1.6576354503631592,0.75,32
C,baseline,179,2.906796932220459,0.59375,32
C,baseline,180,2.2939913272857666,0.65625,32
C,baseline,181,1.4376791715621948,0.8125,32
C,baseline,182,3.6945858001708984,0.4375,32
C,baseline,183,2.5682249069213867,0.59375,32
C,baseline,184,3.0913209915161133,0.5625,32
C,baseline,185,1.9370700120925903,0.6875,32
C,baseline,186,2.297152042388916,0.65625,32
C,baseline,187,3.089148998260498,0.53125,32
C,baseline,188,2.05686616897583,0.6875,32
C,baseline,189,1.741689682006836,0.6875,32
C,baseline,190,2.5893783569335938,0.5625,32
C,baseline,191,1.6199214458465576,0.71875,32
C,replay,160,2.253878593444824,0.625,32
C,replay,161,1.001875638961792,0.8125,32
C,replay,162,2.723906993865967,0.5625,32
C,replay,163,2.00773286819458,0.71875,32
C,replay,164,2.490352153778076,0.5625,32
C,replay,165,1.40040123462677,0.78125,32
C,replay,166,2.4687321186065674,0.59375,32
C,replay,167,2.9107847213745117,0.5625,32
C,replay,168,1.894238829612732,0.6875,32
C,replay,169,2.3111093044281006,0.59375,32
C,replay,170,1.519589900970459,0.71875,32
C,replay,171,1.36869215965271,0.71875,32
C,replay,172,2.4834280014038086,0.5625,32
C,replay,173,2.4960479736328125,0.6875,32
C,replay,174,2.1894688606262207,0.65625,32
C,replay,175,1.7387155294418335,0.6875,32
C,replay,176,2.0930016040802,0.625,32
C,replay,177,2.9506983757019043,0.46875,32
C,replay,178,1.6576354503631592,0.75,32
C,replay,179,2.906796932220459,0.59375,32
C,replay,180,2.2939913272857666,0.65625,32
C,replay,181,1.4376791715621948,0.8125,32
C,replay,182,3.6945858001708984,0.4375,32
C,replay,183,2.5682249069213867,0.59375,32
C,replay,184,3.0913209915161133,0.5625,32
C,replay,185,1.9370700120925903,0.6875,32
C,replay,186,2.297152042388916,0.65625,32
C,replay,187,3.089148998260498,0.53125,32
C,replay,188,2.05686616897583,0.6875,32
C,replay,189,1.741689682006836,0.6875,32
C,replay,190,2.5893783569335938,0.5625,32
C,replay,191,1.6199214458465576,0.71875,32
C,source_head0,160,0.4840998947620392,0.96875,32
C,source_head0,161,0.08568046987056732,0.96875,32
C,source_head0,162,0.37287479639053345,1.0,32
C,source_head0,163,0.3744608163833618,0.9375,32
C,source_head0,164,0.3574197292327881,0.96875,32
C,source_head0,165,0.33438724279403687,0.96875,32
C,source_head0,166,0.14442139863967896,1.0,32
C,source_head0,167,0.15535050630569458,0.96875,32
C,source_head0,168,0.2231537401676178,1.0,32
C,source_head0,169,0.338186651468277,1.0,32
C,source_head0,170,0.28893208503723145,1.0,32
C,source_head0,171,0.0905710756778717,1.0,32
C,source_head0,172,0.25712502002716064,1.0,32
C,source_head0,173,0.6536973118782043,0.9375,32
C,source_head0,174,0.16926544904708862,1.0,32
C,source_head0,175,0.17968514561653137,1.0,32
C,source_head0,176,0.19596365094184875,1.0,32
C,source_head0,177,0.3624078929424286,0.96875,32
C,source_head0,178,0.4610012173652649,0.96875,32
C,source_head0,179,0.557953953742981,0.9375,32
C,source_head0,180,0.5876899361610413,0.90625,32
C,source_head0,181,0.16685470938682556,0.96875,32
C,source_head0,182,0.4167061150074005,1.0,32
C,source_head0,183,0.22696658968925476,1.0,32
C,source_head0,184,0.2632371783256531,1.0,32
C,source_head0,185,0.26933610439300537,1.0,32
C,source_head0,186,0.17138566076755524,1.0,32
C,source_head0,187,0.38790595531463623,0.96875,32
C,source_head0,188,0.15312407910823822,1.0,32
C,source_head0,189,0.17182457447052002,1.0,32
C,source_head0,190,0.22002068161964417,1.0,32
C,source_head0,191,0.15237289667129517,0.96875,32
C,source_head1,160,0.48698318004608154,0.9375,32
C,source_head1,161,0.15501168370246887,0.96875,32
C,source_head1,162,0.3797908425331116,0.96875,32
C,source_head1,163,0.3892274498939514,0.96875,32
C,source_head1,164,0.417683869600296,0.96875,32
C,source_head1,165,0.3569956123828888,0.96875,32
C,source_head1,166,0.21185314655303955,1.0,32
C,source_head1,167,0.2304551601409912,0.96875,32
C,source_head1,168,0.27572378516197205,0.96875,32
C,source_head1,169,0.2772563695907593,1.0,32
C,source_head1,170,0.2890077829360962,1.0,32
C,source_head1,171,0.1183457225561142,1.0,32
C,source_head1,172,0.30126696825027466,1.0,32
C,source_head1,173,0.7066383957862854,0.90625,32
C,source_head1,174,0.1789185106754303,1.0,32
C,source_head1,175,0.2071661651134491,1.0,32
C,source_head1,176,0.31265830993652344,0.96875,32
C,source_head1,177,0.38961154222488403,0.96875,32
C,source_head1,178,0.35946962237358093,1.0,32
C,source_head1,179,0.5901607275009155,0.90625,32
C,source_head1,180,0.6434701681137085,0.90625,32
C,source_head1,181,0.20461273193359375,0.96875,32
C,source_head1,182,0.41891980171203613,1.0,32
C,source_head1,183,0.27090704441070557,1.0,32
C,source_head1,184,0.2680491805076599,1.0,32
C,source_head1,185,0.3572748303413391,1.0,32
C,source_head1,186,0.18074309825897217,1.0,32
C,source_head1,187,0.49194464087486267,0.96875,32
C,source_head1,188,0.2200300097465515,1.0,32
C,source_head1,189,0.23384371399879456,1.0,32
C,source_head1,190,0.3020859360694885,0.96875,32
C,source_head1,191,0.2968088984489441,0.96875,32
C,source_both,160,0.119977667927742,1.0,32
C,source_both,161,0.06355379521846771,0.96875,32
C,source_both,162,0.0732322633266449,1.0,32
C,source_both,163,0.24108390510082245,0.96875,32
C,source_both,164,0.11381765455007553,1.0,32
C,source_both,165,0.4601063132286072,0.9375,32
C,source_both,166,0.02590099908411503,1.0,32
C,source_both,167,0.13327758014202118,0.96875,32
C,source_both,168,0.09177625179290771,1.0,32
C,source_both,169,0.10360196977853775,1.0,32
C,source_both,170,0.07121063768863678,1.0,32
C,source_both,171,0.050069984048604965,1.0,32
C,source_both,172,0.06205189600586891,1.0,32
C,source_both,173,0.14015355706214905,1.0,32
C,source_both,174,0.04558992013335228,1.0,32
C,source_both,175,0.16439497470855713,0.96875,32
C,source_both,176,0.053092606365680695,1.0,32
C,source_both,177,0.12122039496898651,0.9375,32
C,source_both,178,0.21241900324821472,1.0,32
C,source_both,179,0.23655365407466888,0.96875,32
C,source_both,180,0.3213117718696594,0.9375,32
C,source_both,181,0.03327607363462448,1.0,32
C,source_both,182,0.059700336307287216,1.0,32
C,source_both,183,0.041248686611652374,1.0,32
C,source_both,184,0.052453961223363876,1.0,32
C,source_both,185,0.14512291550636292,1.0,32
C,source_both,186,0.05300712585449219,1.0,32
C,source_both,187,0.09202659875154495,0.96875,32
C,source_both,188,0.029283475130796432,1.0,32
C,source_both,189,0.055978924036026,1.0,32
C,source_both,190,0.03404390811920166,1.0,32
C,source_both,191,0.03964982181787491,1.0,32
C,baseline,192,2.9329700469970703,0.5625,32
C,baseline,193,2.9993979930877686,0.53125,32
C,baseline,194,1.1486555337905884,0.8125,32
C,baseline,195,2.1486637592315674,0.65625,32
C,baseline,196,2.0718040466308594,0.71875,32
C,baseline,197,2.9899604320526123,0.53125,32
C,baseline,198,3.450850486755371,0.46875,32
C,baseline,199,1.9329514503479004,0.6875,32
C,baseline,200,2.2118325233459473,0.65625,32
C,baseline,201,2.3688924312591553,0.625,32
C,baseline,202,2.195110321044922,0.625,32
C,baseline,203,2.2321975231170654,0.65625,32
C,baseline,204,2.416203022003174,0.625,32
C,baseline,205,2.422774076461792,0.625,32
C,baseline,206,2.056201934814453,0.65625,32
C,baseline,207,1.793116807937622,0.78125,32
C,baseline,208,1.7094485759735107,0.75,32
C,baseline,209,2.2907986640930176,0.65625,32
C,baseline,210,1.979201078414917,0.6875,32
C,baseline,211,1.8335745334625244,0.65625,32
C,baseline,212,1.2778233289718628,0.8125,32
C,baseline,213,1.693663239479065,0.75,32
C,baseline,214,2.7072324752807617,0.5625,32
C,baseline,215,2.1625237464904785,0.625,32
C,baseline,216,1.7143771648406982,0.71875,32
C,baseline,217,1.5986151695251465,0.71875,32
C,baseline,218,2.161680221557617,0.625,32
C,baseline,219,2.7236387729644775,0.5625,32
C,baseline,220,1.6481802463531494,0.75,32
C,baseline,221,3.273606300354004,0.5,32
C,baseline,222,1.8632265329360962,0.65625,32
C,baseline,223,1.853468656539917,0.71875,32
C,replay,192,2.9329700469970703,0.5625,32
C,replay,193,2.9993979930877686,0.53125,32
C,replay,194,1.1486555337905884,0.8125,32
C,replay,195,2.1486637592315674,0.65625,32
C,replay,196,2.0718040466308594,0.71875,32
C,replay,197,2.9899604320526123,0.53125,32
C,replay,198,3.450850486755371,0.46875,32
C,replay,199,1.9329514503479004,0.6875,32
C,replay,200,2.2118325233459473,0.65625,32
C,replay,201,2.3688924312591553,0.625,32
C,replay,202,2.195110321044922,0.625,32
C,replay,203,2.2321975231170654,0.65625,32
C,replay,204,2.416203022003174,0.625,32
C,replay,205,2.422774076461792,0.625,32
C,replay,206,2.056201934814453,0.65625,32
C,replay,207,1.793116807937622,0.78125,32
C,replay,208,1.7094485759735107,0.75,32
C,replay,209,2.2907986640930176,0.65625,32
C,replay,210,1.979201078414917,0.6875,32
C,replay,211,1.8335745334625244,0.65625,32
C,replay,212,1.2778233289718628,0.8125,32
C,replay,213,1.693663239479065,0.75,32
C,replay,214,2.7072324752807617,0.5625,32
C,replay,215,2.1625237464904785,0.625,32
C,replay,216,1.7143771648406982,0.71875,32
C,replay,217,1.5986151695251465,0.71875,32
C,replay,218,2.161680221557617,0.625,32
C,replay,219,2.7236387729644775,0.5625,32
C,replay,220,1.6481802463531494,0.75,32
C,replay,221,3.273606300354004,0.5,32
C,replay,222,1.8632265329360962,0.65625,32
C,replay,223,1.853468656539917,0.71875,32
C,source_head0,192,0.4293973445892334,0.9375,32
C,source_head0,193,0.1711682677268982,1.0,32
C,source_head0,194,0.1773674488067627,1.0,32
C,source_head0,195,0.1746172159910202,0.96875,32
C,source_head0,196,0.41357868909835815,1.0,32
C,source_head0,197,0.5601193904876709,0.9375,32
C,source_head0,198,0.24754297733306885,1.0,32
C,source_head0,199,0.10100480914115906,1.0,32
C,source_head0,200,0.37995845079421997,0.96875,32
C,source_head0,201,0.22779113054275513,1.0,32
C,source_head0,202,0.18819355964660645,1.0,32
C,source_head0,203,0.30166035890579224,0.96875,32
C,source_head0,204,0.3113178610801697,0.9375,32
C,source_head0,205,0.28964295983314514,0.96875,32
C,source_head0,206,0.2619422674179077,0.96875,32
C,source_head0,207,0.3907439708709717,0.9375,32
C,source_head0,208,0.456712543964386,0.9375,32
C,source_head0,209,0.43690553307533264,0.96875,32
C,source_head0,210,0.182683527469635,1.0,32
C,source_head0,211,0.3602091670036316,0.9375,32
C,source_head0,212,0.47980937361717224,0.96875,32
C,source_head0,213,0.17853179574012756,1.0,32
C,source_head0,214,0.42279869318008423,0.96875,32
C,source_head0,215,0.14616796374320984,1.0,32
C,source_head0,216,0.17519935965538025,1.0,32
C,source_head0,217,0.19184976816177368,0.96875,32
C,source_head0,218,0.35176005959510803,0.96875,32
C,source_head0,219,0.30413171648979187,1.0,32
C,source_head0,220,0.3037588596343994,1.0,32
C,source_head0,221,0.7295234203338623,0.96875,32
C,source_head0,222,0.11554820090532303,1.0,32
C,source_head0,223,0.08681561052799225,1.0,32
C,source_head1,192,0.5488480925559998,0.9375,32
C,source_head1,193,0.29401522874832153,1.0,32
C,source_head1,194,0.13136450946331024,1.0,32
C,source_head1,195,0.2689301073551178,0.96875,32
C,source_head1,196,0.382315456867218,1.0,32
C,source_head1,197,0.4867052733898163,1.0,32
C,source_head1,198,0.35182374715805054,1.0,32
C,source_head1,199,0.1517544388771057,1.0,32
C,source_head1,200,0.36556243896484375,0.96875,32
C,source_head1,201,0.3790510296821594,1.0,32
C,source_head1,202,0.26633864641189575,0.96875,32
C,source_head1,203,0.47214701771736145,0.9375,32
C,source_head1,204,0.4393298923969269,0.9375,32
C,source_head1,205,0.33080950379371643,1.0,32
C,source_head1,206,0.22762340307235718,1.0,32
C,source_head1,207,0.3126079738140106,0.9375,32
C,source_head1,208,0.4392893314361572,0.9375,32
C,source_head1,209,0.4937478303909302,0.96875,32
C,source_head1,210,0.2563144862651825,1.0,32
C,source_head1,211,0.33002564311027527,0.9375,32
C,source_head1,212,0.5084477663040161,0.9375,32
C,source_head1,213,0.2851713299751282,0.96875,32
C,source_head1,214,0.5018209218978882,0.96875,32
C,source_head1,215,0.2869749665260315,0.96875,32
C,source_head1,216,0.1549709141254425,1.0,32
C,source_head1,217,0.23731252551078796,0.96875,32
C,source_head1,218,0.29494982957839966,1.0,32
C,source_head1,219,0.3699756860733032,0.96875,32
C,source_head1,220,0.4236316680908203,1.0,32
C,source_head1,221,0.5585107207298279,0.96875,32
C,source_head1,222,0.10179638862609863,1.0,32
C,source_head1,223,0.13436627388000488,1.0,32
C,source_both,192,0.10232984274625778,1.0,32
C,source_both,193,0.0468248650431633,1.0,32
C,source_both,194,0.04685099422931671,1.0,32
C,source_both,195,0.029802806675434113,1.0,32
C,source_both,196,0.11362825334072113,1.0,32
C,source_both,197,0.10392512381076813,1.0,32
C,source_both,198,0.03819216787815094,1.0,32
C,source_both,199,0.02113780565559864,1.0,32
C,source_both,200,0.13979396224021912,0.96875,32
C,source_both,201,0.0529278889298439,1.0,32
C,source_both,202,0.035266704857349396,1.0,32
C,source_both,203,0.08862689137458801,0.96875,32
C,source_both,204,0.09881158918142319,1.0,32
C,source_both,205,0.10161145031452179,1.0,32
C,source_both,206,0.0836000144481659,1.0,32
C,source_both,207,0.1483178734779358,1.0,32
C,source_both,208,0.31008219718933105,0.96875,32
C,source_both,209,0.2631092667579651,0.96875,32
C,source_both,210,0.11624544858932495,0.96875,32
C,source_both,211,0.16736748814582825,0.96875,32
C,source_both,212,0.19460232555866241,0.96875,32
C,source_both,213,0.070677250623703,1.0,32
C,source_both,214,0.1381612867116928,0.96875,32
C,source_both,215,0.026425769552588463,1.0,32
C,source_both,216,0.060312192887067795,1.0,32
C,source_both,217,0.059585779905319214,1.0,32
C,source_both,218,0.05874692648649216,1.0,32
C,source_both,219,0.08116680383682251,1.0,32
C,source_both,220,0.2513597905635834,0.96875,32
C,source_both,221,0.253451406955719,1.0,32
C,source_both,222,0.028903109952807426,1.0,32
C,source_both,223,0.04330543801188469,1.0,32
C,baseline,224,3.0453479290008545,0.53125,32
C,baseline,225,2.414796829223633,0.625,32
C,baseline,226,2.2574801445007324,0.6875,32
C,baseline,227,1.839956283569336,0.71875,32
C,baseline,228,2.065572738647461,0.71875,32
C,baseline,229,1.1652344465255737,0.8125,32
C,baseline,230,1.895359992980957,0.6875,32
C,baseline,231,1.949282169342041,0.65625,32
C,baseline,232,2.494105815887451,0.59375,32
C,baseline,233,2.1986770629882812,0.625,32
C,baseline,234,1.6555752754211426,0.71875,32
C,baseline,235,2.3543403148651123,0.625,32
C,baseline,236,2.54052734375,0.5625,32
C,baseline,237,2.5202081203460693,0.5625,32
C,baseline,238,2.134969711303711,0.625,32
C,baseline,239,1.821968674659729,0.8125,32
C,baseline,240,2.6711807250976562,0.625,32
C,baseline,241,2.3607146739959717,0.625,32
C,baseline,242,2.449373722076416,0.5625,32
C,baseline,243,2.3084352016448975,0.625,32
C,baseline,244,2.3161396980285645,0.625,32
C,baseline,245,2.821995496749878,0.5625,32
C,baseline,246,2.6589598655700684,0.625,32
C,baseline,247,1.8524366617202759,0.65625,32
C,baseline,248,2.4430811405181885,0.6875,32
C,baseline,249,1.6115176677703857,0.71875,32
C,baseline,250,1.6130805015563965,0.71875,32
C,baseline,251,2.229464054107666,0.65625,32
C,baseline,252,2.138742446899414,0.65625,32
C,baseline,253,2.032274007797241,0.71875,32
C,baseline,254,1.5723812580108643,0.78125,32
C,baseline,255,2.5004093647003174,0.59375,32
C,replay,224,3.0453479290008545,0.53125,32
C,replay,225,2.414796829223633,0.625,32
C,replay,226,2.2574801445007324,0.6875,32
C,replay,227,1.839956283569336,0.71875,32
C,replay,228,2.065572738647461,0.71875,32
C,replay,229,1.1652344465255737,0.8125,32
C,replay,230,1.895359992980957,0.6875,32
C,replay,231,1.949282169342041,0.65625,32
C,replay,232,2.494105815887451,0.59375,32
C,replay,233,2.1986770629882812,0.625,32
C,replay,234,1.6555752754211426,0.71875,32
C,replay,235,2.3543403148651123,0.625,32
C,replay,236,2.54052734375,0.5625,32
C,replay,237,2.5202081203460693,0.5625,32
C,replay,238,2.134969711303711,0.625,32
C,replay,239,1.821968674659729,0.8125,32
C,replay,240,2.6711807250976562,0.625,32
C,replay,241,2.3607146739959717,0.625,32
C,replay,242,2.449373722076416,0.5625,32
C,replay,243,2.3084352016448975,0.625,32
C,replay,244,2.3161396980285645,0.625,32
C,replay,245,2.821995496749878,0.5625,32
C,replay,246,2.6589598655700684,0.625,32
C,replay,247,1.8524366617202759,0.65625,32
C,replay,248,2.4430811405181885,0.6875,32
C,replay,249,1.6115176677703857,0.71875,32
C,replay,250,1.6130805015563965,0.71875,32
C,replay,251,2.229464054107666,0.65625,32
C,replay,252,2.138742446899414,0.65625,32
C,replay,253,2.032274007797241,0.71875,32
C,replay,254,1.5723812580108643,0.78125,32
C,replay,255,2.5004093647003174,0.59375,32
C,source_head0,224,0.3283405303955078,1.0,32
C,source_head0,225,0.28891700506210327,0.96875,32
C,source_head0,226,0.600036084651947,0.9375,32
C,source_head0,227,0.3071792721748352,0.96875,32
C,source_head0,228,0.24649012088775635,0.96875,32
C,source_head0,229,0.16950711607933044,0.96875,32
C,source_head0,230,0.15443380177021027,1.0,32
C,source_head0,231,0.1989629566669464,1.0,32
C,source_head0,232,0.3052292466163635,0.96875,32
C,source_head0,233,0.4155852496623993,0.9375,32
C,source_head0,234,0.41697216033935547,0.96875,32
C,source_head0,235,0.3583429455757141,1.0,32
C,source_head0,236,0.5311341285705566,0.9375,32
C,source_head0,237,0.07956768572330475,1.0,32
C,source_head0,238,0.22566428780555725,1.0,32
C,source_head0,239,0.22383302450180054,0.96875,32
C,source_head0,240,0.27691805362701416,1.0,32
C,source_head0,241,0.26861444115638733,0.96875,32
C,source_head0,242,0.11435895413160324,1.0,32
C,source_head0,243,0.7333465218544006,0.90625,32
C,source_head0,244,0.37071582674980164,1.0,32
C,source_head0,245,0.1629505753517151,1.0,32
C,source_head0,246,0.5744168162345886,0.90625,32
C,source_head0,247,0.32995283603668213,1.0,32
C,source_head0,248,0.8910776376724243,0.90625,32
C,source_head0,249,0.10517867654561996,1.0,32
C,source_head0,250,0.4524616599082947,0.96875,32
C,source_head0,251,0.46711987257003784,1.0,32
C,source_head0,252,0.20684190094470978,0.96875,32
C,source_head0,253,0.2130727916955948,1.0,32
C,source_head0,254,0.09902483969926834,1.0,32
C,source_head0,255,0.3789274990558624,0.9375,32
C,source_head1,224,0.30009108781814575,1.0,32
C,source_head1,225,0.3155587613582611,0.96875,32
C,source_head1,226,0.6627281308174133,0.9375,32
C,source_head1,227,0.41067928075790405,0.9375,32
C,source_head1,228,0.2562601864337921,1.0,32
C,source_head1,229,0.1511681228876114,1.0,32
C,source_head1,230,0.1518770158290863,1.0,32
C,source_head1,231,0.18649272620677948,1.0,32
C,source_head1,232,0.43434226512908936,0.9375,32
C,source_head1,233,0.420173317193985,0.9375,32
C,source_head1,234,0.3810182213783264,0.96875,32
C,source_head1,235,0.49887603521347046,0.96875,32
C,source_head1,236,0.6022671461105347,1.0,32
C,source_head1,237,0.15589258074760437,1.0,32
C,source_head1,238,0.2486169934272766,1.0,32
C,source_head1,239,0.34302160143852234,0.96875,32
C,source_head1,240,0.24627818167209625,1.0,32
C,source_head1,241,0.2922957241535187,0.96875,32
C,source_head1,242,0.17420321702957153,1.0,32
C,source_head1,243,0.6852162480354309,0.90625,32
C,source_head1,244,0.45146113634109497,0.9375,32
C,source_head1,245,0.18390806019306183,1.0,32
C,source_head1,246,0.5321922898292542,0.90625,32
C,source_head1,247,0.3128737807273865,1.0,32
C,source_head1,248,0.8623708486557007,0.90625,32
C,source_head1,249,0.15723459422588348,1.0,32
C,source_head1,250,0.3804383873939514,0.96875,32
C,source_head1,251,0.4665484130382538,1.0,32
C,source_head1,252,0.24360968172550201,1.0,32
C,source_head1,253,0.2717759907245636,0.9375,32
C,source_head1,254,0.17648302018642426,1.0,32
C,source_head1,255,0.4744917154312134,0.90625,32
C,source_both,224,0.06779934465885162,1.0,32
C,source_both,225,0.13142524659633636,0.96875,32
C,source_both,226,0.33910882472991943,0.96875,32
C,source_both,227,0.12686040997505188,0.96875,32
C,source_both,228,0.17441675066947937,1.0,32
C,source_both,229,0.051322855055332184,1.0,32
C,source_both,230,0.051199156790971756,1.0,32
C,source_both,231,0.021617859601974487,1.0,32
C,source_both,232,0.0584162212908268,1.0,32
C,source_both,233,0.20531386137008667,0.9375,32
C,source_both,234,0.12114967405796051,1.0,32
C,source_both,235,0.10257741808891296,1.0,32
C,source_both,236,0.17559227347373962,1.0,32
C,source_both,237,0.019987303763628006,1.0,32
C,source_both,238,0.08864504098892212,1.0,32
C,source_both,239,0.061931710690259933,1.0,32
C,source_both,240,0.06379139423370361,1.0,32
C,source_both,241,0.05655019357800484,1.0,32
C,source_both,242,0.022310158237814903,1.0,32
C,source_both,243,0.39691057801246643,0.9375,32
C,source_both,244,0.18464398384094238,1.0,32
C,source_both,245,0.0282250065356493,1.0,32
C,source_both,246,0.20177340507507324,0.96875,32
C,source_both,247,0.12057860940694809,1.0,32
C,source_both,248,0.2760660946369171,0.96875,32
C,source_both,249,0.022906843572854996,1.0,32
C,source_both,250,0.25735679268836975,0.96875,32
C,source_both,251,0.3093210458755493,1.0,32
C,source_both,252,0.05754294991493225,1.0,32
C,source_both,253,0.06875725835561752,1.0,32
C,source_both,254,0.03154309093952179,1.0,32
C,source_both,255,0.13499313592910767,0.9375,32
D,baseline,0,6.923002243041992,0.0,32
D,baseline,1,6.932868003845215,0.0,32
D,baseline,2,6.9268879890441895,0.0,32
D,baseline,3,6.927368640899658,0.0,32
D,baseline,4,6.935888767242432,0.0,32
D,baseline,5,6.932747840881348,0.0,32
D,baseline,6,6.94353723526001,0.0,32
D,baseline,7,6.931368350982666,0.0,32
D,baseline,8,6.934374809265137,0.0,32
D,baseline,9,6.933582782745361,0.0,32
D,baseline,10,6.939581394195557,0.0,32
D,baseline,11,6.928798198699951,0.0,32
D,baseline,12,6.935856819152832,0.0,32
D,baseline,13,6.927627086639404,0.0,32
D,baseline,14,6.930630207061768,0.0,32
D,baseline,15,6.929191589355469,0.0,32
D,baseline,16,6.923320770263672,0.0,32
D,baseline,17,6.939215660095215,0.0,32
D,baseline,18,6.925995826721191,0.03125,32
D,baseline,19,6.932432174682617,0.0,32
D,baseline,20,6.937111854553223,0.0,32
D,baseline,21,6.932986259460449,0.0,32
D,baseline,22,6.946205139160156,0.0,32
D,baseline,23,6.929800987243652,0.0,32
D,baseline,24,6.937160491943359,0.0,32
D,baseline,25,6.9197211265563965,0.0,32
D,baseline,26,6.935492038726807,0.0,32
D,baseline,27,6.928186893463135,0.0,32
D,baseline,28,6.925094127655029,0.0,32
D,baseline,29,6.934634208679199,0.0,32
D,baseline,30,6.929562568664551,0.0,32
D,baseline,31,6.942183494567871,0.0,32
D,replay,0,6.923002243041992,0.0,32
D,replay,1,6.932868003845215,0.0,32
D,replay,2,6.9268879890441895,0.0,32
D,replay,3,6.927368640899658,0.0,32
D,replay,4,6.935888767242432,0.0,32
D,replay,5,6.932747840881348,0.0,32
D,replay,6,6.94353723526001,0.0,32
D,replay,7,6.931368350982666,0.0,32
D,replay,8,6.934374809265137,0.0,32
D,replay,9,6.933582782745361,0.0,32
D,replay,10,6.939581394195557,0.0,32
D,replay,11,6.928798198699951,0.0,32
D,replay,12,6.935856819152832,0.0,32
D,replay,13,6.927627086639404,0.0,32
D,replay,14,6.930630207061768,0.0,32
D,replay,15,6.929191589355469,0.0,32
D,replay,16,6.923320770263672,0.0,32
D,replay,17,6.939215660095215,0.0,32
D,replay,18,6.925995826721191,0.03125,32
D,replay,19,6.932432174682617,0.0,32
D,replay,20,6.937111854553223,0.0,32
D,replay,21,6.932986259460449,0.0,32
D,replay,22,6.946205139160156,0.0,32
D,replay,23,6.929800987243652,0.0,32
D,replay,24,6.937160491943359,0.0,32
D,replay,25,6.9197211265563965,0.0,32
D,replay,26,6.935492038726807,0.0,32
D,replay,27,6.928186893463135,0.0,32
D,replay,28,6.925094127655029,0.0,32
D,replay,29,6.934634208679199,0.0,32
D,replay,30,6.929562568664551,0.0,32
D,replay,31,6.942183494567871,0.0,32
D,source_head0,0,6.923002243041992,0.0,32
D,source_head0,1,6.932868003845215,0.0,32
D,source_head0,2,6.9268879890441895,0.0,32
D,source_head0,3,6.927368640899658,0.0,32
D,source_head0,4,6.935888767242432,0.0,32
D,source_head0,5,6.932747840881348,0.0,32
D,source_head0,6,6.94353723526001,0.0,32
D,source_head0,7,6.931368350982666,0.0,32
D,source_head0,8,6.934374809265137,0.0,32
D,source_head0,9,6.933582782745361,0.0,32
D,source_head0,10,6.939581394195557,0.0,32
D,source_head0,11,6.928798198699951,0.0,32
D,source_head0,12,6.935856819152832,0.0,32
D,source_head0,13,6.927627086639404,0.0,32
D,source_head0,14,6.930630683898926,0.0,32
D,source_head0,15,6.929191589355469,0.0,32
D,source_head0,16,6.923320770263672,0.0,32
D,source_head0,17,6.939215660095215,0.0,32
D,source_head0,18,6.925995826721191,0.03125,32
D,source_head0,19,6.932432174682617,0.0,32
D,source_head0,20,6.937111854553223,0.0,32
D,source_head0,21,6.932986259460449,0.0,32
D,source_head0,22,6.946205139160156,0.0,32
D,source_head0,23,6.929800987243652,0.0,32
D,source_head0,24,6.937160491943359,0.0,32
D,source_head0,25,6.9197211265563965,0.0,32
D,source_head0,26,6.935492038726807,0.0,32
D,source_head0,27,6.928186893463135,0.0,32
D,source_head0,28,6.925094127655029,0.0,32
D,source_head0,29,6.934634208679199,0.0,32
D,source_head0,30,6.929562568664551,0.0,32
D,source_head0,31,6.942183494567871,0.0,32
D,source_head1,0,6.923002243041992,0.0,32
D,source_head1,1,6.932868003845215,0.0,32
D,source_head1,2,6.9268879890441895,0.0,32
D,source_head1,3,6.927368640899658,0.0,32
D,source_head1,4,6.935888767242432,0.0,32
D,source_head1,5,6.932747840881348,0.0,32
D,source_head1,6,6.94353723526001,0.0,32
D,source_head1,7,6.931368350982666,0.0,32
D,source_head1,8,6.934374809265137,0.0,32
D,source_head1,9,6.933582782745361,0.0,32
D,source_head1,10,6.939581394195557,0.0,32
D,source_head1,11,6.928798198699951,0.0,32
D,source_head1,12,6.935856819152832,0.0,32
D,source_head1,13,6.927627086639404,0.0,32
D,source_head1,14,6.930629730224609,0.0,32
D,source_head1,15,6.929191589355469,0.0,32
D,source_head1,16,6.923320770263672,0.0,32
D,source_head1,17,6.939215660095215,0.0,32
D,source_head1,18,6.925995826721191,0.03125,32
D,source_head1,19,6.932432174682617,0.0,32
D,source_head1,20,6.937111854553223,0.0,32
D,source_head1,21,6.932986259460449,0.0,32
D,source_head1,22,6.946205139160156,0.0,32
D,source_head1,23,6.929800987243652,0.0,32
D,source_head1,24,6.937160491943359,0.0,32
D,source_head1,25,6.9197211265563965,0.0,32
D,source_head1,26,6.935492038726807,0.0,32
D,source_head1,27,6.928186893463135,0.0,32
D,source_head1,28,6.925094127655029,0.0,32
D,source_head1,29,6.934634208679199,0.0,32
D,source_head1,30,6.929562568664551,0.0,32
D,source_head1,31,6.942183494567871,0.0,32
D,source_both,0,6.923002243041992,0.0,32
D,source_both,1,6.932868003845215,0.0,32
D,source_both,2,6.9268879890441895,0.0,32
D,source_both,3,6.927368640899658,0.0,32
D,source_both,4,6.935888767242432,0.0,32
D,source_both,5,6.932747840881348,0.0,32
D,source_both,6,6.94353723526001,0.0,32
D,source_both,7,6.931368350982666,0.0,32
D,source_both,8,6.934374809265137,0.0,32
D,source_both,9,6.933582782745361,0.0,32
D,source_both,10,6.939581394195557,0.0,32
D,source_both,11,6.928798198699951,0.0,32
D,source_both,12,6.935856819152832,0.0,32
D,source_both,13,6.927627086639404,0.0,32
D,source_both,14,6.930630683898926,0.0,32
D,source_both,15,6.929191589355469,0.0,32
D,source_both,16,6.923320770263672,0.0,32
D,source_both,17,6.939215660095215,0.0,32
D,source_both,18,6.925995826721191,0.03125,32
D,source_both,19,6.932432174682617,0.0,32
D,source_both,20,6.937111854553223,0.0,32
D,source_both,21,6.932986259460449,0.0,32
D,source_both,22,6.946205139160156,0.0,32
D,source_both,23,6.929800987243652,0.0,32
D,source_both,24,6.937160491943359,0.0,32
D,source_both,25,6.9197211265563965,0.0,32
D,source_both,26,6.935492038726807,0.0,32
D,source_both,27,6.928186893463135,0.0,32
D,source_both,28,6.925094127655029,0.0,32
D,source_both,29,6.934634208679199,0.0,32
D,source_both,30,6.929562568664551,0.0,32
D,source_both,31,6.942183494567871,0.0,32
D,baseline,32,6.916721343994141,0.0,32
D,baseline,33,6.9375152587890625,0.0,32
D,baseline,34,6.935620307922363,0.0,32
D,baseline,35,6.938117027282715,0.0,32
D,baseline,36,6.9255595207214355,0.0,32
D,baseline,37,6.926531791687012,0.0,32
D,baseline,38,6.923365592956543,0.0,32
D,baseline,39,6.930916786193848,0.0,32
D,baseline,40,6.934812068939209,0.0,32
D,baseline,41,6.939398288726807,0.0,32
D,baseline,42,6.938827991485596,0.03125,32
D,baseline,43,6.934872627258301,0.0,32
D,baseline,44,6.920928001403809,0.0,32
D,baseline,45,6.924647331237793,0.0,32
D,baseline,46,6.925332069396973,0.0,32
D,baseline,47,6.9272284507751465,0.0,32
D,baseline,48,6.932817459106445,0.0,32
D,baseline,49,6.932464599609375,0.0,32
D,baseline,50,6.929658889770508,0.0,32
D,baseline,51,6.925306797027588,0.0,32
D,baseline,52,6.930601119995117,0.0,32
D,baseline,53,6.933366298675537,0.0,32
D,baseline,54,6.9329986572265625,0.0,32
D,baseline,55,6.935877799987793,0.0,32
D,baseline,56,6.926912307739258,0.0,32
D,baseline,57,6.930184364318848,0.0,32
D,baseline,58,6.933799743652344,0.0,32
D,baseline,59,6.9354352951049805,0.0,32
D,baseline,60,6.9248857498168945,0.0,32
D,baseline,61,6.925279140472412,0.0,32
D,baseline,62,6.936821460723877,0.0,32
D,baseline,63,6.925281524658203,0.0,32
D,replay,32,6.916721343994141,0.0,32
D,replay,33,6.9375152587890625,0.0,32
D,replay,34,6.935620307922363,0.0,32
D,replay,35,6.938117027282715,0.0,32
D,replay,36,6.9255595207214355,0.0,32
D,replay,37,6.926531791687012,0.0,32
D,replay,38,6.923365592956543,0.0,32
D,replay,39,6.930916786193848,0.0,32
D,replay,40,6.934812068939209,0.0,32
D,replay,41,6.939398288726807,0.0,32
D,replay,42,6.938827991485596,0.03125,32
D,replay,43,6.934872627258301,0.0,32
D,replay,44,6.920928001403809,0.0,32
D,replay,45,6.924647331237793,0.0,32
D,replay,46,6.925332069396973,0.0,32
D,replay,47,6.9272284507751465,0.0,32
D,replay,48,6.932817459106445,0.0,32
D,replay,49,6.932464599609375,0.0,32
D,replay,50,6.929658889770508,0.0,32
D,replay,51,6.925306797027588,0.0,32
D,replay,52,6.930601119995117,0.0,32
D,replay,53,6.933366298675537,0.0,32
D,replay,54,6.9329986572265625,0.0,32
D,replay,55,6.935877799987793,0.0,32
D,replay,56,6.926912307739258,0.0,32
D,replay,57,6.930184364318848,0.0,32
D,replay,58,6.933799743652344,0.0,32
D,replay,59,6.9354352951049805,0.0,32
D,replay,60,6.9248857498168945,0.0,32
D,replay,61,6.925279140472412,0.0,32
D,replay,62,6.936821460723877,0.0,32
D,replay,63,6.925281524658203,0.0,32
D,source_head0,32,6.916721343994141,0.0,32
D,source_head0,33,6.9375152587890625,0.0,32
D,source_head0,34,6.935620307922363,0.0,32
D,source_head0,35,6.938117027282715,0.0,32
D,source_head0,36,6.9255595207214355,0.0,32
D,source_head0,37,6.926531791687012,0.0,32
D,source_head0,38,6.923365592956543,0.0,32
D,source_head0,39,6.930916786193848,0.0,32
D,source_head0,40,6.934812068939209,0.0,32
D,source_head0,41,6.939398288726807,0.0,32
D,source_head0,42,6.938827991485596,0.03125,32
D,source_head0,43,6.934872627258301,0.0,32
D,source_head0,44,6.920928001403809,0.0,32
D,source_head0,45,6.924647331237793,0.0,32
D,source_head0,46,6.925332069396973,0.0,32
D,source_head0,47,6.9272284507751465,0.0,32
D,source_head0,48,6.932817459106445,0.0,32
D,source_head0,49,6.932464599609375,0.0,32
D,source_head0,50,6.929658889770508,0.0,32
D,source_head0,51,6.925306797027588,0.0,32
D,source_head0,52,6.930601119995117,0.0,32
D,source_head0,53,6.933365821838379,0.0,32
D,source_head0,54,6.9329986572265625,0.0,32
D,source_head0,55,6.935877799987793,0.0,32
D,source_head0,56,6.926912307739258,0.0,32
D,source_head0,57,6.930184364318848,0.0,32
D,source_head0,58,6.933799743652344,0.0,32
D,source_head0,59,6.9354352951049805,0.0,32
D,source_head0,60,6.9248857498168945,0.0,32
D,source_head0,61,6.925279140472412,0.0,32
D,source_head0,62,6.936821460723877,0.0,32
D,source_head0,63,6.925282001495361,0.0,32
D,source_head1,32,6.916721343994141,0.0,32
D,source_head1,33,6.9375152587890625,0.0,32
D,source_head1,34,6.935620307922363,0.0,32
D,source_head1,35,6.938117027282715,0.0,32
D,source_head1,36,6.9255595207214355,0.0,32
D,source_head1,37,6.926531791687012,0.0,32
D,source_head1,38,6.923365592956543,0.0,32
D,source_head1,39,6.930916786193848,0.0,32
D,source_head1,40,6.934812068939209,0.0,32
D,source_head1,41,6.939398288726807,0.0,32
D,source_head1,42,6.938827991485596,0.03125,32
D,source_head1,43,6.934872627258301,0.0,32
D,source_head1,44,6.920928001403809,0.0,32
D,source_head1,45,6.924647331237793,0.0,32
D,source_head1,46,6.925332069396973,0.0,32
D,source_head1,47,6.9272284507751465,0.0,32
D,source_head1,48,6.932817459106445,0.0,32
D,source_head1,49,6.932464599609375,0.0,32
D,source_head1,50,6.929658889770508,0.0,32
D,source_head1,51,6.925306797027588,0.0,32
D,source_head1,52,6.930601119995117,0.0,32
D,source_head1,53,6.933365821838379,0.0,32
D,source_head1,54,6.9329986572265625,0.0,32
D,source_head1,55,6.935877799987793,0.0,32
D,source_head1,56,6.926912307739258,0.0,32
D,source_head1,57,6.930184364318848,0.0,32
D,source_head1,58,6.933799743652344,0.0,32
D,source_head1,59,6.9354352951049805,0.0,32
D,source_head1,60,6.9248857498168945,0.0,32
D,source_head1,61,6.925279140472412,0.0,32
D,source_head1,62,6.936821460723877,0.0,32
D,source_head1,63,6.925281524658203,0.0,32
D,source_both,32,6.916721343994141,0.0,32
D,source_both,33,6.9375152587890625,0.0,32
D,source_both,34,6.935620307922363,0.0,32
D,source_both,35,6.938117027282715,0.0,32
D,source_both,36,6.9255595207214355,0.0,32
D,source_both,37,6.926531791687012,0.0,32
D,source_both,38,6.923365592956543,0.0,32
D,source_both,39,6.930916786193848,0.0,32
D,source_both,40,6.934812068939209,0.0,32
D,source_both,41,6.939398288726807,0.0,32
D,source_both,42,6.9388275146484375,0.03125,32
D,source_both,43,6.934872150421143,0.0,32
D,source_both,44,6.920928001403809,0.0,32
D,source_both,45,6.924647331237793,0.0,32
D,source_both,46,6.925332069396973,0.0,32
D,source_both,47,6.9272284507751465,0.0,32
D,source_both,48,6.932817459106445,0.0,32
D,source_both,49,6.932464599609375,0.0,32
D,source_both,50,6.929658889770508,0.0,32
D,source_both,51,6.925306797027588,0.0,32
D,source_both,52,6.930601119995117,0.0,32
D,source_both,53,6.933365821838379,0.0,32
D,source_both,54,6.9329986572265625,0.0,32
D,source_both,55,6.935877799987793,0.0,32
D,source_both,56,6.926912307739258,0.0,32
D,source_both,57,6.930184364318848,0.0,32
D,source_both,58,6.933799743652344,0.0,32
D,source_both,59,6.9354352951049805,0.0,32
D,source_both,60,6.9248857498168945,0.0,32
D,source_both,61,6.92527961730957,0.0,32
D,source_both,62,6.936821460723877,0.0,32
D,source_both,63,6.925282001495361,0.0,32
D,baseline,64,6.928167343139648,0.0,32
D,baseline,65,6.929832458496094,0.0,32
D,baseline,66,6.939353942871094,0.0,32
D,baseline,67,6.930997848510742,0.0,32
D,baseline,68,6.925098419189453,0.03125,32
D,baseline,69,6.931332111358643,0.03125,32
D,baseline,70,6.934654235839844,0.0,32
D,baseline,71,6.9253740310668945,0.0,32
D,baseline,72,6.9292097091674805,0.0,32
D,baseline,73,6.927384376525879,0.0,32
D,baseline,74,6.9444403648376465,0.0,32
D,baseline,75,6.939250946044922,0.0,32
D,baseline,76,6.92530632019043,0.03125,32
D,baseline,77,6.9307708740234375,0.0,32
D,baseline,78,6.93237829208374,0.0,32
D,baseline,79,6.939752101898193,0.0,32
D,baseline,80,6.930612087249756,0.0,32
D,baseline,81,6.924455642700195,0.0,32
D,baseline,82,6.926753044128418,0.0,32
D,baseline,83,6.930497646331787,0.0,32
D,baseline,84,6.937295436859131,0.0,32
D,baseline,85,6.938726902008057,0.0,32
D,baseline,86,6.922122955322266,0.0,32
D,baseline,87,6.934487342834473,0.0,32
D,baseline,88,6.929482936859131,0.0,32
D,baseline,89,6.930132865905762,0.0,32
D,baseline,90,6.9280548095703125,0.0,32
D,baseline,91,6.93978214263916,0.0,32
D,baseline,92,6.928367614746094,0.0,32
D,baseline,93,6.9381489753723145,0.0,32
D,baseline,94,6.937933444976807,0.0,32
D,baseline,95,6.928216934204102,0.0,32
D,replay,64,6.928167343139648,0.0,32
D,replay,65,6.929832458496094,0.0,32
D,replay,66,6.939353942871094,0.0,32
D,replay,67,6.930997848510742,0.0,32
D,replay,68,6.925098419189453,0.03125,32
D,replay,69,6.931332111358643,0.03125,32
D,replay,70,6.934654235839844,0.0,32
D,replay,71,6.9253740310668945,0.0,32
D,replay,72,6.9292097091674805,0.0,32
D,replay,73,6.927384376525879,0.0,32
D,replay,74,6.9444403648376465,0.0,32
D,replay,75,6.939250946044922,0.0,32
D,replay,76,6.92530632019043,0.03125,32
D,replay,77,6.9307708740234375,0.0,32
D,replay,78,6.93237829208374,0.0,32
D,replay,79,6.939752101898193,0.0,32
D,replay,80,6.930612087249756,0.0,32
D,replay,81,6.924455642700195,0.0,32
D,replay,82,6.926753044128418,0.0,32
D,replay,83,6.930497646331787,0.0,32
D,replay,84,6.937295436859131,0.0,32
D,replay,85,6.938726902008057,0.0,32
D,replay,86,6.922122955322266,0.0,32
D,replay,87,6.934487342834473,0.0,32
D,replay,88,6.929482936859131,0.0,32
D,replay,89,6.930132865905762,0.0,32
D,replay,90,6.9280548095703125,0.0,32
D,replay,91,6.93978214263916,0.0,32
D,replay,92,6.928367614746094,0.0,32
D,replay,93,6.9381489753723145,0.0,32
D,replay,94,6.937933444976807,0.0,32
D,replay,95,6.928216934204102,0.0,32
D,source_head0,64,6.928167343139648,0.0,32
D,source_head0,65,6.929832458496094,0.0,32
D,source_head0,66,6.939353942871094,0.0,32
D,source_head0,67,6.930997848510742,0.0,32
D,source_head0,68,6.925098419189453,0.03125,32
D,source_head0,69,6.931332111358643,0.03125,32
D,source_head0,70,6.934654235839844,0.0,32
D,source_head0,71,6.9253740310668945,0.0,32
D,source_head0,72,6.9292097091674805,0.0,32
D,source_head0,73,6.927384376525879,0.0,32
D,source_head0,74,6.9444403648376465,0.0,32
D,source_head0,75,6.939250946044922,0.0,32
D,source_head0,76,6.92530632019043,0.03125,32
D,source_head0,77,6.9307708740234375,0.0,32
D,source_head0,78,6.93237829208374,0.0,32
D,source_head0,79,6.939752101898193,0.0,32
D,source_head0,80,6.930612087249756,0.0,32
D,source_head0,81,6.924455642700195,0.0,32
D,source_head0,82,6.926753044128418,0.0,32
D,source_head0,83,6.930497646331787,0.0,32
D,source_head0,84,6.937295436859131,0.0,32
D,source_head0,85,6.938726902008057,0.0,32
D,source_head0,86,6.922122955322266,0.0,32
D,source_head0,87,6.934487342834473,0.0,32
D,source_head0,88,6.929482936859131,0.0,32
D,source_head0,89,6.930132865905762,0.0,32
D,source_head0,90,6.9280548095703125,0.0,32
D,source_head0,91,6.93978214263916,0.0,32
D,source_head0,92,6.928367614746094,0.0,32
D,source_head0,93,6.9381489753723145,0.0,32
D,source_head0,94,6.937933444976807,0.0,32
D,source_head0,95,6.928216934204102,0.0,32
D,source_head1,64,6.928167343139648,0.0,32
D,source_head1,65,6.929832458496094,0.0,32
D,source_head1,66,6.939353942871094,0.0,32
D,source_head1,67,6.930997848510742,0.0,32
D,source_head1,68,6.925098419189453,0.03125,32
D,source_head1,69,6.931332111358643,0.03125,32
D,source_head1,70,6.934654235839844,0.0,32
D,source_head1,71,6.9253740310668945,0.0,32
D,source_head1,72,6.9292097091674805,0.0,32
D,source_head1,73,6.927384376525879,0.0,32
D,source_head1,74,6.9444403648376465,0.0,32
D,source_head1,75,6.939250946044922,0.0,32
D,source_head1,76,6.92530632019043,0.03125,32
D,source_head1,77,6.9307708740234375,0.0,32
D,source_head1,78,6.93237829208374,0.0,32
D,source_head1,79,6.939752101898193,0.0,32
D,source_head1,80,6.930612087249756,0.0,32
D,source_head1,81,6.924455642700195,0.0,32
D,source_head1,82,6.926753044128418,0.0,32
D,source_head1,83,6.930498123168945,0.0,32
D,source_head1,84,6.937295436859131,0.0,32
D,source_head1,85,6.938726902008057,0.0,32
D,source_head1,86,6.922122955322266,0.0,32
D,source_head1,87,6.934487342834473,0.0,32
D,source_head1,88,6.929482936859131,0.0,32
D,source_head1,89,6.930132865905762,0.0,32
D,source_head1,90,6.9280548095703125,0.0,32
D,source_head1,91,6.93978214263916,0.0,32
D,source_head1,92,6.928367614746094,0.0,32
D,source_head1,93,6.9381489753723145,0.0,32
D,source_head1,94,6.937933444976807,0.0,32
D,source_head1,95,6.928216934204102,0.0,32
D,source_both,64,6.928167343139648,0.0,32
D,source_both,65,6.929832458496094,0.0,32
D,source_both,66,6.939353942871094,0.0,32
D,source_both,67,6.930997848510742,0.0,32
D,source_both,68,6.925098419189453,0.03125,32
D,source_both,69,6.931332111358643,0.03125,32
D,source_both,70,6.934654235839844,0.0,32
D,source_both,71,6.9253740310668945,0.0,32
D,source_both,72,6.9292097091674805,0.0,32
D,source_both,73,6.927384376525879,0.0,32
D,source_both,74,6.9444403648376465,0.0,32
D,source_both,75,6.939250946044922,0.0,32
D,source_both,76,6.92530632019043,0.03125,32
D,source_both,77,6.9307708740234375,0.0,32
D,source_both,78,6.93237829208374,0.0,32
D,source_both,79,6.939752101898193,0.0,32
D,source_both,80,6.930612087249756,0.0,32
D,source_both,81,6.924455642700195,0.0,32
D,source_both,82,6.926753044128418,0.0,32
D,source_both,83,6.930497646331787,0.0,32
D,source_both,84,6.937295436859131,0.0,32
D,source_both,85,6.938726902008057,0.0,32
D,source_both,86,6.922122955322266,0.0,32
D,source_both,87,6.934487342834473,0.0,32
D,source_both,88,6.929482936859131,0.0,32
D,source_both,89,6.930132865905762,0.0,32
D,source_both,90,6.9280548095703125,0.0,32
D,source_both,91,6.93978214263916,0.0,32
D,source_both,92,6.928367614746094,0.0,32
D,source_both,93,6.9381489753723145,0.0,32
D,source_both,94,6.937933444976807,0.0,32
D,source_both,95,6.928216934204102,0.0,32
D,baseline,96,6.936402320861816,0.0,32
D,baseline,97,6.929243087768555,0.0,32
D,baseline,98,6.938045501708984,0.0,32
D,baseline,99,6.929067611694336,0.0,32
D,baseline,100,6.929343223571777,0.0,32
D,baseline,101,6.926588535308838,0.0,32
D,baseline,102,6.935606956481934,0.0,32
D,baseline,103,6.933855056762695,0.0,32
D,baseline,104,6.927812576293945,0.0,32
D,baseline,105,6.931334018707275,0.0,32
D,baseline,106,6.930222034454346,0.0,32
D,baseline,107,6.931038856506348,0.0,32
D,baseline,108,6.9326171875,0.0,32
D,baseline,109,6.936134338378906,0.0,32
D,baseline,110,6.94552755355835,0.0,32
D,baseline,111,6.933404922485352,0.0,32
D,baseline,112,6.936162948608398,0.0,32
D,baseline,113,6.927238464355469,0.0,32
D,baseline,114,6.924499988555908,0.0,32
D,baseline,115,6.933819770812988,0.0,32
D,baseline,116,6.930910110473633,0.0,32
D,baseline,117,6.920633316040039,0.0,32
D,baseline,118,6.938645362854004,0.0,32
D,baseline,119,6.936028957366943,0.0,32
D,baseline,120,6.927905082702637,0.0,32
D,baseline,121,6.925571441650391,0.0,32
D,baseline,122,6.932543754577637,0.0,32
D,baseline,123,6.935851097106934,0.0,32
D,baseline,124,6.9271931648254395,0.0,32
D,baseline,125,6.929287910461426,0.0,32
D,baseline,126,6.92682409286499,0.0,32
D,baseline,127,6.931031227111816,0.0,32
D,replay,96,6.936402320861816,0.0,32
D,replay,97,6.929243087768555,0.0,32
D,replay,98,6.938045501708984,0.0,32
D,replay,99,6.929067611694336,0.0,32
D,replay,100,6.929343223571777,0.0,32
D,replay,101,6.926588535308838,0.0,32
D,replay,102,6.935606956481934,0.0,32
D,replay,103,6.933855056762695,0.0,32
D,replay,104,6.927812576293945,0.0,32
D,replay,105,6.931334018707275,0.0,32
D,replay,106,6.930222034454346,0.0,32
D,replay,107,6.931038856506348,0.0,32
D,replay,108,6.9326171875,0.0,32
D,replay,109,6.936134338378906,0.0,32
D,replay,110,6.94552755355835,0.0,32
D,replay,111,6.933404922485352,0.0,32
D,replay,112,6.936162948608398,0.0,32
D,replay,113,6.927238464355469,0.0,32
D,replay,114,6.924499988555908,0.0,32
D,replay,115,6.933819770812988,0.0,32
D,replay,116,6.930910110473633,0.0,32
D,replay,117,6.920633316040039,0.0,32
D,replay,118,6.938645362854004,0.0,32
D,replay,119,6.936028957366943,0.0,32
D,replay,120,6.927905082702637,0.0,32
D,replay,121,6.925571441650391,0.0,32
D,replay,122,6.932543754577637,0.0,32
D,replay,123,6.935851097106934,0.0,32
D,replay,124,6.9271931648254395,0.0,32
D,replay,125,6.929287910461426,0.0,32
D,replay,126,6.92682409286499,0.0,32
D,replay,127,6.931031227111816,0.0,32
D,source_head0,96,6.936402320861816,0.0,32
D,source_head0,97,6.929243087768555,0.0,32
D,source_head0,98,6.938045501708984,0.0,32
D,source_head0,99,6.929067611694336,0.0,32
D,source_head0,100,6.929343223571777,0.0,32
D,source_head0,101,6.926588535308838,0.0,32
D,source_head0,102,6.935606956481934,0.0,32
D,source_head0,103,6.933855056762695,0.0,32
D,source_head0,104,6.927812576293945,0.0,32
D,source_head0,105,6.931334018707275,0.0,32
D,source_head0,106,6.930222034454346,0.0,32
D,source_head0,107,6.931038856506348,0.0,32
D,source_head0,108,6.9326171875,0.0,32
D,source_head0,109,6.936134338378906,0.0,32
D,source_head0,110,6.94552755355835,0.0,32
D,source_head0,111,6.933404922485352,0.0,32
D,source_head0,112,6.936162948608398,0.0,32
D,source_head0,113,6.927238464355469,0.0,32
D,source_head0,114,6.924499988555908,0.0,32
D,source_head0,115,6.933819770812988,0.0,32
D,source_head0,116,6.930910110473633,0.0,32
D,source_head0,117,6.920633316040039,0.0,32
D,source_head0,118,6.938645362854004,0.0,32
D,source_head0,119,6.936028957366943,0.0,32
D,source_head0,120,6.927905082702637,0.0,32
D,source_head0,121,6.925570964813232,0.0,32
D,source_head0,122,6.932543754577637,0.0,32
D,source_head0,123,6.935851097106934,0.0,32
D,source_head0,124,6.9271931648254395,0.0,32
D,source_head0,125,6.929287910461426,0.0,32
D,source_head0,126,6.92682409286499,0.0,32
D,source_head0,127,6.931031227111816,0.0,32
D,source_head1,96,6.936402320861816,0.0,32
D,source_head1,97,6.929243087768555,0.0,32
D,source_head1,98,6.938045501708984,0.0,32
D,source_head1,99,6.929067611694336,0.0,32
D,source_head1,100,6.929343223571777,0.0,32
D,source_head1,101,6.926588535308838,0.0,32
D,source_head1,102,6.935606956481934,0.0,32
D,source_head1,103,6.933855056762695,0.0,32
D,source_head1,104,6.927812576293945,0.0,32
D,source_head1,105,6.931334018707275,0.0,32
D,source_head1,106,6.930222034454346,0.0,32
D,source_head1,107,6.931038856506348,0.0,32
D,source_head1,108,6.9326171875,0.0,32
D,source_head1,109,6.936134338378906,0.0,32
D,source_head1,110,6.94552755355835,0.0,32
D,source_head1,111,6.933404922485352,0.0,32
D,source_head1,112,6.936162948608398,0.0,32
D,source_head1,113,6.927238464355469,0.0,32
D,source_head1,114,6.924499988555908,0.0,32
D,source_head1,115,6.933819770812988,0.0,32
D,source_head1,116,6.930910110473633,0.0,32
D,source_head1,117,6.920633316040039,0.0,32
D,source_head1,118,6.938644886016846,0.0,32
D,source_head1,119,6.936028480529785,0.0,32
D,source_head1,120,6.927905082702637,0.0,32
D,source_head1,121,6.925571441650391,0.0,32
D,source_head1,122,6.932543754577637,0.0,32
D,source_head1,123,6.935851097106934,0.0,32
D,source_head1,124,6.9271931648254395,0.0,32
D,source_head1,125,6.929287910461426,0.0,32
D,source_head1,126,6.92682409286499,0.0,32
D,source_head1,127,6.931031227111816,0.0,32
D,source_both,96,6.936402320861816,0.0,32
D,source_both,97,6.929243087768555,0.0,32
D,source_both,98,6.938045501708984,0.0,32
D,source_both,99,6.929067611694336,0.0,32
D,source_both,100,6.929343223571777,0.0,32
D,source_both,101,6.926588535308838,0.0,32
D,source_both,102,6.935606956481934,0.0,32
D,source_both,103,6.933855056762695,0.0,32
D,source_both,104,6.927812576293945,0.0,32
D,source_both,105,6.931334018707275,0.0,32
D,source_both,106,6.930222034454346,0.0,32
D,source_both,107,6.931038856506348,0.0,32
D,source_both,108,6.9326171875,0.0,32
D,source_both,109,6.936134338378906,0.0,32
D,source_both,110,6.94552755355835,0.0,32
D,source_both,111,6.933404922485352,0.0,32
D,source_both,112,6.936162948608398,0.0,32
D,source_both,113,6.927238464355469,0.0,32
D,source_both,114,6.924499988555908,0.0,32
D,source_both,115,6.933819770812988,0.0,32
D,source_both,116,6.930910110473633,0.0,32
D,source_both,117,6.920633316040039,0.0,32
D,source_both,118,6.938644886016846,0.0,32
D,source_both,119,6.936028480529785,0.0,32
D,source_both,120,6.927905082702637,0.0,32
D,source_both,121,6.925571441650391,0.0,32
D,source_both,122,6.932543754577637,0.0,32
D,source_both,123,6.935851097106934,0.0,32
D,source_both,124,6.9271931648254395,0.0,32
D,source_both,125,6.929287433624268,0.0,32
D,source_both,126,6.92682409286499,0.0,32
D,source_both,127,6.931031227111816,0.0,32
D,baseline,128,6.929235458374023,0.0,32
D,baseline,129,6.933648109436035,0.0,32
D,baseline,130,6.939857482910156,0.0,32
D,baseline,131,6.929927825927734,0.0,32
D,baseline,132,6.931753158569336,0.0,32
D,baseline,133,6.930461883544922,0.0,32
D,baseline,134,6.928591728210449,0.0,32
D,baseline,135,6.939892768859863,0.0,32
D,baseline,136,6.927793502807617,0.0,32
D,baseline,137,6.935676574707031,0.0,32
D,baseline,138,6.940650939941406,0.0,32
D,baseline,139,6.932942867279053,0.0,32
D,baseline,140,6.932496070861816,0.0,32
D,baseline,141,6.938881874084473,0.0,32
D,baseline,142,6.932193756103516,0.0,32
D,baseline,143,6.93497371673584,0.0,32
D,baseline,144,6.933424949645996,0.0,32
D,baseline,145,6.932295322418213,0.0,32
D,baseline,146,6.932343006134033,0.0,32
D,baseline,147,6.934670925140381,0.0,32
D,baseline,148,6.92989444732666,0.0,32
D,baseline,149,6.9299845695495605,0.0,32
D,baseline,150,6.9362311363220215,0.0,32
D,baseline,151,6.928001403808594,0.0,32
D,baseline,152,6.938627243041992,0.0,32
D,baseline,153,6.93361759185791,0.0,32
D,baseline,154,6.930292129516602,0.0,32
D,baseline,155,6.9296746253967285,0.0,32
D,baseline,156,6.937711715698242,0.0,32
D,baseline,157,6.930135726928711,0.0,32
D,baseline,158,6.9243268966674805,0.0,32
D,baseline,159,6.933228492736816,0.0,32
D,replay,128,6.929235458374023,0.0,32
D,replay,129,6.933648109436035,0.0,32
D,replay,130,6.939857482910156,0.0,32
D,replay,131,6.929927825927734,0.0,32
D,replay,132,6.931753158569336,0.0,32
D,replay,133,6.930461883544922,0.0,32
D,replay,134,6.928591728210449,0.0,32
D,replay,135,6.939892768859863,0.0,32
D,replay,136,6.927793502807617,0.0,32
D,replay,137,6.935676574707031,0.0,32
D,replay,138,6.940650939941406,0.0,32
D,replay,139,6.932942867279053,0.0,32
D,replay,140,6.932496070861816,0.0,32
D,replay,141,6.938881874084473,0.0,32
D,replay,142,6.932193756103516,0.0,32
D,replay,143,6.93497371673584,0.0,32
D,replay,144,6.933424949645996,0.0,32
D,replay,145,6.932295322418213,0.0,32
D,replay,146,6.932343006134033,0.0,32
D,replay,147,6.934670925140381,0.0,32
D,replay,148,6.92989444732666,0.0,32
D,replay,149,6.9299845695495605,0.0,32
D,replay,150,6.9362311363220215,0.0,32
D,replay,151,6.928001403808594,0.0,32
D,replay,152,6.938627243041992,0.0,32
D,replay,153,6.93361759185791,0.0,32
D,replay,154,6.930292129516602,0.0,32
D,replay,155,6.9296746253967285,0.0,32
D,replay,156,6.937711715698242,0.0,32
D,replay,157,6.930135726928711,0.0,32
D,replay,158,6.9243268966674805,0.0,32
D,replay,159,6.933228492736816,0.0,32
D,source_head0,128,6.929235458374023,0.0,32
D,source_head0,129,6.933648109436035,0.0,32
D,source_head0,130,6.939857482910156,0.0,32
D,source_head0,131,6.929927825927734,0.0,32
D,source_head0,132,6.931753158569336,0.0,32
D,source_head0,133,6.930461883544922,0.0,32
D,source_head0,134,6.928591728210449,0.0,32
D,source_head0,135,6.939892768859863,0.0,32
D,source_head0,136,6.927793502807617,0.0,32
D,source_head0,137,6.935676574707031,0.0,32
D,source_head0,138,6.940650939941406,0.0,32
D,source_head0,139,6.932942867279053,0.0,32
D,source_head0,140,6.932496070861816,0.0,32
D,source_head0,141,6.938881874084473,0.0,32
D,source_head0,142,6.932193756103516,0.0,32
D,source_head0,143,6.93497371673584,0.0,32
D,source_head0,144,6.933424949645996,0.0,32
D,source_head0,145,6.932295322418213,0.0,32
D,source_head0,146,6.932343006134033,0.0,32
D,source_head0,147,6.934670925140381,0.0,32
D,source_head0,148,6.92989444732666,0.0,32
D,source_head0,149,6.9299845695495605,0.0,32
D,source_head0,150,6.9362311363220215,0.0,32
D,source_head0,151,6.928001403808594,0.0,32
D,source_head0,152,6.938627243041992,0.0,32
D,source_head0,153,6.93361759185791,0.0,32
D,source_head0,154,6.930292129516602,0.0,32
D,source_head0,155,6.9296746253967285,0.0,32
D,source_head0,156,6.937711715698242,0.0,32
D,source_head0,157,6.930135726928711,0.0,32
D,source_head0,158,6.9243268966674805,0.0,32
D,source_head0,159,6.933228492736816,0.0,32
D,source_head1,128,6.929235458374023,0.0,32
D,source_head1,129,6.933648109436035,0.0,32
D,source_head1,130,6.939857482910156,0.0,32
D,source_head1,131,6.929927825927734,0.0,32
D,source_head1,132,6.931753158569336,0.0,32
D,source_head1,133,6.930461883544922,0.0,32
D,source_head1,134,6.928591728210449,0.0,32
D,source_head1,135,6.939892768859863,0.0,32
D,source_head1,136,6.927793502807617,0.0,32
D,source_head1,137,6.935676574707031,0.0,32
D,source_head1,138,6.940650939941406,0.0,32
D,source_head1,139,6.932942867279053,0.0,32
D,source_head1,140,6.932496070861816,0.0,32
D,source_head1,141,6.938881874084473,0.0,32
D,source_head1,142,6.932193756103516,0.0,32
D,source_head1,143,6.93497371673584,0.0,32
D,source_head1,144,6.933424949645996,0.0,32
D,source_head1,145,6.932295322418213,0.0,32
D,source_head1,146,6.932343006134033,0.0,32
D,source_head1,147,6.934670925140381,0.0,32
D,source_head1,148,6.92989444732666,0.0,32
D,source_head1,149,6.9299845695495605,0.0,32
D,source_head1,150,6.9362311363220215,0.0,32
D,source_head1,151,6.928001403808594,0.0,32
D,source_head1,152,6.938627243041992,0.0,32
D,source_head1,153,6.93361759185791,0.0,32
D,source_head1,154,6.930292129516602,0.0,32
D,source_head1,155,6.9296746253967285,0.0,32
D,source_head1,156,6.937711715698242,0.0,32
D,source_head1,157,6.930135726928711,0.0,32
D,source_head1,158,6.9243268966674805,0.0,32
D,source_head1,159,6.933228492736816,0.0,32
D,source_both,128,6.929235458374023,0.0,32
D,source_both,129,6.933648109436035,0.0,32
D,source_both,130,6.939857482910156,0.0,32
D,source_both,131,6.929927825927734,0.0,32
D,source_both,132,6.931753158569336,0.0,32
D,source_both,133,6.930461883544922,0.0,32
D,source_both,134,6.928591728210449,0.0,32
D,source_both,135,6.939892768859863,0.0,32
D,source_both,136,6.927793502807617,0.0,32
D,source_both,137,6.935676574707031,0.0,32
D,source_both,138,6.940650939941406,0.0,32
D,source_both,139,6.932942867279053,0.0,32
D,source_both,140,6.932496070861816,0.0,32
D,source_both,141,6.938881874084473,0.0,32
D,source_both,142,6.932193756103516,0.0,32
D,source_both,143,6.93497371673584,0.0,32
D,source_both,144,6.933424949645996,0.0,32
D,source_both,145,6.932295322418213,0.0,32
D,source_both,146,6.932343006134033,0.0,32
D,source_both,147,6.934670925140381,0.0,32
D,source_both,148,6.92989444732666,0.0,32
D,source_both,149,6.9299845695495605,0.0,32
D,source_both,150,6.9362311363220215,0.0,32
D,source_both,151,6.928001403808594,0.0,32
D,source_both,152,6.938627243041992,0.0,32
D,source_both,153,6.93361759185791,0.0,32
D,source_both,154,6.930292129516602,0.0,32
D,source_both,155,6.9296746253967285,0.0,32
D,source_both,156,6.937711715698242,0.0,32
D,source_both,157,6.930135726928711,0.0,32
D,source_both,158,6.9243268966674805,0.0,32
D,source_both,159,6.933228492736816,0.0,32
D,baseline,160,6.926963806152344,0.0,32
D,baseline,161,6.936010837554932,0.0,32
D,baseline,162,6.93064022064209,0.0,32
D,baseline,163,6.936741828918457,0.0,32
D,baseline,164,6.92775297164917,0.0,32
D,baseline,165,6.930704116821289,0.0,32
D,baseline,166,6.931090354919434,0.0,32
D,baseline,167,6.936935901641846,0.0,32
D,baseline,168,6.9329376220703125,0.0,32
D,baseline,169,6.930174827575684,0.0,32
D,baseline,170,6.92542839050293,0.0,32
D,baseline,171,6.932940483093262,0.0,32
D,baseline,172,6.934089660644531,0.0,32
D,baseline,173,6.935438632965088,0.0,32
D,baseline,174,6.9374542236328125,0.0,32
D,baseline,175,6.924177169799805,0.0,32
D,baseline,176,6.937231063842773,0.0,32
D,baseline,177,6.933041572570801,0.0,32
D,baseline,178,6.93235445022583,0.03125,32
D,baseline,179,6.929949760437012,0.0,32
D,baseline,180,6.932629585266113,0.0,32
D,baseline,181,6.936542987823486,0.0,32
D,baseline,182,6.9267120361328125,0.0,32
D,baseline,183,6.932214260101318,0.0,32
D,baseline,184,6.925313472747803,0.0,32
D,baseline,185,6.930085182189941,0.0,32
D,baseline,186,6.929733753204346,0.0,32
D,baseline,187,6.935880184173584,0.0,32
D,baseline,188,6.939466953277588,0.0,32
D,baseline,189,6.933931827545166,0.0,32
D,baseline,190,6.936936378479004,0.03125,32
D,baseline,191,6.942357063293457,0.0,32
D,replay,160,6.926963806152344,0.0,32
D,replay,161,6.936010837554932,0.0,32
D,replay,162,6.93064022064209,0.0,32
D,replay,163,6.936741828918457,0.0,32
D,replay,164,6.92775297164917,0.0,32
D,replay,165,6.930704116821289,0.0,32
D,replay,166,6.931090354919434,0.0,32
D,replay,167,6.936935901641846,0.0,32
D,replay,168,6.9329376220703125,0.0,32
D,replay,169,6.930174827575684,0.0,32
D,replay,170,6.92542839050293,0.0,32
D,replay,171,6.932940483093262,0.0,32
D,replay,172,6.934089660644531,0.0,32
D,replay,173,6.935438632965088,0.0,32
D,replay,174,6.9374542236328125,0.0,32
D,replay,175,6.924177169799805,0.0,32
D,replay,176,6.937231063842773,0.0,32
D,replay,177,6.933041572570801,0.0,32
D,replay,178,6.93235445022583,0.03125,32
D,replay,179,6.929949760437012,0.0,32
D,replay,180,6.932629585266113,0.0,32
D,replay,181,6.936542987823486,0.0,32
D,replay,182,6.9267120361328125,0.0,32
D,replay,183,6.932214260101318,0.0,32
D,replay,184,6.925313472747803,0.0,32
D,replay,185,6.930085182189941,0.0,32
D,replay,186,6.929733753204346,0.0,32
D,replay,187,6.935880184173584,0.0,32
D,replay,188,6.939466953277588,0.0,32
D,replay,189,6.933931827545166,0.0,32
D,replay,190,6.936936378479004,0.03125,32
D,replay,191,6.942357063293457,0.0,32
D,source_head0,160,6.926963806152344,0.0,32
D,source_head0,161,6.936010837554932,0.0,32
D,source_head0,162,6.93064022064209,0.0,32
D,source_head0,163,6.936741828918457,0.0,32
D,source_head0,164,6.92775297164917,0.0,32
D,source_head0,165,6.930704116821289,0.0,32
D,source_head0,166,6.931090354919434,0.0,32
D,source_head0,167,6.936935901641846,0.0,32
D,source_head0,168,6.9329376220703125,0.0,32
D,source_head0,169,6.930174827575684,0.0,32
D,source_head0,170,6.92542839050293,0.0,32
D,source_head0,171,6.932940483093262,0.0,32
D,source_head0,172,6.934089660644531,0.0,32
D,source_head0,173,6.935438632965088,0.0,32
D,source_head0,174,6.9374542236328125,0.0,32
D,source_head0,175,6.924177169799805,0.0,32
D,source_head0,176,6.937231063842773,0.0,32
D,source_head0,177,6.933041572570801,0.0,32
D,source_head0,178,6.93235445022583,0.03125,32
D,source_head0,179,6.929949760437012,0.0,32
D,source_head0,180,6.932629585266113,0.0,32
D,source_head0,181,6.936542987823486,0.0,32
D,source_head0,182,6.9267120361328125,0.0,32
D,source_head0,183,6.93221378326416,0.0,32
D,source_head0,184,6.925313949584961,0.0,32
D,source_head0,185,6.930085182189941,0.0,32
D,source_head0,186,6.929733753204346,0.0,32
D,source_head0,187,6.935880184173584,0.0,32
D,source_head0,188,6.939466953277588,0.0,32
D,source_head0,189,6.933931827545166,0.0,32
D,source_head0,190,6.936936378479004,0.03125,32
D,source_head0,191,6.942357063293457,0.0,32
D,source_head1,160,6.926963806152344,0.0,32
D,source_head1,161,6.936010837554932,0.0,32
D,source_head1,162,6.93064022064209,0.0,32
D,source_head1,163,6.936741828918457,0.0,32
D,source_head1,164,6.92775297164917,0.0,32
D,source_head1,165,6.930704116821289,0.0,32
D,source_head1,166,6.931090354919434,0.0,32
D,source_head1,167,6.936935901641846,0.0,32
D,source_head1,168,6.9329376220703125,0.0,32
D,source_head1,169,6.930174827575684,0.0,32
D,source_head1,170,6.92542839050293,0.0,32
D,source_head1,171,6.932940483093262,0.0,32
D,source_head1,172,6.934089660644531,0.0,32
D,source_head1,173,6.935438632965088,0.0,32
D,source_head1,174,6.9374542236328125,0.0,32
D,source_head1,175,6.924177169799805,0.0,32
D,source_head1,176,6.937231063842773,0.0,32
D,source_head1,177,6.933041572570801,0.0,32
D,source_head1,178,6.93235445022583,0.03125,32
D,source_head1,179,6.929949760437012,0.0,32
D,source_head1,180,6.932629585266113,0.0,32
D,source_head1,181,6.936542987823486,0.0,32
D,source_head1,182,6.9267120361328125,0.0,32
D,source_head1,183,6.93221378326416,0.0,32
D,source_head1,184,6.925313949584961,0.0,32
D,source_head1,185,6.930085182189941,0.0,32
D,source_head1,186,6.929733753204346,0.0,32
D,source_head1,187,6.935880184173584,0.0,32
D,source_head1,188,6.939466953277588,0.0,32
D,source_head1,189,6.933931827545166,0.0,32
D,source_head1,190,6.936936378479004,0.03125,32
D,source_head1,191,6.942357063293457,0.0,32
D,source_both,160,6.926963806152344,0.0,32
D,source_both,161,6.936010837554932,0.0,32
D,source_both,162,6.93064022064209,0.0,32
D,source_both,163,6.936741828918457,0.0,32
D,source_both,164,6.92775297164917,0.0,32
D,source_both,165,6.930704116821289,0.0,32
D,source_both,166,6.931090354919434,0.0,32
D,source_both,167,6.936935901641846,0.0,32
D,source_both,168,6.9329376220703125,0.0,32
D,source_both,169,6.930174827575684,0.0,32
D,source_both,170,6.92542839050293,0.0,32
D,source_both,171,6.932940483093262,0.0,32
D,source_both,172,6.934089660644531,0.0,32
D,source_both,173,6.935438632965088,0.0,32
D,source_both,174,6.9374542236328125,0.0,32
D,source_both,175,6.924177169799805,0.0,32
D,source_both,176,6.937231063842773,0.0,32
D,source_both,177,6.933041572570801,0.0,32
D,source_both,178,6.93235445022583,0.03125,32
D,source_both,179,6.929949760437012,0.0,32
D,source_both,180,6.932629585266113,0.0,32
D,source_both,181,6.936542987823486,0.0,32
D,source_both,182,6.9267120361328125,0.0,32
D,source_both,183,6.93221378326416,0.0,32
D,source_both,184,6.925313949584961,0.0,32
D,source_both,185,6.930085182189941,0.0,32
D,source_both,186,6.929733753204346,0.0,32
D,source_both,187,6.935880184173584,0.0,32
D,source_both,188,6.939466953277588,0.0,32
D,source_both,189,6.933931827545166,0.0,32
D,source_both,190,6.936936378479004,0.03125,32
D,source_both,191,6.942357063293457,0.0,32
D,baseline,192,6.924212455749512,0.0,32
D,baseline,193,6.926565170288086,0.0,32
D,baseline,194,6.926364898681641,0.0,32
D,baseline,195,6.930662155151367,0.0,32
D,baseline,196,6.929667949676514,0.0,32
D,baseline,197,6.937506675720215,0.0,32
D,baseline,198,6.936221122741699,0.0,32
D,baseline,199,6.934277057647705,0.0,32
D,baseline,200,6.936247825622559,0.0,32
D,baseline,201,6.940956115722656,0.0,32
D,baseline,202,6.926355838775635,0.0,32
D,baseline,203,6.935198783874512,0.0,32
D,baseline,204,6.930600166320801,0.0,32
D,baseline,205,6.9341535568237305,0.0,32
D,baseline,206,6.929647445678711,0.0,32
D,baseline,207,6.929803848266602,0.0,32
D,baseline,208,6.932929515838623,0.0,32
D,baseline,209,6.927481174468994,0.03125,32
D,baseline,210,6.933382987976074,0.0,32
D,baseline,211,6.929436683654785,0.0,32
D,baseline,212,6.932448387145996,0.0,32
D,baseline,213,6.932402610778809,0.0,32
D,baseline,214,6.934414863586426,0.0,32
D,baseline,215,6.927858352661133,0.0,32
D,baseline,216,6.925185680389404,0.0,32
D,baseline,217,6.937641620635986,0.0,32
D,baseline,218,6.930461883544922,0.0,32
D,baseline,219,6.928257942199707,0.0,32
D,baseline,220,6.923800468444824,0.0,32
D,baseline,221,6.94070291519165,0.0,32
D,baseline,222,6.930055618286133,0.0,32
D,baseline,223,6.941534996032715,0.0,32
D,replay,192,6.924212455749512,0.0,32
D,replay,193,6.926565170288086,0.0,32
D,replay,194,6.926364898681641,0.0,32
D,replay,195,6.930662155151367,0.0,32
D,replay,196,6.929667949676514,0.0,32
D,replay,197,6.937506675720215,0.0,32
D,replay,198,6.936221122741699,0.0,32
D,replay,199,6.934277057647705,0.0,32
D,replay,200,6.936247825622559,0.0,32
D,replay,201,6.940956115722656,0.0,32
D,replay,202,6.926355838775635,0.0,32
D,replay,203,6.935198783874512,0.0,32
D,replay,204,6.930600166320801,0.0,32
D,replay,205,6.9341535568237305,0.0,32
D,replay,206,6.929647445678711,0.0,32
D,replay,207,6.929803848266602,0.0,32
D,replay,208,6.932929515838623,0.0,32
D,replay,209,6.927481174468994,0.03125,32
D,replay,210,6.933382987976074,0.0,32
D,replay,211,6.929436683654785,0.0,32
D,replay,212,6.932448387145996,0.0,32
D,replay,213,6.932402610778809,0.0,32
D,replay,214,6.934414863586426,0.0,32
D,replay,215,6.927858352661133,0.0,32
D,replay,216,6.925185680389404,0.0,32
D,replay,217,6.937641620635986,0.0,32
D,replay,218,6.930461883544922,0.0,32
D,replay,219,6.928257942199707,0.0,32
D,replay,220,6.923800468444824,0.0,32
D,replay,221,6.94070291519165,0.0,32
D,replay,222,6.930055618286133,0.0,32
D,replay,223,6.941534996032715,0.0,32
D,source_head0,192,6.924212455749512,0.0,32
D,source_head0,193,6.926564693450928,0.0,32
D,source_head0,194,6.926364898681641,0.0,32
D,source_head0,195,6.930662155151367,0.0,32
D,source_head0,196,6.929667949676514,0.0,32
D,source_head0,197,6.937506675720215,0.0,32
D,source_head0,198,6.936221122741699,0.0,32
D,source_head0,199,6.934277057647705,0.0,32
D,source_head0,200,6.936247825622559,0.0,32
D,source_head0,201,6.940956115722656,0.0,32
D,source_head0,202,6.926355838775635,0.0,32
D,source_head0,203,6.9351983070373535,0.0,32
D,source_head0,204,6.930600166320801,0.0,32
D,source_head0,205,6.9341535568237305,0.0,32
D,source_head0,206,6.929647445678711,0.0,32
D,source_head0,207,6.929803848266602,0.0,32
D,source_head0,208,6.932929515838623,0.0,32
D,source_head0,209,6.927481174468994,0.03125,32
D,source_head0,210,6.933382987976074,0.0,32
D,source_head0,211,6.929436683654785,0.0,32
D,source_head0,212,6.932448387145996,0.0,32
D,source_head0,213,6.932402610778809,0.0,32
D,source_head0,214,6.934414863586426,0.0,32
D,source_head0,215,6.927858352661133,0.0,32
D,source_head0,216,6.925185680389404,0.0,32
D,source_head0,217,6.937641620635986,0.0,32
D,source_head0,218,6.930461883544922,0.0,32
D,source_head0,219,6.928257942199707,0.0,32
D,source_head0,220,6.923800468444824,0.0,32
D,source_head0,221,6.940702438354492,0.0,32
D,source_head0,222,6.930055618286133,0.0,32
D,source_head0,223,6.941534996032715,0.0,32
D,source_head1,192,6.924212455749512,0.0,32
D,source_head1,193,6.926565170288086,0.0,32
D,source_head1,194,6.926364898681641,0.0,32
D,source_head1,195,6.930662155151367,0.0,32
D,source_head1,196,6.929667949676514,0.0,32
D,source_head1,197,6.937506675720215,0.0,32
D,source_head1,198,6.936221122741699,0.0,32
D,source_head1,199,6.934277057647705,0.0,32
D,source_head1,200,6.936247825622559,0.0,32
D,source_head1,201,6.940956115722656,0.0,32
D,source_head1,202,6.926355838775635,0.0,32
D,source_head1,203,6.9351983070373535,0.0,32
D,source_head1,204,6.930600166320801,0.0,32
D,source_head1,205,6.9341535568237305,0.0,32
D,source_head1,206,6.929647445678711,0.0,32
D,source_head1,207,6.929803848266602,0.0,32
D,source_head1,208,6.932929515838623,0.0,32
D,source_head1,209,6.927481174468994,0.03125,32
D,source_head1,210,6.933382987976074,0.0,32
D,source_head1,211,6.929436683654785,0.0,32
D,source_head1,212,6.932448387145996,0.0,32
D,source_head1,213,6.932402610778809,0.0,32
D,source_head1,214,6.934414863586426,0.0,32
D,source_head1,215,6.927858352661133,0.0,32
D,source_head1,216,6.925185680389404,0.0,32
D,source_head1,217,6.937641620635986,0.0,32
D,source_head1,218,6.930461883544922,0.0,32
D,source_head1,219,6.928257942199707,0.0,32
D,source_head1,220,6.923800468444824,0.0,32
D,source_head1,221,6.940702438354492,0.0,32
D,source_head1,222,6.930055618286133,0.0,32
D,source_head1,223,6.941534996032715,0.0,32
D,source_both,192,6.924212455749512,0.0,32
D,source_both,193,6.926565170288086,0.0,32
D,source_both,194,6.926364898681641,0.0,32
D,source_both,195,6.930662155151367,0.0,32
D,source_both,196,6.929667949676514,0.0,32
D,source_both,197,6.937506675720215,0.0,32
D,source_both,198,6.936221122741699,0.0,32
D,source_both,199,6.934277057647705,0.0,32
D,source_both,200,6.936247825622559,0.0,32
D,source_both,201,6.940956115722656,0.0,32
D,source_both,202,6.926355838775635,0.0,32
D,source_both,203,6.9351983070373535,0.0,32
D,source_both,204,6.930600166320801,0.0,32
D,source_both,205,6.9341535568237305,0.0,32
D,source_both,206,6.929647445678711,0.0,32
D,source_both,207,6.929803848266602,0.0,32
D,source_both,208,6.932929515838623,0.0,32
D,source_both,209,6.927481174468994,0.03125,32
D,source_both,210,6.933382987976074,0.0,32
D,source_both,211,6.929436683654785,0.0,32
D,source_both,212,6.932448387145996,0.0,32
D,source_both,213,6.932402610778809,0.0,32
D,source_both,214,6.934414863586426,0.0,32
D,source_both,215,6.927858352661133,0.0,32
D,source_both,216,6.925185680389404,0.0,32
D,source_both,217,6.937641620635986,0.0,32
D,source_both,218,6.930461883544922,0.0,32
D,source_both,219,6.928257942199707,0.0,32
D,source_both,220,6.923800468444824,0.0,32
D,source_both,221,6.940702438354492,0.0,32
D,source_both,222,6.930055618286133,0.0,32
D,source_both,223,6.941534996032715,0.0,32
D,baseline,224,6.9290056228637695,0.0,32
D,baseline,225,6.9391913414001465,0.0,32
D,baseline,226,6.936548233032227,0.03125,32
D,baseline,227,6.929620742797852,0.0,32
D,baseline,228,6.930197238922119,0.0,32
D,baseline,229,6.930839538574219,0.0,32
D,baseline,230,6.9330315589904785,0.0,32
D,baseline,231,6.931600570678711,0.0,32
D,baseline,232,6.9322896003723145,0.0,32
D,baseline,233,6.941381454467773,0.0,32
D,baseline,234,6.92609167098999,0.0,32
D,baseline,235,6.936827182769775,0.0,32
D,baseline,236,6.929074287414551,0.0,32
D,baseline,237,6.93768310546875,0.0,32
D,baseline,238,6.927251815795898,0.0,32
D,baseline,239,6.921270370483398,0.0,32
D,baseline,240,6.942909240722656,0.0,32
D,baseline,241,6.936439037322998,0.0,32
D,baseline,242,6.920868396759033,0.0,32
D,baseline,243,6.936423301696777,0.0,32
D,baseline,244,6.93256950378418,0.0,32
D,baseline,245,6.925745487213135,0.0,32
D,baseline,246,6.926573753356934,0.0,32
D,baseline,247,6.932379722595215,0.0,32
D,baseline,248,6.937252044677734,0.0,32
D,baseline,249,6.929115295410156,0.0,32
D,baseline,250,6.933141708374023,0.0,32
D,baseline,251,6.927019119262695,0.0,32
D,baseline,252,6.938620090484619,0.0,32
D,baseline,253,6.93826150894165,0.0,32
D,baseline,254,6.935817241668701,0.0,32
D,baseline,255,6.938499450683594,0.0,32
D,replay,224,6.9290056228637695,0.0,32
D,replay,225,6.9391913414001465,0.0,32
D,replay,226,6.936548233032227,0.03125,32
D,replay,227,6.929620742797852,0.0,32
D,replay,228,6.930197238922119,0.0,32
D,replay,229,6.930839538574219,0.0,32
D,replay,230,6.9330315589904785,0.0,32
D,replay,231,6.931600570678711,0.0,32
D,replay,232,6.9322896003723145,0.0,32
D,replay,233,6.941381454467773,0.0,32
D,replay,234,6.92609167098999,0.0,32
D,replay,235,6.936827182769775,0.0,32
D,replay,236,6.929074287414551,0.0,32
D,replay,237,6.93768310546875,0.0,32
D,replay,238,6.927251815795898,0.0,32
D,replay,239,6.921270370483398,0.0,32
D,replay,240,6.942909240722656,0.0,32
D,replay,241,6.936439037322998,0.0,32
D,replay,242,6.920868396759033,0.0,32
D,replay,243,6.936423301696777,0.0,32
D,replay,244,6.93256950378418,0.0,32
D,replay,245,6.925745487213135,0.0,32
D,replay,246,6.926573753356934,0.0,32
D,replay,247,6.932379722595215,0.0,32
D,replay,248,6.937252044677734,0.0,32
D,replay,249,6.929115295410156,0.0,32
D,replay,250,6.933141708374023,0.0,32
D,replay,251,6.927019119262695,0.0,32
D,replay,252,6.938620090484619,0.0,32
D,replay,253,6.93826150894165,0.0,32
D,replay,254,6.935817241668701,0.0,32
D,replay,255,6.938499450683594,0.0,32
D,source_head0,224,6.9290056228637695,0.0,32
D,source_head0,225,6.9391913414001465,0.0,32
D,source_head0,226,6.936548233032227,0.03125,32
D,source_head0,227,6.929620742797852,0.0,32
D,source_head0,228,6.930197238922119,0.0,32
D,source_head0,229,6.930839538574219,0.0,32
D,source_head0,230,6.9330315589904785,0.0,32
D,source_head0,231,6.931600570678711,0.0,32
D,source_head0,232,6.9322896003723145,0.0,32
D,source_head0,233,6.941381454467773,0.0,32
D,source_head0,234,6.92609167098999,0.0,32
D,source_head0,235,6.936827182769775,0.0,32
D,source_head0,236,6.929074287414551,0.0,32
D,source_head0,237,6.93768310546875,0.0,32
D,source_head0,238,6.927251815795898,0.0,32
D,source_head0,239,6.921270370483398,0.0,32
D,source_head0,240,6.942909240722656,0.0,32
D,source_head0,241,6.936439037322998,0.0,32
D,source_head0,242,6.920868396759033,0.0,32
D,source_head0,243,6.936423301696777,0.0,32
D,source_head0,244,6.93256950378418,0.0,32
D,source_head0,245,6.925745487213135,0.0,32
D,source_head0,246,6.926573753356934,0.0,32
D,source_head0,247,6.932379722595215,0.0,32
D,source_head0,248,6.937252044677734,0.0,32
D,source_head0,249,6.929115295410156,0.0,32
D,source_head0,250,6.933141708374023,0.0,32
D,source_head0,251,6.927019119262695,0.0,32
D,source_head0,252,6.938620090484619,0.0,32
D,source_head0,253,6.93826150894165,0.0,32
D,source_head0,254,6.935817241668701,0.0,32
D,source_head0,255,6.938499450683594,0.0,32
D,source_head1,224,6.9290056228637695,0.0,32
D,source_head1,225,6.9391913414001465,0.0,32
D,source_head1,226,6.936548233032227,0.03125,32
D,source_head1,227,6.929620742797852,0.0,32
D,source_head1,228,6.930197238922119,0.0,32
D,source_head1,229,6.930839538574219,0.0,32
D,source_head1,230,6.9330315589904785,0.0,32
D,source_head1,231,6.931600570678711,0.0,32
D,source_head1,232,6.9322896003723145,0.0,32
D,source_head1,233,6.941381454467773,0.0,32
D,source_head1,234,6.92609167098999,0.0,32
D,source_head1,235,6.936827182769775,0.0,32
D,source_head1,236,6.929074287414551,0.0,32
D,source_head1,237,6.93768310546875,0.0,32
D,source_head1,238,6.927251815795898,0.0,32
D,source_head1,239,6.921270370483398,0.0,32
D,source_head1,240,6.942909240722656,0.0,32
D,source_head1,241,6.936439037322998,0.0,32
D,source_head1,242,6.920868396759033,0.0,32
D,source_head1,243,6.936423301696777,0.0,32
D,source_head1,244,6.93256950378418,0.0,32
D,source_head1,245,6.925745487213135,0.0,32
D,source_head1,246,6.926573753356934,0.0,32
D,source_head1,247,6.932379722595215,0.0,32
D,source_head1,248,6.937252044677734,0.0,32
D,source_head1,249,6.929115295410156,0.0,32
D,source_head1,250,6.933141708374023,0.0,32
D,source_head1,251,6.927019119262695,0.0,32
D,source_head1,252,6.938620090484619,0.0,32
D,source_head1,253,6.93826150894165,0.0,32
D,source_head1,254,6.935817241668701,0.0,32
D,source_head1,255,6.938499450683594,0.0,32
D,source_both,224,6.9290056228637695,0.0,32
D,source_both,225,6.9391913414001465,0.0,32
D,source_both,226,6.936548233032227,0.03125,32
D,source_both,227,6.929620742797852,0.0,32
D,source_both,228,6.930197238922119,0.0,32
D,source_both,229,6.930839538574219,0.0,32
D,source_both,230,6.9330315589904785,0.0,32
D,source_both,231,6.931600570678711,0.0,32
D,source_both,232,6.9322896003723145,0.0,32
D,source_both,233,6.941381454467773,0.0,32
D,source_both,234,6.92609167098999,0.0,32
D,source_both,235,6.936827182769775,0.0,32
D,source_both,236,6.929074287414551,0.0,32
D,source_both,237,6.93768310546875,0.0,32
D,source_both,238,6.927251815795898,0.0,32
D,source_both,239,6.921270370483398,0.0,32
D,source_both,240,6.942909240722656,0.0,32
D,source_both,241,6.936439037322998,0.0,32
D,source_both,242,6.920868396759033,0.0,32
D,source_both,243,6.936423301696777,0.0,32
D,source_both,244,6.93256950378418,0.0,32
D,source_both,245,6.925745487213135,0.0,32
D,source_both,246,6.926573753356934,0.0,32
D,source_both,247,6.932379722595215,0.0,32
D,source_both,248,6.937252044677734,0.0,32
D,source_both,249,6.929115295410156,0.0,32
D,source_both,250,6.933141708374023,0.0,32
D,source_both,251,6.927019119262695,0.0,32
D,source_both,252,6.938620090484619,0.0,32
D,source_both,253,6.93826150894165,0.0,32
D,source_both,254,6.935817241668701,0.0,32
D,source_both,255,6.938499450683594,0.0,32
